feature_type	feature	nonzero	auroc	auroc_permuted	delta_auroc	pval_auroc	fdr_pval_auroc
degree	CbG	0.98808	0.54778	0.54904	-0.0012571	0.54022	0.64657
DWPC	CbG<rG<rGaD	0.84185	0.64161	0.5749	0.066707	6.3953e-05	0.001563
DWPC	CbG<rG<rGdD	0.37907	0.58289	0.55856	0.024336	0.00025452	0.0030794
DWPC	CbG<rG<rGuD	0.3849	0.58248	0.56778	0.014707	0.015628	0.045216
DWPC	CbG<rGaD	0.45483	0.6133	0.57658	0.036724	0.00039022	0.0040757
DWPC	CbG<rGaDrD	0.62861	0.55584	0.5186	0.03724	0.012612	0.039173
DWPC	CbG<rGbCpD	0.14066	0.55832	0.53833	0.019989	0.0073317	0.026986
DWPC	CbG<rGbCtD	0.3751	0.60629	0.58137	0.024928	0.0070578	0.026135
DWPC	CbG<rGcGaD	0.56689	0.61689	0.57473	0.042159	0.00062575	0.0056226
DWPC	CbG<rGcGdD	0.27444	0.56752	0.5402	0.027318	0.00072039	0.0060712
DWPC	CbG<rGcGuD	0.26702	0.56759	0.55009	0.017499	0.0067381	0.025103
DWPC	CbG<rGdAlD	0.72106	0.58279	0.5311	0.051698	0.0049295	0.019881
DWPC	CbG<rGdCpD	0.18384	0.56169	0.54038	0.021312	0.011568	0.037201
DWPC	CbG<rGdCtD	0.60397	0.62296	0.59708	0.025877	0.0035921	0.016116
DWPC	CbG<rGdD	0.20265	0.55945	0.53014	0.02931	0.0021747	0.01166
DWPC	CbG<rGdDrD	0.42887	0.54465	0.50807	0.036579	0.029372	0.068892
DWPC	CbG<rGeAlD	0.87523	0.59579	0.53764	0.058151	4.1366e-05	0.0012961
DWPC	CbG<rGiGaD	0.81139	0.63443	0.57416	0.060267	2.0484e-05	0.00078224
DWPC	CbG<rGiGdD	0.36636	0.57264	0.55698	0.01566	0.0016849	0.0099406
DWPC	CbG<rGiGuD	0.36662	0.58685	0.5642	0.022652	4.8278e-05	0.0013838
DWPC	CbG<rGr>GaD	0.84715	0.64516	0.57931	0.065848	1.255e-05	0.00061345
DWPC	CbG<rGr>GdD	0.38305	0.57563	0.56411	0.011526	0.0045112	0.01856
DWPC	CbG<rGr>GuD	0.39921	0.59232	0.5735	0.018822	0.0001645	0.0024514
DWPC	CbG<rGuAlD	0.71682	0.58097	0.53235	0.048613	0.004271	0.017813
DWPC	CbG<rGuCpD	0.16583	0.55292	0.53316	0.019756	0.0097598	0.033314
DWPC	CbG<rGuCtD	0.57775	0.65034	0.60385	0.04649	0.00012067	0.0022015
DWPC	CbG<rGuD	0.21007	0.55508	0.53384	0.021245	0.00092675	0.0069615
DWPC	CbG<rGuDrD	0.44344	0.5438	0.50861	0.035189	0.049761	0.10051
DWPC	CbGaD	0.31444	0.71627	0.57794	0.13832	2.9403e-06	0.00025664
DWPC	CbGaDaGaD	0.97907	0.69692	0.63362	0.063299	0.00018104	0.0025725
DWPC	CbGaDaGdD	0.44212	0.57487	0.56826	0.0066115	0.011917	0.037629
DWPC	CbGaDaGuD	0.4453	0.5823	0.57894	0.0033554	0.06617	0.12597
DWPC	CbGaDdGaD	0.90517	0.65723	0.62967	0.027567	0.00098781	0.0070591
DWPC	CbGaDdGdD	0.41589	0.57885	0.57007	0.0087837	0.011025	0.036303
DWPC	CbGaDdGuD	0.40954	0.57346	0.57693	-0.003472	0.45158	0.56741
DWPC	CbGaDlAlD	0.95868	0.64388	0.56592	0.077958	0.00022826	0.0028938
DWPC	CbGaDpCpD	0.2747	0.57319	0.58138	-0.0081883	0.057532	0.11231
DWPC	CbGaDpCtD	0.35947	0.62076	0.61633	0.0044223	0.73755	0.80044
DWPC	CbGaDpSpD	0.96397	0.63289	0.55589	0.077001	0.00023207	0.0028938
DWPC	CbGaDrD	0.57669	0.63767	0.51695	0.12073	0.00061237	0.0055844
DWPC	CbGaDrDrD	0.80424	0.60182	0.51421	0.087608	0.00032702	0.0037348
DWPC	CbGaDtCpD	0.19603	0.55798	0.5519	0.0060791	0.21997	0.32425
DWPC	CbGaDtCtD	0.71921	0.7099	0.64746	0.062446	0.00037128	0.0039799
DWPC	CbGaDuGaD	0.90993	0.65517	0.6332	0.021966	0.015076	0.044249
DWPC	CbGaDuGdD	0.39682	0.56848	0.56898	-0.00050778	0.84046	0.87185
DWPC	CbGaDuGuD	0.41669	0.57955	0.5856	-0.0060517	0.15707	0.24766
DWPC	CbGbCbGaD	0.91417	0.68464	0.65548	0.02916	0.0023545	0.012032
DWPC	CbGbCbGdD	0.37298	0.54638	0.56918	-0.0228	0.0035562	0.016077
DWPC	CbGbCbGuD	0.39258	0.57693	0.5696	0.0073292	0.027062	0.065097
DWPC	CbGbCdGaD	0.87735	0.66265	0.65168	0.010977	0.054445	0.10783
DWPC	CbGbCdGdD	0.3796	0.56297	0.56844	-0.00547	0.19155	0.28969
DWPC	CbGbCdGuD	0.43444	0.59786	0.58294	0.014919	0.0066853	0.024983
DWPC	CbGbCpD	0.33245	0.58801	0.59321	-0.0052003	0.25548	0.36729
DWPC	CbGbCpDrD	0.6204	0.53955	0.5256	0.013952	0.49226	0.60033
DWPC	CbGbCrCpD	0.36821	0.59561	0.59032	0.0052918	0.5191	0.62993
DWPC	CbGbCrCtD	0.7494	0.83199	0.68023	0.15176	3.3941e-06	0.00026645
DWPC	CbGbCtD	0.7298	0.86666	0.66722	0.19945	2.9985e-07	7.3284e-05
DWPC	CbGbCtDrD	0.79232	0.69757	0.50936	0.18821	5.1036e-05	0.0013859
DWPC	CbGbCuGaD	0.92	0.66633	0.65614	0.010193	0.082567	0.15104
DWPC	CbGbCuGdD	0.41589	0.57565	0.56978	0.0058711	0.077356	0.14258
DWPC	CbGbCuGuD	0.40821	0.58707	0.58205	0.005016	0.10902	0.18555
DWPC	CbGcG<rGaD	0.72768	0.5933	0.60559	-0.012291	0.0017105	0.0099978
DWPC	CbGcG<rGdD	0.32	0.53659	0.5495	-0.012909	0.016012	0.045931
DWPC	CbGcG<rGuD	0.32185	0.54643	0.56172	-0.015283	0.019048	0.050711
DWPC	CbGcGaD	0.24	0.55463	0.56013	-0.0054991	0.19404	0.29238
DWPC	CbGcGaDrD	0.49589	0.49591	0.51104	-0.015128	0.03106	0.071345
DWPC	CbGcGbCpD	0.02649	0.50753	0.51344	-0.0059129	0.316	0.43023
DWPC	CbGcGbCtD	0.15656	0.54754	0.55851	-0.010966	0.18513	0.28207
DWPC	CbGcGcGaD	0.67576	0.58265	0.61785	-0.035199	1.4015e-05	0.00062274
DWPC	CbGcGcGdD	0.33563	0.55115	0.56551	-0.014364	0.00075236	0.0062544
DWPC	CbGcGcGuD	0.33298	0.54103	0.57552	-0.034491	0.0015254	0.0094567
DWPC	CbGcGdAlD	0.76768	0.56109	0.54787	0.013227	0.17563	0.27064
DWPC	CbGcGdCpD	0.05404	0.51252	0.51289	-0.00036788	0.86875	0.89739
DWPC	CbGcGdCtD	0.27232	0.54747	0.60529	-0.057824	0.00052282	0.0051382
DWPC	CbGcGdD	0.10781	0.50345	0.5196	-0.016154	0.0074998	0.027439
DWPC	CbGcGdDrD	0.34252	0.48151	0.50493	-0.023421	0.026322	0.06446
DWPC	CbGcGeAlD	0.93325	0.5644	0.55842	0.0059801	0.31637	0.43023
DWPC	CbGcGiGaD	0.78066	0.61851	0.60194	0.016568	0.0050584	0.020201
DWPC	CbGcGiGdD	0.32609	0.54295	0.55529	-0.01234	0.039007	0.083772
DWPC	CbGcGiGuD	0.32424	0.53128	0.55996	-0.028683	0.0013656	0.0087828
DWPC	CbGcGr>GaD	0.70914	0.60027	0.60277	-0.0024998	0.64406	0.73135
DWPC	CbGcGr>GdD	0.33404	0.54105	0.5564	-0.015345	0.0096036	0.032873
DWPC	CbGcGr>GuD	0.33351	0.54302	0.56196	-0.018935	0.021587	0.054956
DWPC	CbGcGuAlD	0.7751	0.56061	0.54871	0.011898	0.29586	0.40898
DWPC	CbGcGuCpD	0.072318	0.51552	0.51221	0.0033154	0.25623	0.36793
DWPC	CbGcGuCtD	0.40371	0.57643	0.61083	-0.034402	0.0018551	0.010544
DWPC	CbGcGuD	0.1343	0.51132	0.51904	-0.0077179	0.045091	0.09292
DWPC	CbGcGuDrD	0.34411	0.49071	0.50882	-0.01811	0.1851	0.28207
DWPC	CbGdAdGaD	0.97616	0.65883	0.63847	0.02036	0.0060068	0.023156
DWPC	CbGdAdGdD	0.47417	0.5804	0.57538	0.0050135	0.11107	0.18799
DWPC	CbGdAdGuD	0.48927	0.59546	0.59398	0.0014774	0.56897	0.67242
DWPC	CbGdAeGaD	0.97642	0.65072	0.63828	0.012447	0.036468	0.079577
DWPC	CbGdAeGdD	0.47417	0.58018	0.57555	0.0046282	0.14609	0.23336
DWPC	CbGdAeGuD	0.48954	0.5931	0.5946	-0.0014913	0.55318	0.65757
DWPC	CbGdAlD	0.72265	0.56243	0.53981	0.022621	0.060067	0.11633
DWPC	CbGdAlDrD	0.88212	0.5003	0.51566	-0.015357	0.098129	0.17155
DWPC	CbGdAuGaD	0.97642	0.64947	0.63844	0.01103	0.043716	0.091488
DWPC	CbGdAuGdD	0.47417	0.58054	0.57482	0.0057191	0.090254	0.16169
DWPC	CbGdAuGuD	0.48927	0.59349	0.59469	-0.0012003	0.62749	0.72202
DWPC	CbGdCbGaD	0.34967	0.59326	0.55568	0.037577	0.0023628	0.012032
DWPC	CbGdCbGdD	0.13192	0.5438	0.52199	0.021817	0.0035158	0.015971
DWPC	CbGdCbGuD	0.13351	0.54249	0.51968	0.022813	0.0030819	0.014541
DWPC	CbGdCdGaD	0.44927	0.61358	0.55358	0.06	1.4917e-05	0.00062857
DWPC	CbGdCdGdD	0.20265	0.5572	0.54391	0.013288	0.012303	0.03855
DWPC	CbGdCdGuD	0.21801	0.56062	0.54606	0.01456	0.0098968	0.033594
DWPC	CbGdCpD	0.017483	0.5098	0.50443	0.0053694	0.011909	0.037629
DWPC	CbGdCpDrD	0.055099	0.51589	0.50681	0.0090876	0.14716	0.23477
DWPC	CbGdCrCpD	0.055099	0.53305	0.51619	0.016854	0.035171	0.077162
DWPC	CbGdCrCtD	0.16583	0.6331	0.54289	0.090207	5.5553e-05	0.0014758
DWPC	CbGdCtD	0.1245	0.57836	0.54504	0.033319	0.00012095	0.0022015
DWPC	CbGdCtDrD	0.21987	0.57229	0.50915	0.06314	0.00034105	0.0038589
DWPC	CbGdCuGaD	0.4649	0.60631	0.54895	0.057363	2.5617e-05	0.00092071
DWPC	CbGdCuGdD	0.21245	0.55201	0.54346	0.0085411	0.086443	0.15673
DWPC	CbGdCuGuD	0.20583	0.55031	0.5445	0.0058052	0.18894	0.28717
DWPC	CbGdD	0.055099	0.50585	0.5087	-0.0028515	0.056681	0.111
DWPC	CbGdDaGaD	0.83152	0.61705	0.58523	0.031824	0.0076399	0.027868
DWPC	CbGdDaGdD	0.32291	0.55477	0.54676	0.0080085	0.068602	0.12977
DWPC	CbGdDaGuD	0.33192	0.55668	0.55267	0.0040052	0.43471	0.55315
DWPC	CbGdDdGaD	0.77139	0.63737	0.59983	0.037536	0.00067058	0.0058502
DWPC	CbGdDdGdD	0.35682	0.56299	0.56007	0.0029165	0.45996	0.57383
DWPC	CbGdDdGuD	0.35179	0.55844	0.55805	0.00039082	0.9255	0.9409
DWPC	CbGdDlAlD	0.7645	0.58793	0.54212	0.045814	0.0029649	0.014208
DWPC	CbGdDpCpD	0.14066	0.5418	0.53642	0.0053802	0.4428	0.56189
DWPC	CbGdDpCtD	0.18728	0.57762	0.56498	0.012644	0.30207	0.41616
DWPC	CbGdDpSpD	0.7698	0.57492	0.53737	0.037546	0.0040214	0.017182
DWPC	CbGdDrD	0.21483	0.52188	0.49577	0.026113	0.0040063	0.017178
DWPC	CbGdDrDrD	0.49722	0.52652	0.50453	0.021992	0.012335	0.03855
DWPC	CbGdDtCpD	0.063576	0.53159	0.51518	0.016405	0.021254	0.054564
DWPC	CbGdDtCtD	0.40265	0.58437	0.6101	-0.025734	0.032819	0.073995
DWPC	CbGdDuGaD	0.79815	0.63254	0.59719	0.035346	0.0016582	0.0099024
DWPC	CbGdDuGdD	0.35391	0.56037	0.55559	0.0047864	0.26575	0.37762
DWPC	CbGdDuGuD	0.36795	0.57241	0.56687	0.0055372	0.20809	0.31131
DWPC	CbGeAdGaD	0.98596	0.65964	0.64424	0.015405	0.017831	0.048966
DWPC	CbGeAdGdD	0.47815	0.58404	0.57626	0.0077823	0.010151	0.034172
DWPC	CbGeAdGuD	0.49457	0.59772	0.59486	0.0028603	0.11817	0.19809
DWPC	CbGeAeGaD	0.98596	0.67826	0.64146	0.036806	0.0014063	0.0088771
DWPC	CbGeAeGdD	0.47841	0.58293	0.57647	0.0064575	0.027984	0.066529
DWPC	CbGeAeGuD	0.49457	0.59663	0.59538	0.0012516	0.48522	0.59412
DWPC	CbGeAlD	0.94093	0.64292	0.55968	0.083242	0.00013012	0.0022716
DWPC	CbGeAlDrD	0.94808	0.57726	0.5142	0.063066	0.00035563	0.0039152
DWPC	CbGeAuGaD	0.98596	0.66974	0.64373	0.026018	0.0033089	0.015201
DWPC	CbGeAuGdD	0.47815	0.58514	0.57585	0.0092932	0.0062583	0.023861
DWPC	CbGeAuGuD	0.4943	0.59823	0.59525	0.0029726	0.10603	0.1825
DWPC	CbGiG<rGaD	0.93722	0.64026	0.61401	0.02625	0.010924	0.036177
DWPC	CbGiG<rGdD	0.42411	0.5723	0.56612	0.0061874	0.037279	0.080914
DWPC	CbGiG<rGuD	0.41775	0.57322	0.57722	-0.0039962	0.25494	0.36695
DWPC	CbGiGaD	0.6294	0.67207	0.59273	0.079338	0.00015574	0.0024332
DWPC	CbGiGaDrD	0.82596	0.56558	0.51992	0.04566	0.026715	0.064774
DWPC	CbGiGbCpD	0.20609	0.57566	0.53804	0.037619	0.0019733	0.010965
DWPC	CbGiGbCtD	0.53298	0.69864	0.60396	0.094679	6.0954e-05	0.0015518
DWPC	CbGiGcGaD	0.72556	0.60678	0.60597	0.00081632	0.81801	0.85877
DWPC	CbGiGcGdD	0.36132	0.56321	0.55413	0.0090815	0.065655	0.12562
DWPC	CbGiGcGuD	0.3857	0.56142	0.55733	0.0040963	0.41344	0.531
DWPC	CbGiGdAlD	0.82437	0.56432	0.54103	0.023291	0.073068	0.13611
DWPC	CbGiGdCpD	0.16079	0.5308	0.53999	-0.0091902	0.040562	0.086529
DWPC	CbGiGdCtD	0.62675	0.63617	0.63125	0.0049184	0.68981	0.76423
DWPC	CbGiGdD	0.25801	0.54691	0.53829	0.0086173	0.13272	0.21663
DWPC	CbGiGdDrD	0.5502	0.50694	0.50836	-0.0014177	0.92366	0.93981
DWPC	CbGiGeAlD	0.97086	0.59297	0.55186	0.041106	0.00038337	0.0040386
DWPC	CbGiGiGaD	0.97722	0.6818	0.62517	0.056635	0.00020879	0.0028349
DWPC	CbGiGiGdD	0.46172	0.57536	0.57471	0.0006498	0.77347	0.82548
DWPC	CbGiGiGuD	0.46755	0.5946	0.59178	0.0028198	0.31651	0.43023
DWPC	CbGiGr>GaD	0.91921	0.6347	0.61697	0.01773	0.026459	0.064537
DWPC	CbGiGr>GdD	0.41325	0.56922	0.56948	-0.00025626	0.95075	0.9586
DWPC	CbGiGr>GuD	0.41404	0.57023	0.58027	-0.010044	0.034458	0.076283
DWPC	CbGiGuAlD	0.82358	0.58703	0.53959	0.047436	0.0090752	0.031685
DWPC	CbGiGuCpD	0.17589	0.54039	0.53409	0.0062952	0.31607	0.43023
DWPC	CbGiGuCtD	0.61616	0.58917	0.63484	-0.045667	0.0035654	0.016077
DWPC	CbGiGuD	0.26834	0.5515	0.54086	0.010634	0.0034173	0.01564
DWPC	CbGiGuDrD	0.54596	0.52563	0.50513	0.020494	0.25797	0.3687
DWPC	CbGpBPpGaD	0.98781	0.67417	0.63939	0.03478	0.0026302	0.013012
DWPC	CbGpBPpGdD	0.46861	0.57484	0.57628	-0.0014411	0.25759	0.3687
DWPC	CbGpBPpGuD	0.46199	0.58496	0.59114	-0.0061832	0.093195	0.16506
DWPC	CbGpCCpGaD	0.95709	0.6392	0.63334	0.0058605	0.36378	0.48139
DWPC	CbGpCCpGdD	0.45801	0.57256	0.575	-0.0024395	0.11102	0.18799
DWPC	CbGpCCpGuD	0.43682	0.57453	0.58767	-0.013137	0.00035963	0.0039238
DWPC	CbGpMFpGaD	0.97616	0.68124	0.64831	0.032928	0.0015548	0.0094567
DWPC	CbGpMFpGdD	0.45616	0.5725	0.57481	-0.0023133	0.28872	0.40143
DWPC	CbGpMFpGuD	0.45854	0.59311	0.58864	0.0044742	0.065733	0.12562
DWPC	CbGpPWpGaD	0.97934	0.69995	0.64155	0.058402	3.401e-05	0.0010937
DWPC	CbGpPWpGdD	0.44318	0.57409	0.57289	0.0011983	0.65878	0.74265
DWPC	CbGpPWpGuD	0.44609	0.58349	0.58919	-0.0057022	0.12969	0.21273
DWPC	CbGr>G<rGaD	0.90013	0.6473	0.59632	0.050982	0.00085175	0.0067587
DWPC	CbGr>G<rGdD	0.40424	0.58015	0.56743	0.012725	0.026703	0.064774
DWPC	CbGr>G<rGuD	0.41748	0.58517	0.5784	0.0067678	0.26763	0.37896
DWPC	CbGr>GaD	0.59311	0.63275	0.5928	0.039949	0.0027397	0.013285
DWPC	CbGr>GaDrD	0.76795	0.55738	0.51881	0.038575	0.064767	0.12464
DWPC	CbGr>GbCpD	0.12503	0.53047	0.54807	-0.017608	0.016971	0.047785
DWPC	CbGr>GbCtD	0.4694	0.62379	0.61406	0.0097252	0.024041	0.059712
DWPC	CbGr>GcGaD	0.72344	0.62736	0.59608	0.03128	0.0039532	0.017042
DWPC	CbGr>GcGdD	0.33801	0.56748	0.5568	0.01068	0.035127	0.077162
DWPC	CbGr>GcGuD	0.34755	0.57397	0.56339	0.010582	0.057077	0.1116
DWPC	CbGr>GdAlD	0.75868	0.57768	0.53175	0.045931	0.014365	0.04313
DWPC	CbGr>GdCpD	0.32	0.57258	0.56606	0.0065249	0.30974	0.42433
DWPC	CbGr>GdCtD	0.83205	0.65217	0.62231	0.029861	0.020872	0.053943
DWPC	CbGr>GdD	0.27974	0.55268	0.54015	0.012526	0.045067	0.09292
DWPC	CbGr>GdDrD	0.57298	0.5331	0.50242	0.030674	0.14018	0.22599
DWPC	CbGr>GeAlD	0.89007	0.59179	0.5393	0.05249	0.0020483	0.011275
DWPC	CbGr>GiGaD	0.88662	0.6378	0.59368	0.044124	0.00096875	0.0070048
DWPC	CbGr>GiGdD	0.40026	0.57305	0.5654	0.0076499	0.13954	0.22525
DWPC	CbGr>GiGuD	0.39391	0.57388	0.57452	-0.0006398	0.76208	0.8169
DWPC	CbGr>Gr>GaD	0.87788	0.63868	0.59764	0.041042	0.0014001	0.0088771
DWPC	CbGr>Gr>GdD	0.3955	0.5717	0.56798	0.0037192	0.36479	0.48192
DWPC	CbGr>Gr>GuD	0.40556	0.57738	0.5778	-0.00041463	0.92813	0.94201
DWPC	CbGr>GuAlD	0.75868	0.58016	0.53233	0.047831	0.014705	0.04372
DWPC	CbGr>GuCpD	0.31762	0.58086	0.55337	0.027495	0.0031989	0.014863
DWPC	CbGr>GuCtD	0.78993	0.63941	0.62271	0.016691	0.10349	0.17913
DWPC	CbGr>GuD	0.29007	0.5629	0.54258	0.020317	0.00018008	0.0025725
DWPC	CbGr>GuDrD	0.58119	0.52739	0.50397	0.023426	0.24555	0.35637
DWPC	CbGuAdGaD	0.97642	0.65093	0.63938	0.011554	0.059096	0.11463
DWPC	CbGuAdGdD	0.47391	0.58168	0.57581	0.0058697	0.027698	0.065978
DWPC	CbGuAdGuD	0.48874	0.59497	0.59441	0.0005616	0.73535	0.79946
DWPC	CbGuAeGaD	0.97642	0.66387	0.63848	0.025385	0.0085258	0.030286
DWPC	CbGuAeGdD	0.47417	0.58217	0.5758	0.0063732	0.017463	0.048501
DWPC	CbGuAeGuD	0.48901	0.59554	0.5948	0.00073549	0.63904	0.72914
DWPC	CbGuAlD	0.71126	0.61791	0.54938	0.068528	0.0019832	0.010966
DWPC	CbGuAlDrD	0.87338	0.57324	0.51481	0.058426	0.00069683	0.0059134
DWPC	CbGuAuGaD	0.97642	0.67094	0.63903	0.031905	0.0031863	0.014861
DWPC	CbGuAuGdD	0.47311	0.58273	0.57505	0.0076821	0.0078715	0.02847
DWPC	CbGuAuGuD	0.48742	0.59646	0.59469	0.0017723	0.28695	0.40029
DWPC	CbGuCbGaD	0.47576	0.61054	0.56617	0.044376	0.00014253	0.0022917
DWPC	CbGuCbGdD	0.1698	0.55298	0.5324	0.020574	0.00024578	0.0030236
DWPC	CbGuCbGuD	0.16662	0.5358	0.53177	0.0040252	0.13278	0.21663
DWPC	CbGuCdGaD	0.57563	0.62796	0.5666	0.061358	6.994e-05	0.0016758
DWPC	CbGuCdGdD	0.2702	0.57709	0.54959	0.027505	0.00067503	0.0058502
DWPC	CbGuCdGuD	0.27815	0.57847	0.55622	0.022253	0.0018066	0.010365
DWPC	CbGuCpD	0.022517	0.51233	0.5078	0.0045308	0.026885	0.065015
DWPC	CbGuCpDrD	0.059338	0.52148	0.51656	0.00492	0.34964	0.46644
DWPC	CbGuCrCpD	0.073377	0.53106	0.52954	0.0015245	0.77686	0.82765
DWPC	CbGuCrCtD	0.21086	0.6048	0.57283	0.031974	4.8695e-05	0.0013838
DWPC	CbGuCtD	0.15841	0.59692	0.57036	0.026557	0.0026863	0.013131
DWPC	CbGuCtDrD	0.29404	0.56043	0.51703	0.043394	0.0023601	0.012032
DWPC	CbGuCuGaD	0.61483	0.64499	0.56544	0.079553	1.2362e-05	0.00061345
DWPC	CbGuCuGdD	0.27841	0.58403	0.55196	0.032074	7.1328e-05	0.0016762
DWPC	CbGuCuGuD	0.27682	0.57362	0.55735	0.016267	0.0043583	0.018115
DWPC	CbGuD	0.049007	0.51566	0.50663	0.0090349	0.0011173	0.0077135
DWPC	CbGuDaGaD	0.75735	0.64415	0.58147	0.062681	0.0028778	0.013845
DWPC	CbGuDaGdD	0.27682	0.55847	0.54511	0.013366	0.033288	0.074776
DWPC	CbGuDaGuD	0.29881	0.56589	0.55228	0.013611	0.018981	0.050711
DWPC	CbGuDdGaD	0.70384	0.62487	0.5914	0.03347	0.015474	0.045129
DWPC	CbGuDdGdD	0.33457	0.56826	0.55733	0.010923	0.021544	0.054956
DWPC	CbGuDdGuD	0.32185	0.55744	0.55841	-0.00096855	0.67475	0.75301
DWPC	CbGuDlAlD	0.67841	0.59131	0.54181	0.049492	0.0062678	0.023861
DWPC	CbGuDpCpD	0.079205	0.5333	0.52795	0.0053494	0.20814	0.31131
DWPC	CbGuDpCtD	0.09457	0.52702	0.56358	-0.036558	0.01164	0.037332
DWPC	CbGuDpSpD	0.70993	0.59494	0.53381	0.061134	0.0020738	0.011314
DWPC	CbGuDrD	0.15788	0.53343	0.50533	0.028093	0.0037158	0.016506
DWPC	CbGuDrDrD	0.40291	0.55665	0.50629	0.050354	0.0013345	0.0087205
DWPC	CbGuDtCpD	0.046623	0.52871	0.51599	0.012728	0.010062	0.033967
DWPC	CbGuDtCtD	0.31391	0.63401	0.59819	0.035825	0.017248	0.048342
DWPC	CbGuDuGaD	0.73748	0.64657	0.59094	0.055625	0.004526	0.01856
DWPC	CbGuDuGdD	0.32768	0.56551	0.55207	0.013442	0.017511	0.048524
DWPC	CbGuDuGuD	0.34252	0.57564	0.56575	0.0098926	0.011867	0.037629
degree	CcSE	0.9547	0.56452	0.56834	-0.0038218	0.044426	0.092326
DWPC	CcSEcCbGaD	0.9547	0.65303	0.66221	-0.0091743	0.092216	0.16379
DWPC	CcSEcCbGdD	0.43656	0.55959	0.57191	-0.01232	0.034775	0.076705
DWPC	CcSEcCbGuD	0.41483	0.56599	0.57042	-0.0044299	0.40883	0.52699
DWPC	CcSEcCdGaD	0.93086	0.65238	0.66638	-0.014	0.042577	0.089396
DWPC	CcSEcCdGdD	0.40583	0.55415	0.56885	-0.014703	0.011771	0.037475
DWPC	CcSEcCdGuD	0.44397	0.58983	0.58278	0.0070558	0.13916	0.22495
DWPC	CcSEcCpD	0.48185	0.59759	0.60159	-0.0040005	0.53989	0.64657
DWPC	CcSEcCpDrD	0.73616	0.52286	0.53486	-0.012003	0.60014	0.69895
DWPC	CcSEcCrCpD	0.4649	0.59635	0.59382	0.0025352	0.69719	0.76961
DWPC	CcSEcCrCtD	0.86781	0.77114	0.69261	0.078531	5.7797e-05	0.0015027
DWPC	CcSEcCtD	0.95046	0.81335	0.69989	0.11347	7.3287e-07	0.00012794
DWPC	CcSEcCtDrD	0.90967	0.62907	0.51438	0.11469	0.00052564	0.0051382
DWPC	CcSEcCuGaD	0.94384	0.66573	0.66856	-0.0028266	0.47374	0.58654
DWPC	CcSEcCuGdD	0.43417	0.57016	0.56962	0.000548	0.89409	0.91583
DWPC	CcSEcCuGuD	0.41589	0.58463	0.58384	0.00079387	0.74983	0.80873
degree	CdG	0.67179	0.58547	0.58605	-0.00058791	0.79938	0.84502
DWPC	CdG<rG<rGaD	0.6694	0.61947	0.61978	-0.0003045	0.8707	0.89864
DWPC	CdG<rG<rGdD	0.30411	0.58675	0.57751	0.0092349	0.031673	0.072209
DWPC	CdG<rG<rGuD	0.31444	0.58927	0.58845	0.00081983	0.8575	0.88726
DWPC	CdG<rGaD	0.64742	0.62308	0.61923	0.0038512	0.090006	0.16151
DWPC	CdG<rGaDrD	0.64715	0.57053	0.57641	-0.0058797	0.45973	0.57383
DWPC	CdG<rGbCpD	0.29113	0.59665	0.59287	0.0037757	0.33253	0.44703
DWPC	CdG<rGbCtD	0.60371	0.62273	0.6329	-0.010172	0.026266	0.064451
DWPC	CdG<rGcGaD	0.66119	0.61429	0.62098	-0.0066893	0.040768	0.086641
DWPC	CdG<rGcGdD	0.30066	0.58103	0.57927	0.0017609	0.28749	0.40059
DWPC	CdG<rGcGuD	0.31417	0.58936	0.5919	-0.0025353	0.12361	0.20551
DWPC	CdG<rGdAlD	0.56185	0.57985	0.5825	-0.0026488	0.6636	0.74465
DWPC	CdG<rGdCpD	0.28026	0.57835	0.58066	-0.0023024	0.66404	0.74465
DWPC	CdG<rGdCtD	0.64238	0.61154	0.63202	-0.020478	0.0051891	0.020588
DWPC	CdG<rGdD	0.29166	0.58167	0.57613	0.0055406	0.10715	0.18339
DWPC	CdG<rGdDrD	0.49007	0.55088	0.54491	0.00597	0.68063	0.75681
DWPC	CdG<rGeAlD	0.66358	0.59218	0.59125	0.00093361	0.74054	0.80297
DWPC	CdG<rGiGaD	0.67179	0.61782	0.61857	-0.0007526	0.69453	0.76807
DWPC	CdG<rGiGdD	0.32344	0.58666	0.58001	0.0066469	0.046584	0.095552
DWPC	CdG<rGiGuD	0.33139	0.59436	0.59393	0.00043533	0.83671	0.8704
DWPC	CdG<rGr>GaD	0.66967	0.61806	0.6207	-0.002637	0.13876	0.22459
DWPC	CdG<rGr>GdD	0.30861	0.58399	0.57947	0.004518	0.089096	0.16021
DWPC	CdG<rGr>GuD	0.32397	0.5939	0.59548	-0.0015746	0.57742	0.67978
DWPC	CdG<rGuAlD	0.56185	0.57954	0.58238	-0.0028351	0.68205	0.7577
DWPC	CdG<rGuCpD	0.26199	0.5795	0.56786	0.011644	0.21723	0.32059
DWPC	CdG<rGuCtD	0.63152	0.61311	0.63191	-0.0188	0.014529	0.043305
DWPC	CdG<rGuD	0.29192	0.58017	0.58405	-0.0038872	0.42736	0.54627
DWPC	CdG<rGuDrD	0.49457	0.55395	0.54584	0.0081125	0.57151	0.67389
DWPC	CdGaD	0.1796	0.60385	0.58535	0.018499	0.00021592	0.0028679
DWPC	CdGaDaGaD	0.58914	0.61885	0.60776	0.01109	0.0022757	0.011982
DWPC	CdGaDaGdD	0.26623	0.58107	0.5706	0.010462	0.003021	0.014396
DWPC	CdGaDaGuD	0.26596	0.58477	0.57869	0.0060753	0.0087993	0.03081
DWPC	CdGaDdGaD	0.51841	0.61232	0.60355	0.0087654	0.097092	0.17065
DWPC	CdGaDdGdD	0.24689	0.57857	0.56536	0.013206	0.0015338	0.0094567
DWPC	CdGaDdGuD	0.24053	0.56563	0.57039	-0.0047637	0.28495	0.39862
DWPC	CdGaDlAlD	0.56238	0.59783	0.58769	0.010135	0.017992	0.049296
DWPC	CdGaDpCpD	0.15709	0.56713	0.57167	-0.0045475	0.26017	0.37142
DWPC	CdGaDpCtD	0.17192	0.56647	0.60789	-0.041423	0.0012505	0.0083226
DWPC	CdGaDpSpD	0.56318	0.59728	0.58732	0.0099618	0.012206	0.038375
DWPC	CdGaDrD	0.31311	0.57051	0.55616	0.014352	0.08304	0.15145
DWPC	CdGaDrDrD	0.44503	0.58585	0.56786	0.017982	0.0011169	0.0077135
DWPC	CdGaDtCpD	0.10702	0.55365	0.54708	0.0065697	0.12953	0.21273
DWPC	CdGaDtCtD	0.39629	0.61392	0.62213	-0.0082061	0.07386	0.13717
DWPC	CdGaDuGaD	0.53881	0.62041	0.60162	0.018788	0.0074735	0.027425
DWPC	CdGaDuGdD	0.2355	0.57167	0.56505	0.0066252	0.012216	0.038375
DWPC	CdGaDuGuD	0.24689	0.57745	0.57609	0.0013573	0.74983	0.80873
DWPC	CdGbCbGaD	0.32265	0.60451	0.59712	0.0073913	0.070142	0.13207
DWPC	CdGbCbGdD	0.12901	0.55562	0.54535	0.010276	0.020138	0.052583
DWPC	CdGbCbGuD	0.13033	0.55225	0.54285	0.0094091	0.010009	0.033881
DWPC	CdGbCdGaD	0.28715	0.58765	0.58733	0.00032836	0.90772	0.92745
DWPC	CdGbCdGdD	0.14066	0.55765	0.54982	0.0078322	0.03846	0.082888
DWPC	CdGbCdGuD	0.14887	0.55899	0.55239	0.0066058	0.13145	0.21532
DWPC	CdGbCpD	0.0074172	0.49869	0.52078	-0.022092	0.00081519	0.0066199
DWPC	CdGbCpDrD	0.026755	0.49995	0.53673	-0.036779	0.00092331	0.0069615
DWPC	CdGbCrCpD	0.02702	0.50283	0.54361	-0.04078	0.00018624	0.0026159
DWPC	CdGbCrCtD	0.15497	0.61324	0.59411	0.01913	0.032534	0.073487
DWPC	CdGbCtD	0.12424	0.60132	0.56357	0.03775	0.00075771	0.0062562
DWPC	CdGbCtDrD	0.19788	0.57046	0.54323	0.027235	0.0001225	0.0022015
DWPC	CdGbCuGaD	0.3094	0.59311	0.58998	0.0031329	0.15365	0.24366
DWPC	CdGbCuGdD	0.14093	0.55611	0.54998	0.006127	0.027565	0.06579
DWPC	CdGbCuGuD	0.14331	0.55767	0.55038	0.0072895	0.05781	0.11267
DWPC	CdGcG<rGaD	0.48689	0.60984	0.60655	0.003286	0.48031	0.59108
DWPC	CdGcG<rGdD	0.21828	0.56733	0.56481	0.0025113	0.63514	0.72741
DWPC	CdGcG<rGuD	0.22252	0.56113	0.57171	-0.010574	0.13651	0.22154
DWPC	CdGcGaD	0.22861	0.59622	0.59448	0.0017386	0.70765	0.77688
DWPC	CdGcGaDrD	0.34781	0.56193	0.56416	-0.0022287	0.78708	0.83563
DWPC	CdGcGbCpD	0.06596	0.54497	0.54916	-0.0041903	0.38678	0.50423
DWPC	CdGcGbCtD	0.17351	0.58082	0.59574	-0.014924	0.010396	0.034709
DWPC	CdGcGcGaD	0.49695	0.6108	0.61214	-0.001338	0.80307	0.8466
DWPC	CdGcGcGdD	0.24053	0.56691	0.57367	-0.0067625	0.071475	0.13417
DWPC	CdGcGcGuD	0.24397	0.56702	0.58225	-0.01523	0.0087266	0.03067
DWPC	CdGcGdAlD	0.51232	0.57751	0.58058	-0.0030735	0.66378	0.74465
DWPC	CdGcGdCpD	0.072053	0.53584	0.53954	-0.0036924	0.46705	0.58051
DWPC	CdGcGdCtD	0.27921	0.59447	0.6163	-0.021834	0.0056413	0.022095
DWPC	CdGcGdD	0.12848	0.55568	0.54609	0.0095871	0.0039604	0.017042
DWPC	CdGcGdDrD	0.28291	0.5566	0.54726	0.0093455	0.33318	0.44741
DWPC	CdGcGeAlD	0.62702	0.59298	0.58784	0.0051323	0.2851	0.39862
DWPC	CdGcGiGaD	0.52556	0.61953	0.61276	0.006771	0.17428	0.26925
DWPC	CdGcGiGdD	0.24	0.56529	0.56791	-0.0026219	0.47994	0.59108
DWPC	CdGcGiGuD	0.23497	0.56842	0.57267	-0.0042536	0.20513	0.30758
DWPC	CdGcGr>GaD	0.47232	0.61272	0.6084	0.0043238	0.33139	0.44649
DWPC	CdGcGr>GdD	0.21881	0.5707	0.56711	0.0035877	0.46744	0.58051
DWPC	CdGcGr>GuD	0.22914	0.5703	0.57482	-0.0045159	0.44804	0.56626
DWPC	CdGcGuAlD	0.50199	0.58021	0.58002	0.00018947	0.98106	0.98348
DWPC	CdGcGuCpD	0.08106	0.5443	0.53224	0.012054	0.052945	0.10537
DWPC	CdGcGuCtD	0.27656	0.60142	0.61641	-0.014995	0.0036204	0.016147
DWPC	CdGcGuD	0.12821	0.55769	0.54688	0.010812	0.035717	0.078218
DWPC	CdGcGuDrD	0.28901	0.56319	0.54244	0.020749	0.098035	0.17155
DWPC	CdGdAdGaD	0.66172	0.61841	0.61603	0.0023742	0.42033	0.53841
DWPC	CdGdAdGdD	0.32344	0.58882	0.57925	0.0095738	0.023394	0.0587
DWPC	CdGdAdGuD	0.33219	0.59774	0.59629	0.0014537	0.6438	0.73135
DWPC	CdGdAeGaD	0.66172	0.61647	0.61537	0.001099	0.73374	0.79914
DWPC	CdGdAeGdD	0.32371	0.58888	0.57914	0.009737	0.030834	0.070964
DWPC	CdGdAeGuD	0.33219	0.59652	0.59635	0.00017021	0.95855	0.96487
DWPC	CdGdAlD	0.49086	0.57907	0.57888	0.00018697	0.98096	0.98348
DWPC	CdGdAlDrD	0.59126	0.57091	0.57114	-0.00023574	0.9353	0.94771
DWPC	CdGdAuGaD	0.66172	0.61553	0.61562	-9.0785e-05	0.97553	0.97954
DWPC	CdGdAuGdD	0.32344	0.58863	0.57903	0.0096022	0.028562	0.06764
DWPC	CdGdAuGuD	0.33113	0.59755	0.59645	0.0011005	0.72675	0.79436
DWPC	CdGdCbGaD	0.64927	0.6248	0.61844	0.0063545	0.10335	0.17913
DWPC	CdGdCbGdD	0.2604	0.56224	0.57441	-0.012177	0.0012173	0.0081732
DWPC	CdGdCbGuD	0.26781	0.57439	0.5728	0.0015953	0.60057	0.69895
DWPC	CdGdCdGaD	0.64132	0.61906	0.62288	-0.0038155	0.22039	0.32428
DWPC	CdGdCdGdD	0.28371	0.5775	0.57717	0.00033327	0.91632	0.93468
DWPC	CdGdCdGuD	0.31152	0.5908	0.58918	0.0016246	0.74656	0.80744
DWPC	CdGdCpD	0.16291	0.55916	0.55684	0.0023185	0.66074	0.74417
DWPC	CdGdCpDrD	0.38225	0.54924	0.5554	-0.0061522	0.67805	0.75531
DWPC	CdGdCrCpD	0.2506	0.57534	0.58628	-0.010937	0.17493	0.26991
DWPC	CdGdCrCtD	0.50649	0.6781	0.63597	0.042136	0.00015542	0.0024332
DWPC	CdGdCtD	0.49642	0.66338	0.63779	0.025591	0.0021072	0.011412
DWPC	CdGdCtDrD	0.58781	0.60912	0.55788	0.051237	0.00048243	0.0048322
DWPC	CdGdCuGaD	0.65616	0.62419	0.62188	0.0023106	0.38948	0.50686
DWPC	CdGdCuGdD	0.30411	0.58504	0.5771	0.0079406	0.049276	0.10034
DWPC	CdGdCuGuD	0.29457	0.5871	0.59052	-0.0034228	0.14077	0.22634
DWPC	CdGdD	0.077881	0.54544	0.53072	0.014716	0.016433	0.046809
DWPC	CdGdDaGaD	0.57907	0.61099	0.60592	0.0050645	0.15036	0.23893
DWPC	CdGdDaGdD	0.23629	0.56255	0.56671	-0.0041631	0.18468	0.28207
DWPC	CdGdDaGuD	0.24477	0.57183	0.56981	0.0020275	0.56495	0.66865
DWPC	CdGdDdGaD	0.54808	0.61472	0.60959	0.0051346	0.098966	0.17277
DWPC	CdGdDdGdD	0.26384	0.57315	0.57178	0.0013763	0.66626	0.74489
DWPC	CdGdDdGuD	0.25483	0.56923	0.57432	-0.0050884	0.37362	0.49093
DWPC	CdGdDlAlD	0.54437	0.60146	0.58666	0.014798	0.0053718	0.02122
DWPC	CdGdDpCpD	0.10649	0.55831	0.55979	-0.0014762	0.70706	0.77688
DWPC	CdGdDpCtD	0.12874	0.54304	0.59498	-0.05194	0.00045878	0.0046333
DWPC	CdGdDpSpD	0.54702	0.58874	0.58554	0.0031991	0.33207	0.44691
DWPC	CdGdDrD	0.18808	0.56148	0.54004	0.021434	0.017146	0.048166
DWPC	CdGdDrDrD	0.36	0.57716	0.56373	0.013424	0.044691	0.092548
DWPC	CdGdDtCpD	0.062517	0.53697	0.53913	-0.0021633	0.60468	0.70199
DWPC	CdGdDtCtD	0.27523	0.61266	0.62196	-0.0092981	0.1048	0.18114
DWPC	CdGdDuGaD	0.56265	0.60811	0.60892	-0.00080957	0.68034	0.75681
DWPC	CdGdDuGdD	0.25722	0.57259	0.56947	0.0031275	0.33407	0.44811
DWPC	CdGdDuGuD	0.25881	0.56808	0.58054	-0.012461	0.045253	0.093096
DWPC	CdGeAdGaD	0.67179	0.61839	0.61778	0.0006069	0.79639	0.84331
DWPC	CdGeAdGdD	0.32795	0.58903	0.58038	0.0086467	0.018314	0.049956
DWPC	CdGeAdGuD	0.33748	0.59763	0.59785	-0.00021696	0.9323	0.94545
DWPC	CdGeAeGaD	0.65148	0.57109	0.56607	0.0050255	0.14071	0.22634
DWPC	CdGeAeGdD	0.3036	0.56772	0.56898	-0.0012652	0.53595	0.64335
DWPC	CdGeAeGuD	0.31083	0.56906	0.58784	-0.018779	0.00010631	0.0020622
DWPC	CdGeAlD	0.65192	0.60008	0.58883	0.011245	0.018125	0.049549
DWPC	CdGeAlDrD	0.64609	0.58179	0.57417	0.0076151	0.0518	0.1036
DWPC	CdGeAuGaD	0.67179	0.61854	0.61764	0.00090093	0.69531	0.76823
DWPC	CdGeAuGdD	0.32795	0.58948	0.58031	0.0091726	0.017378	0.048484
DWPC	CdGeAuGuD	0.33748	0.59737	0.59802	-0.00064923	0.79244	0.83986
DWPC	CdGiG<rGaD	0.64053	0.61726	0.61361	0.0036468	0.1945	0.29271
DWPC	CdGiG<rGdD	0.29192	0.58118	0.57458	0.0065991	0.089151	0.16021
DWPC	CdGiG<rGuD	0.2951	0.58065	0.58552	-0.0048724	0.28559	0.39884
DWPC	CdGiGaD	0.49457	0.62458	0.61184	0.012748	0.0063968	0.024201
DWPC	CdGiGaDrD	0.58146	0.5833	0.573	0.010296	0.2134	0.31686
DWPC	CdGiGbCpD	0.14861	0.56081	0.57293	-0.012117	0.051708	0.1036
DWPC	CdGiGbCtD	0.37854	0.61767	0.62553	-0.0078565	0.027185	0.065266
DWPC	CdGiGcGaD	0.52768	0.60641	0.61394	-0.0075305	0.029981	0.069918
DWPC	CdGiGcGdD	0.25801	0.57553	0.57342	0.0021054	0.47102	0.58435
DWPC	CdGiGcGuD	0.26517	0.57595	0.57813	-0.0021787	0.3384	0.45299
DWPC	CdGiGdAlD	0.56	0.58184	0.58038	0.001462	0.82003	0.85941
DWPC	CdGiGdCpD	0.15258	0.55672	0.56554	-0.0088187	0.091945	0.16355
DWPC	CdGiGdCtD	0.49536	0.59713	0.62904	-0.031918	0.001974	0.010965
DWPC	CdGiGdD	0.22119	0.56623	0.56332	0.0029057	0.38112	0.50025
DWPC	CdGiGdDrD	0.41563	0.55833	0.5436	0.014732	0.27004	0.38193
DWPC	CdGiGeAlD	0.66305	0.59609	0.58869	0.007403	0.042488	0.089363
DWPC	CdGiGiGaD	0.67179	0.61954	0.61419	0.0053529	0.03633	0.07942
DWPC	CdGiGiGdD	0.32556	0.58733	0.57893	0.0084021	0.020397	0.053144
DWPC	CdGiGiGuD	0.32795	0.59387	0.5948	-0.00093263	0.75182	0.81016
DWPC	CdGiGr>GaD	0.6498	0.61662	0.61359	0.0030305	0.17176	0.26636
DWPC	CdGiGr>GdD	0.29377	0.57854	0.57708	0.0014613	0.63115	0.72488
DWPC	CdGiGr>GuD	0.30437	0.58897	0.58954	-0.00057484	0.85894	0.88801
DWPC	CdGiGuAlD	0.55788	0.57966	0.57953	0.00013394	0.98458	0.98619
DWPC	CdGiGuCpD	0.15073	0.55963	0.55662	0.0030128	0.51353	0.62379
DWPC	CdGiGuCtD	0.49086	0.60396	0.62996	-0.025997	0.00099612	0.0070771
DWPC	CdGiGuD	0.22305	0.56687	0.5679	-0.0010305	0.8012	0.84621
DWPC	CdGiGuDrD	0.42596	0.56145	0.54287	0.018583	0.20906	0.31193
DWPC	CdGpBPpGaD	0.66649	0.62087	0.61584	0.0050234	0.011305	0.03645
DWPC	CdGpBPpGdD	0.31629	0.58768	0.58087	0.0068043	0.029523	0.068982
DWPC	CdGpBPpGuD	0.31709	0.5918	0.5944	-0.0026053	0.31771	0.43138
DWPC	CdGpCCpGaD	0.63205	0.61236	0.6163	-0.0039409	0.28061	0.39333
DWPC	CdGpCCpGdD	0.29695	0.5857	0.57987	0.0058267	0.1081	0.18424
DWPC	CdGpCCpGuD	0.2906	0.58289	0.59126	-0.0083708	0.039252	0.08415
DWPC	CdGpMFpGaD	0.64371	0.61769	0.61619	0.0014938	0.55257	0.65749
DWPC	CdGpMFpGdD	0.30623	0.58498	0.57818	0.0067988	0.088316	0.15941
DWPC	CdGpMFpGuD	0.30649	0.5849	0.59155	-0.0066421	0.055361	0.10941
DWPC	CdGpPWpGaD	0.62755	0.62346	0.61168	0.011775	0.0021755	0.01166
DWPC	CdGpPWpGdD	0.28689	0.58486	0.5768	0.0080563	0.0091091	0.031713
DWPC	CdGpPWpGuD	0.28848	0.58552	0.5919	-0.006387	0.10692	0.18339
DWPC	CdGr>G<rGaD	0.65669	0.61771	0.6159	0.0018088	0.44809	0.56626
DWPC	CdGr>G<rGdD	0.29854	0.58678	0.57707	0.0097042	0.041396	0.087367
DWPC	CdGr>G<rGuD	0.30861	0.5894	0.5884	0.00099132	0.83818	0.8704
DWPC	CdGr>GaD	0.54093	0.61477	0.61763	-0.0028546	0.39546	0.51355
DWPC	CdGr>GaDrD	0.60848	0.57144	0.57697	-0.0055223	0.47797	0.58998
DWPC	CdGr>GbCpD	0.16848	0.56771	0.5791	-0.011388	0.041291	0.087297
DWPC	CdGr>GbCtD	0.45642	0.61668	0.6277	-0.011022	0.040574	0.086529
DWPC	CdGr>GcGaD	0.60927	0.61273	0.62026	-0.0075338	0.093945	0.16614
DWPC	CdGr>GcGdD	0.28053	0.57544	0.57509	0.00035433	0.84573	0.87657
DWPC	CdGr>GcGuD	0.28265	0.57155	0.58648	-0.014937	0.00037924	0.0040298
DWPC	CdGr>GdAlD	0.55126	0.58079	0.58137	-0.00057261	0.92769	0.94201
DWPC	CdGr>GdCpD	0.26675	0.56787	0.57739	-0.0095235	0.12732	0.21082
DWPC	CdGr>GdCtD	0.62675	0.6123	0.62765	-0.015356	0.041056	0.08695
DWPC	CdGr>GdD	0.24742	0.56529	0.56954	-0.0042463	0.27891	0.39221
DWPC	CdGr>GdDrD	0.45748	0.54889	0.54453	0.0043545	0.73638	0.79987
DWPC	CdGr>GeAlD	0.65139	0.59205	0.58992	0.0021346	0.45129	0.56741
DWPC	CdGr>GiGaD	0.65563	0.61354	0.61509	-0.0015557	0.54467	0.65053
DWPC	CdGr>GiGdD	0.3049	0.58262	0.57776	0.004859	0.099766	0.17391
DWPC	CdGr>GiGuD	0.30993	0.58745	0.59041	-0.0029572	0.31151	0.42628
DWPC	CdGr>Gr>GaD	0.64821	0.61322	0.61603	-0.0028117	0.25436	0.36655
DWPC	CdGr>Gr>GdD	0.29642	0.58225	0.57805	0.004203	0.21552	0.31884
DWPC	CdGr>Gr>GuD	0.3102	0.58977	0.59227	-0.0025016	0.45007	0.56734
DWPC	CdGr>GuAlD	0.55126	0.58033	0.58173	-0.001405	0.8376	0.8704
DWPC	CdGr>GuCpD	0.25404	0.57965	0.56842	0.011236	0.16389	0.2564
DWPC	CdGr>GuCtD	0.60212	0.61774	0.62915	-0.011406	0.097198	0.17065
DWPC	CdGr>GuD	0.25457	0.57158	0.5751	-0.0035242	0.30711	0.42214
DWPC	CdGr>GuDrD	0.46808	0.55335	0.54486	0.0084918	0.53458	0.64287
DWPC	CdGuAdGaD	0.66172	0.6172	0.61608	0.0011222	0.65064	0.73619
DWPC	CdGuAdGdD	0.32212	0.58832	0.57962	0.008706	0.026921	0.065015
DWPC	CdGuAdGuD	0.33192	0.59829	0.59679	0.0014923	0.61151	0.70764
DWPC	CdGuAeGaD	0.66172	0.6196	0.61579	0.0038042	0.21025	0.31295
DWPC	CdGuAeGdD	0.32371	0.58947	0.57982	0.0096559	0.022972	0.057879
DWPC	CdGuAeGuD	0.33192	0.59749	0.5969	0.00059528	0.83647	0.8704
DWPC	CdGuAlD	0.48662	0.59089	0.58138	0.0095034	0.22631	0.3312
DWPC	CdGuAlDrD	0.59285	0.58408	0.57203	0.01205	0.010587	0.035157
DWPC	CdGuAuGaD	0.66172	0.62025	0.61581	0.0044399	0.14221	0.22836
DWPC	CdGuAuGdD	0.32318	0.58994	0.57978	0.010157	0.019276	0.051208
DWPC	CdGuAuGuD	0.32927	0.59644	0.5969	-0.00046213	0.87268	0.89993
DWPC	CdGuCbGaD	0.54146	0.60548	0.61151	-0.0060273	0.05569	0.10941
DWPC	CdGuCbGdD	0.21351	0.55938	0.56395	-0.0045707	0.21408	0.31748
DWPC	CdGuCbGuD	0.22172	0.56409	0.55919	0.0049061	0.101	0.17579
DWPC	CdGuCdGaD	0.58781	0.61452	0.61544	-0.00091759	0.75631	0.81428
DWPC	CdGuCdGdD	0.26517	0.57425	0.57452	-0.00027376	0.94359	0.95374
DWPC	CdGuCdGuD	0.28583	0.5817	0.58553	-0.003826	0.48492	0.59412
DWPC	CdGuCpD	0.068609	0.52573	0.53299	-0.0072617	0.019323	0.051214
DWPC	CdGuCpDrD	0.19126	0.5459	0.54223	0.0036655	0.58879	0.68934
DWPC	CdGuCrCpD	0.1343	0.56982	0.5675	0.0023209	0.66473	0.74465
DWPC	CdGuCrCtD	0.3298	0.61208	0.6231	-0.011013	0.12785	0.21112
DWPC	CdGuCtD	0.29775	0.5946	0.62733	-0.032737	0.0039607	0.017042
DWPC	CdGuCtDrD	0.43682	0.55899	0.55969	-0.00070207	0.88525	0.90982
DWPC	CdGuCuGaD	0.61033	0.62283	0.61399	0.0088382	0.023591	0.058972
DWPC	CdGuCuGdD	0.27868	0.58294	0.57546	0.0074763	0.077472	0.14258
DWPC	CdGuCuGuD	0.27285	0.57618	0.58675	-0.010568	0.015665	0.045216
DWPC	CdGuD	0.094834	0.54877	0.53384	0.014932	0.0025929	0.01288
DWPC	CdGuDaGaD	0.60662	0.61028	0.6073	0.0029848	0.39819	0.51655
DWPC	CdGuDaGdD	0.25881	0.57071	0.56804	0.0026659	0.32593	0.44058
DWPC	CdGuDaGuD	0.26146	0.57279	0.57084	0.0019598	0.4736	0.58654
DWPC	CdGuDdGaD	0.58093	0.61479	0.61228	0.0025019	0.32043	0.43459
DWPC	CdGuDdGdD	0.27258	0.57411	0.57613	-0.0020202	0.66544	0.74465
DWPC	CdGuDdGuD	0.27179	0.58394	0.57833	0.0056023	0.29773	0.41111
DWPC	CdGuDlAlD	0.58358	0.59063	0.58923	0.0014066	0.72211	0.78999
DWPC	CdGuDpCpD	0.13086	0.55716	0.5605	-0.0033334	0.42883	0.54757
DWPC	CdGuDpCtD	0.15788	0.55194	0.60313	-0.051196	0.00057923	0.0054032
DWPC	CdGuDpSpD	0.58119	0.58858	0.58636	0.0022211	0.45826	0.57318
DWPC	CdGuDrD	0.22967	0.55703	0.54034	0.016687	0.058709	0.11406
DWPC	CdGuDrDrD	0.43338	0.56911	0.56573	0.0033784	0.46126	0.57458
DWPC	CdGuDtCpD	0.076026	0.53572	0.54044	-0.0047247	0.23036	0.33593
DWPC	CdGuDtCtD	0.34437	0.60193	0.62158	-0.019655	0.00096708	0.0070048
DWPC	CdGuDuGaD	0.58861	0.61162	0.61324	-0.0016116	0.57943	0.68149
DWPC	CdGuDuGdD	0.26278	0.57823	0.57258	0.0056523	0.1339	0.21789
DWPC	CdGuDuGuD	0.26781	0.57762	0.58468	-0.0070614	0.097404	0.17077
degree	CiPC	0.69033	0.52708	0.53379	-0.0067099	0.091517	0.16326
DWPC	CiPCiCbGaD	0.35523	0.66115	0.5745	0.086645	4.9863e-05	0.0013848
DWPC	CiPCiCbGdD	0.087417	0.50534	0.51722	-0.011882	0.01263	0.039173
DWPC	CiPCiCbGuD	0.097219	0.54393	0.51498	0.028946	0.00028498	0.0033485
DWPC	CiPCiCdGaD	0.3004	0.62141	0.54276	0.078646	0.0014002	0.0088771
DWPC	CiPCiCdGdD	0.13536	0.5611	0.51819	0.042907	9.2277e-05	0.0018486
DWPC	CiPCiCdGuD	0.1502	0.5642	0.52405	0.040157	0.00081801	0.0066199
DWPC	CiPCiCpD	0.0092715	0.50415	0.50336	0.00078874	0.5828	0.68476
DWPC	CiPCiCpDrD	0.040265	0.51962	0.50202	0.017599	0.00040793	0.0042245
DWPC	CiPCiCrCpD	0.025166	0.51179	0.51328	-0.0014829	0.46019	0.57383
DWPC	CiPCiCrCtD	0.12795	0.72463	0.55628	0.16835	1.3084e-05	0.00061494
DWPC	CiPCiCtD	0.13351	0.75545	0.52421	0.23124	1.7466e-08	2.1344e-05
DWPC	CiPCiCtDrD	0.1743	0.68354	0.50153	0.182	1.0579e-06	0.00014363
DWPC	CiPCiCuGaD	0.32371	0.6274	0.5447	0.082696	0.00060629	0.0055706
DWPC	CiPCiCuGdD	0.12901	0.55761	0.51992	0.037689	0.0023167	0.012032
DWPC	CiPCiCuGuD	0.13828	0.55642	0.52587	0.030541	0.0012607	0.0083226
degree	CpD	0.15179	0.52917	0.52885	0.00031407	0.76874	0.82187
DWPC	CpDaG<rGaD	0.14728	0.52907	0.53181	-0.0027405	0.14937	0.23798
DWPC	CpDaG<rGdD	0.064371	0.5253	0.5277	-0.0023998	0.23862	0.34713
DWPC	CpDaG<rGuD	0.066225	0.5249	0.53039	-0.0054856	0.071644	0.13428
DWPC	CpDaGaD	0.13377	0.53302	0.53118	0.0018381	0.2941	0.40743
DWPC	CpDaGaDrD	0.14331	0.5315	0.52912	0.0023855	0.28067	0.39333
DWPC	CpDaGbCpD	0.062252	0.53483	0.52594	0.0088942	0.0042112	0.017684
DWPC	CpDaGbCtD	0.12106	0.53237	0.53438	-0.0020084	0.364	0.48139
DWPC	CpDaGcGaD	0.12265	0.52915	0.53237	-0.0032225	0.2295	0.33506
DWPC	CpDaGcGdD	0.057219	0.52209	0.52432	-0.0022215	0.19075	0.28919
DWPC	CpDaGcGuD	0.061192	0.52429	0.5251	-0.00081159	0.62573	0.72068
DWPC	CpDaGdAlD	0.12265	0.51448	0.52933	-0.014845	0.00036548	0.0039524
DWPC	CpDaGdCpD	0.034437	0.51898	0.5164	0.0025807	0.081201	0.14877
DWPC	CpDaGdCtD	0.10914	0.53254	0.53877	-0.0062343	0.0016612	0.0099024
DWPC	CpDaGdD	0.047417	0.51385	0.51749	-0.0036419	0.093203	0.16506
DWPC	CpDaGdDrD	0.098278	0.51632	0.5172	-0.0008768	0.83711	0.8704
DWPC	CpDaGeAlD	0.1502	0.53118	0.52965	0.0015374	0.24881	0.35981
DWPC	CpDaGiGaD	0.1502	0.53135	0.53117	0.00017815	0.90046	0.92081
DWPC	CpDaGiGdD	0.06702	0.5271	0.52754	-0.00044169	0.8236	0.86168
DWPC	CpDaGiGuD	0.070199	0.52968	0.52996	-0.00028003	0.8896	0.91239
DWPC	CpDaGr>GaD	0.14517	0.52952	0.53149	-0.0019714	0.28875	0.40143
DWPC	CpDaGr>GdD	0.063311	0.52421	0.52813	-0.0039175	0.065746	0.12562
DWPC	CpDaGr>GuD	0.068344	0.5292	0.52978	-0.0005798	0.75998	0.8168
DWPC	CpDaGuAlD	0.12265	0.5152	0.52938	-0.014184	0.00044368	0.0045181
DWPC	CpDaGuCpD	0.035497	0.52258	0.51442	0.0081582	4.3561e-05	0.0012983
DWPC	CpDaGuCtD	0.10755	0.52379	0.53911	-0.015318	0.00020149	0.0027665
DWPC	CpDaGuD	0.047417	0.50957	0.52058	-0.011013	0.0017193	0.0099978
DWPC	CpDaGuDrD	0.10331	0.51403	0.51678	-0.002752	0.51976	0.6301
DWPC	CpDdG<rGaD	0.10305	0.51847	0.52408	-0.0056076	0.14465	0.23137
DWPC	CpDdG<rGdD	0.042914	0.5101	0.52186	-0.011754	0.015708	0.045216
DWPC	CpDdG<rGuD	0.042914	0.51253	0.5235	-0.010971	0.011776	0.037475
DWPC	CpDdGaD	0.068344	0.51762	0.52149	-0.003877	0.17838	0.27418
DWPC	CpDdGaDrD	0.090066	0.51662	0.51665	-3.2499e-05	0.99358	0.99439
DWPC	CpDdGbCpD	0.024106	0.52239	0.51228	0.010109	0.011051	0.036303
DWPC	CpDdGbCtD	0.054834	0.51686	0.5208	-0.0039352	0.33066	0.44599
DWPC	CpDdGcGaD	0.084768	0.51734	0.52311	-0.0057767	0.20261	0.30416
DWPC	CpDdGcGdD	0.035232	0.50967	0.51861	-0.008936	0.0083263	0.029751
DWPC	CpDdGcGuD	0.039205	0.51455	0.51964	-0.0050907	0.044362	0.092326
DWPC	CpDdGdAlD	0.088212	0.50962	0.52399	-0.014373	0.0087343	0.03067
DWPC	CpDdGdCpD	0.019603	0.50759	0.51172	-0.0041309	0.12154	0.20235
DWPC	CpDdGdCtD	0.076556	0.51775	0.52841	-0.010665	0.035143	0.077162
DWPC	CpDdGdD	0.033907	0.51394	0.51574	-0.0017915	0.489	0.59756
DWPC	CpDdGdDrD	0.06702	0.50981	0.51088	-0.0010745	0.58863	0.68934
DWPC	CpDdGeAlD	0.11126	0.51821	0.52454	-0.0063302	0.09037	0.16169
DWPC	CpDdGiGaD	0.10623	0.51666	0.52387	-0.0072145	0.080267	0.14728
DWPC	CpDdGiGdD	0.046623	0.51599	0.52136	-0.0053669	0.083278	0.15166
DWPC	CpDdGiGuD	0.046093	0.51375	0.52315	-0.0093944	0.022083	0.055871
DWPC	CpDdGr>GaD	0.10199	0.5186	0.52373	-0.005133	0.16688	0.26011
DWPC	CpDdGr>GdD	0.042649	0.51189	0.52097	-0.0090823	0.018904	0.050711
DWPC	CpDdGr>GuD	0.044768	0.51219	0.52393	-0.011743	0.017614	0.048697
DWPC	CpDdGuAlD	0.089536	0.50945	0.52397	-0.014517	0.0082468	0.029553
DWPC	CpDdGuCpD	0.021722	0.5129	0.50935	0.0035437	0.01496	0.04405
DWPC	CpDdGuCtD	0.072848	0.52013	0.52648	-0.0063518	0.1293	0.21266
DWPC	CpDdGuD	0.031788	0.5052	0.5143	-0.0091073	0.030597	0.070888
DWPC	CpDdGuDrD	0.064636	0.50547	0.50957	-0.0041033	0.11416	0.19258
DWPC	CpDlAdGaD	0.15179	0.53015	0.53136	-0.001205	0.36283	0.48089
DWPC	CpDlAdGdD	0.069669	0.52838	0.52831	7.6137e-05	0.95437	0.96145
DWPC	CpDlAdGuD	0.074172	0.52952	0.53204	-0.0025227	0.31266	0.42738
DWPC	CpDlAeGaD	0.15179	0.53232	0.53139	0.00093619	0.43501	0.55315
DWPC	CpDlAeGdD	0.071788	0.53037	0.52892	0.0014476	0.43237	0.55121
DWPC	CpDlAeGuD	0.074437	0.53109	0.53292	-0.0018264	0.44549	0.56454
DWPC	CpDlAlD	0.12159	0.53489	0.52938	0.0055106	0.0093532	0.032378
DWPC	CpDlAlDrD	0.14411	0.5314	0.5299	0.0015006	0.22566	0.33064
DWPC	CpDlAuGaD	0.15179	0.53174	0.53155	0.00019438	0.88277	0.9088
DWPC	CpDlAuGdD	0.071523	0.52982	0.52837	0.0014452	0.41205	0.53003
DWPC	CpDlAuGuD	0.072848	0.52963	0.53201	-0.0023799	0.30774	0.42253
DWPC	CpDpCbGaD	0.10755	0.52794	0.53361	-0.0056687	0.0023689	0.012032
DWPC	CpDpCbGdD	0.029404	0.50398	0.51969	-0.015702	8.5663e-05	0.0018048
DWPC	CpDpCbGuD	0.030993	0.50304	0.51963	-0.016598	0.002846	0.013746
DWPC	CpDpCdGaD	0.096159	0.52167	0.53516	-0.013485	0.00011074	0.0021143
DWPC	CpDpCdGdD	0.041589	0.51184	0.52097	-0.0091352	0.011154	0.036349
DWPC	CpDpCdGuD	0.046093	0.51553	0.52351	-0.0079779	0.026452	0.064537
DWPC	CpDpCpD	0.016159	0.52056	0.51614	0.004422	0.0057458	0.02229
DWPC	CpDpCpDrD	0.04106	0.52222	0.51601	0.0062062	0.15785	0.24857
DWPC	CpDpCrCpD	0.025166	0.51831	0.52049	-0.0021832	0.086217	0.15655
DWPC	CpDpCrCtD	0.053775	0.5604	0.53745	0.022943	0.00068448	0.0058904
DWPC	CpDpCtD	0.037881	0.56617	0.52548	0.040696	0.00021492	0.0028679
DWPC	CpDpCtDrD	0.047682	0.54063	0.5162	0.024432	0.0013507	0.0087364
DWPC	CpDpCuGaD	0.10013	0.52149	0.53213	-0.010638	0.0051698	0.020578
DWPC	CpDpCuGdD	0.041325	0.50853	0.52164	-0.013108	0.00030973	0.0036047
DWPC	CpDpCuGuD	0.044503	0.50821	0.52157	-0.013364	0.0018843	0.010611
DWPC	CpDpSpD	0.12344	0.53715	0.52974	0.0074134	0.00084344	0.0067365
DWPC	CpDpSpDrD	0.1457	0.53394	0.52929	0.0046474	0.02091	0.053943
DWPC	CpDrD	0.010596	0.51409	0.50245	0.011638	0.00062171	0.0056226
DWPC	CpDrDaGaD	0.14781	0.53443	0.53108	0.0033432	0.052014	0.10386
DWPC	CpDrDaGdD	0.059603	0.52086	0.52343	-0.0025717	0.26742	0.37896
DWPC	CpDrDaGuD	0.059868	0.5222	0.5264	-0.0042007	0.13269	0.21663
DWPC	CpDrDdGaD	0.1102	0.52813	0.53156	-0.0034223	0.18428	0.28185
DWPC	CpDrDdGdD	0.051656	0.52002	0.52366	-0.0036448	0.19851	0.29837
DWPC	CpDrDdGuD	0.048477	0.51684	0.52204	-0.005199	0.065165	0.12521
DWPC	CpDrDlAlD	0.14437	0.53734	0.52961	0.0077244	0.0021106	0.011412
DWPC	CpDrDpCpD	0.022781	0.52048	0.51148	0.0089979	0.0014093	0.0088771
DWPC	CpDrDpCtD	0.02649	0.5256	0.51814	0.0074576	0.018774	0.050711
DWPC	CpDrDpSpD	0.14464	0.53672	0.52961	0.0071118	0.0030395	0.014396
DWPC	CpDrDrD	0.036556	0.52864	0.51639	0.012252	0.00098471	0.0070591
DWPC	CpDrDrDrD	0.076556	0.53471	0.52755	0.0071568	0.016089	0.046044
DWPC	CpDrDtCpD	0.0087417	0.50777	0.50674	0.0010351	0.38704	0.50423
DWPC	CpDrDtCtD	0.049536	0.54787	0.5374	0.010477	0.0039452	0.017042
DWPC	CpDrDuGaD	0.11576	0.53331	0.53127	0.0020415	0.40959	0.52742
DWPC	CpDrDuGdD	0.046358	0.5108	0.52193	-0.011128	0.0078746	0.02847
DWPC	CpDrDuGuD	0.051921	0.51864	0.52542	-0.0067866	0.02887	0.068106
DWPC	CpDtCbGaD	0.070728	0.52226	0.52252	-0.00025872	0.93797	0.94963
DWPC	CpDtCbGdD	0.023576	0.51435	0.50999	0.004363	0.082909	0.15144
DWPC	CpDtCbGuD	0.025695	0.50641	0.51081	-0.0044009	0.13409	0.2179
DWPC	CpDtCdGaD	0.072053	0.52	0.52173	-0.0017363	0.65141	0.73638
DWPC	CpDtCdGdD	0.033113	0.51674	0.51568	0.0010551	0.71294	0.78135
DWPC	CpDtCdGuD	0.033377	0.51086	0.51775	-0.0068871	0.058057	0.11297
DWPC	CpDtCpD	0.0047682	0.50116	0.50185	-0.00069497	0.60861	0.70495
DWPC	CpDtCpDrD	0.023046	0.51278	0.50278	0.0099932	0.0030353	0.014396
DWPC	CpDtCrCpD	0.0098013	0.50542	0.50992	-0.0044998	0.070444	0.13243
DWPC	CpDtCrCtD	0.038411	0.52659	0.52171	0.004885	0.051394	0.10347
DWPC	CpDtCtD	0.034967	0.5253	0.52091	0.0043835	0.22701	0.33182
DWPC	CpDtCtDrD	0.059073	0.51871	0.51262	0.0060928	0.13297	0.21665
DWPC	CpDtCuGaD	0.072583	0.52315	0.52103	0.0021182	0.56524	0.66865
DWPC	CpDtCuGdD	0.031258	0.5137	0.51872	-0.0050236	0.08612	0.15655
DWPC	CpDtCuGuD	0.033907	0.51602	0.518	-0.0019845	0.36831	0.48552
DWPC	CpDuG<rGaD	0.10119	0.52159	0.5248	-0.0032152	0.40148	0.52026
DWPC	CpDuG<rGdD	0.040795	0.51144	0.52201	-0.010572	0.018836	0.050711
DWPC	CpDuG<rGuD	0.042649	0.5127	0.52445	-0.011749	0.018866	0.050711
DWPC	CpDuGaD	0.070993	0.52054	0.5219	-0.0013562	0.65694	0.74194
DWPC	CpDuGaDrD	0.087947	0.52165	0.51961	0.002043	0.5559	0.65952
DWPC	CpDuGbCpD	0.011656	0.51179	0.51118	0.00061168	0.81098	0.85359
DWPC	CpDuGbCtD	0.049536	0.52034	0.52412	-0.0037719	0.33845	0.45299
DWPC	CpDuGcGaD	0.083709	0.51906	0.5213	-0.0022394	0.6255	0.72068
DWPC	CpDuGcGdD	0.037881	0.51304	0.51694	-0.0039045	0.1545	0.24425
DWPC	CpDuGcGuD	0.040265	0.51244	0.51899	-0.0065505	0.044306	0.092326
DWPC	CpDuGdAlD	0.084768	0.51062	0.5237	-0.013081	0.020924	0.053943
DWPC	CpDuGdCpD	0.023046	0.51278	0.51116	0.0016189	0.35925	0.47666
DWPC	CpDuGdCtD	0.075762	0.52178	0.52648	-0.0046965	0.25427	0.36655
DWPC	CpDuGdD	0.031523	0.50785	0.51239	-0.0045406	0.17122	0.26586
DWPC	CpDuGdDrD	0.064901	0.50809	0.5111	-0.0030069	0.3215	0.43556
DWPC	CpDuGeAlD	0.10623	0.51901	0.52457	-0.0055587	0.19046	0.28912
DWPC	CpDuGiGaD	0.099868	0.5221	0.52395	-0.0018539	0.61773	0.71348
DWPC	CpDuGiGdD	0.043709	0.5162	0.52033	-0.0041242	0.17679	0.27209
DWPC	CpDuGiGuD	0.041325	0.51188	0.52181	-0.0099294	0.0151	0.044249
DWPC	CpDuGr>GaD	0.098013	0.51869	0.52375	-0.0050598	0.21297	0.31661
DWPC	CpDuGr>GdD	0.04053	0.51241	0.52154	-0.0091383	0.023598	0.058972
DWPC	CpDuGr>GuD	0.042119	0.51228	0.52203	-0.0097502	0.034725	0.076705
DWPC	CpDuGuAlD	0.086358	0.50906	0.52409	-0.015029	0.014856	0.04385
DWPC	CpDuGuCpD	0.021457	0.51454	0.51083	0.003716	0.033496	0.075106
DWPC	CpDuGuCtD	0.06755	0.51874	0.52642	-0.0076833	0.11649	0.19554
DWPC	CpDuGuD	0.034967	0.51087	0.51752	-0.0066479	0.091842	0.16355
DWPC	CpDuGuDrD	0.068344	0.51165	0.50999	0.001659	0.35226	0.46892
degree	CrC	0.81722	0.51543	0.51286	0.0025693	0.074576	0.13808
DWPC	CrCbG<rGaD	0.58914	0.58423	0.56072	0.02351	0.00096311	0.0070048
DWPC	CrCbG<rGdD	0.25616	0.54721	0.53835	0.0088619	0.10173	0.17659
DWPC	CrCbG<rGuD	0.25934	0.54597	0.54512	0.00084514	0.8277	0.86508
DWPC	CrCbGaD	0.41377	0.65081	0.56958	0.081236	5.6333e-07	0.00011473
DWPC	CrCbGaDrD	0.62331	0.57358	0.50519	0.068396	0.0016911	0.0099406
DWPC	CrCbGbCpD	0.33404	0.58388	0.57853	0.0053413	0.032392	0.073301
DWPC	CrCbGbCtD	0.69166	0.73594	0.60183	0.13411	1.7952e-06	0.00018281
DWPC	CrCbGcGaD	0.36874	0.56398	0.57117	-0.0071965	0.10641	0.18288
DWPC	CrCbGcGdD	0.17377	0.4928	0.52726	-0.034456	6.3273e-05	0.001563
DWPC	CrCbGcGuD	0.19656	0.51335	0.53393	-0.020578	0.00013753	0.0022897
DWPC	CrCbGdAlD	0.66119	0.54226	0.52676	0.015496	0.048414	0.098932
DWPC	CrCbGdCpD	0.030728	0.50986	0.51324	-0.003383	0.14298	0.22904
DWPC	CrCbGdCtD	0.18808	0.60043	0.57603	0.024392	0.0079355	0.028602
DWPC	CrCbGdD	0.090861	0.50017	0.51822	-0.018057	0.0069968	0.025988
DWPC	CrCbGdDrD	0.29007	0.48332	0.48926	-0.0059335	0.45195	0.56741
DWPC	CrCbGeAlD	0.78967	0.57728	0.53171	0.045567	0.00012974	0.0022716
DWPC	CrCbGiGaD	0.67338	0.61859	0.56896	0.049623	2.4801e-05	0.0009184
DWPC	CrCbGiGdD	0.28609	0.54869	0.54347	0.0052153	0.0092867	0.03224
DWPC	CrCbGiGuD	0.28265	0.5444	0.55085	-0.0064468	0.11586	0.19475
DWPC	CrCbGr>GaD	0.64	0.59883	0.57976	0.019069	0.00027161	0.0032223
DWPC	CrCbGr>GdD	0.29616	0.5506	0.54491	0.0056862	0.010286	0.034531
DWPC	CrCbGr>GuD	0.29139	0.54885	0.55113	-0.0022795	0.55668	0.65981
DWPC	CrCbGuAlD	0.65086	0.56267	0.52467	0.038003	0.0023729	0.012032
DWPC	CrCbGuCpD	0.041854	0.51906	0.51421	0.0048498	0.031212	0.071426
DWPC	CrCbGuCtD	0.27947	0.58985	0.58389	0.0059612	0.15916	0.25
DWPC	CrCbGuD	0.087152	0.5137	0.51653	-0.0028316	0.57171	0.67389
DWPC	CrCbGuDrD	0.27364	0.50213	0.49693	0.0051999	0.48378	0.59412
DWPC	CrCcSEcCpD	0.39682	0.58491	0.57482	0.010085	0.11426	0.19258
DWPC	CrCcSEcCtD	0.77563	0.67195	0.59471	0.077241	3.0976e-05	0.001023
DWPC	CrCdG<rGaD	0.69722	0.59412	0.5577	0.036415	0.0012148	0.0081732
DWPC	CrCdG<rGdD	0.31338	0.56602	0.54881	0.017202	0.0011655	0.0079568
DWPC	CrCdG<rGuD	0.32132	0.57272	0.55855	0.014173	0.04728	0.096778
DWPC	CrCdGaD	0.32927	0.60769	0.55912	0.048574	0.00022074	0.0028696
DWPC	CrCdGaDrD	0.48424	0.55936	0.51218	0.047185	0.0024294	0.012228
DWPC	CrCdGbCpD	0.028079	0.5189	0.51746	0.001444	0.74731	0.80744
DWPC	CrCdGbCtD	0.24079	0.616	0.55234	0.063658	0.00015945	0.0024356
DWPC	CrCdGcGaD	0.4106	0.59224	0.55522	0.037019	0.0041156	0.017342
DWPC	CrCdGcGdD	0.21007	0.53805	0.53223	0.0058149	0.067414	0.12792
DWPC	CrCdGcGuD	0.20795	0.55253	0.53264	0.019889	0.00063689	0.0056397
DWPC	CrCdGdAlD	0.57007	0.54738	0.51974	0.027641	0.031409	0.071741
DWPC	CrCdGdCpD	0.22914	0.5627	0.54536	0.017344	0.016948	0.047785
DWPC	CrCdGdCtD	0.61086	0.62648	0.58385	0.042634	0.0026446	0.013031
DWPC	CrCdGdD	0.13695	0.53969	0.51926	0.020432	0.00091762	0.0069615
DWPC	CrCdGdDrD	0.32636	0.52516	0.49554	0.029628	0.019362	0.051214
DWPC	CrCdGeAlD	0.69086	0.5691	0.5238	0.0453	0.00054642	0.0051382
DWPC	CrCdGiGaD	0.63285	0.59954	0.55393	0.045613	0.0015997	0.0096297
DWPC	CrCdGiGdD	0.28265	0.55583	0.54232	0.013502	0.024936	0.06181
DWPC	CrCdGiGuD	0.28742	0.56104	0.54958	0.011466	0.025764	0.063604
DWPC	CrCdGr>GaD	0.64848	0.59131	0.55804	0.033263	0.0017879	0.010306
DWPC	CrCdGr>GdD	0.2898	0.55904	0.54839	0.010653	0.0048005	0.019552
DWPC	CrCdGr>GuD	0.29563	0.56124	0.55184	0.0093992	0.032202	0.073143
DWPC	CrCdGuAlD	0.56821	0.55441	0.51713	0.037272	0.014059	0.042424
DWPC	CrCdGuCpD	0.11788	0.51995	0.52317	-0.0032133	0.17215	0.26663
DWPC	CrCdGuCtD	0.43576	0.58423	0.58623	-0.0019986	0.76113	0.8169
DWPC	CrCdGuD	0.15894	0.54727	0.5222	0.02507	0.00034944	0.0039152
DWPC	CrCdGuDrD	0.36238	0.51758	0.49778	0.019798	0.11416	0.19258
DWPC	CrCiPCiCpD	0.02755	0.50111	0.51412	-0.01301	0.01406	0.042424
DWPC	CrCiPCiCtD	0.13828	0.72508	0.56391	0.16118	3.7068e-06	0.00026645
DWPC	CrCpD	0.015099	0.50632	0.50519	0.0011285	0.59171	0.69083
DWPC	CrCpDaGaD	0.30834	0.51411	0.54585	-0.031744	0.0048159	0.019552
DWPC	CrCpDaGdD	0.11974	0.51088	0.53413	-0.023255	0.011127	0.036349
DWPC	CrCpDaGuD	0.11603	0.52207	0.54005	-0.017986	0.015698	0.045216
DWPC	CrCpDdGaD	0.20265	0.5253	0.55204	-0.026738	0.0049537	0.019912
DWPC	CrCpDdGdD	0.092715	0.52295	0.53739	-0.014432	0.008571	0.030343
DWPC	CrCpDdGuD	0.084768	0.51798	0.53626	-0.018282	0.037715	0.081572
DWPC	CrCpDlAlD	0.29219	0.51809	0.52587	-0.0077783	0.16148	0.25331
DWPC	CrCpDpCpD	0.056689	0.52229	0.53414	-0.011849	0.063341	0.12209
DWPC	CrCpDpCtD	0.1004	0.58292	0.56559	0.017333	0.051767	0.1036
DWPC	CrCpDpSpD	0.29907	0.51195	0.52474	-0.012785	0.070091	0.13207
DWPC	CrCpDrD	0.051656	0.51556	0.50867	0.0068879	0.013285	0.040894
DWPC	CrCpDrDrD	0.1306	0.52757	0.51087	0.016698	0.019453	0.051342
DWPC	CrCpDtCpD	0.024106	0.50211	0.50796	-0.005849	0.013426	0.04112
DWPC	CrCpDtCtD	0.13086	0.54175	0.55631	-0.014562	0.056578	0.11098
DWPC	CrCpDuGaD	0.20185	0.52572	0.54834	-0.022624	0.0022847	0.011982
DWPC	CrCpDuGdD	0.087417	0.51516	0.5312	-0.016035	0.0024481	0.012231
DWPC	CrCpDuGuD	0.098013	0.52628	0.53972	-0.013445	0.030836	0.070964
DWPC	CrCrCbGaD	0.51179	0.62183	0.58602	0.035808	9.8025e-05	0.001932
DWPC	CrCrCbGdD	0.13748	0.49451	0.54245	-0.047936	0.00094556	0.0070048
DWPC	CrCrCbGuD	0.14596	0.51525	0.53739	-0.022137	0.0022633	0.011981
DWPC	CrCrCdGaD	0.43046	0.60603	0.58448	0.021551	0.003095	0.014547
DWPC	CrCrCdGdD	0.18887	0.5267	0.54614	-0.019443	0.0053832	0.02122
DWPC	CrCrCdGuD	0.21245	0.53946	0.55311	-0.013648	0.0044984	0.01856
DWPC	CrCrCpD	0.038146	0.5143	0.53629	-0.021987	0.0012575	0.0083226
DWPC	CrCrCpDrD	0.12424	0.51045	0.5158	-0.005354	0.63499	0.72741
DWPC	CrCrCrCpD	0.07947	0.52219	0.57153	-0.049338	7.7378e-05	0.0017192
DWPC	CrCrCrCtD	0.19815	0.7252	0.61289	0.11231	2.9262e-05	0.0010217
DWPC	CrCrCtD	0.16026	0.75269	0.59252	0.16017	5.6943e-06	0.00033136
DWPC	CrCrCtDrD	0.20662	0.64564	0.50476	0.14088	3.07e-05	0.001023
DWPC	CrCrCuGaD	0.47815	0.60335	0.58581	0.017541	0.00023103	0.0028938
DWPC	CrCrCuGdD	0.19126	0.52594	0.54831	-0.022374	0.00013696	0.0022897
DWPC	CrCrCuGuD	0.2045	0.53402	0.55778	-0.023761	0.0015244	0.0094567
DWPC	CrCtD	0.12397	0.7496	0.52435	0.22525	2.357e-07	7.2006e-05
DWPC	CrCtDaGaD	0.63338	0.60186	0.54088	0.060981	0.00063255	0.0056397
DWPC	CrCtDaGdD	0.25166	0.52832	0.53376	-0.0054437	0.10715	0.18339
DWPC	CrCtDaGuD	0.24583	0.52885	0.53813	-0.0092793	0.033248	0.074776
DWPC	CrCtDdGaD	0.34066	0.57704	0.53702	0.040015	0.00059967	0.0055515
DWPC	CrCtDdGdD	0.18066	0.56915	0.52834	0.040808	7.3156e-05	0.0016867
DWPC	CrCtDdGuD	0.16397	0.53622	0.53225	0.0039732	0.11867	0.19865
DWPC	CrCtDlAlD	0.5804	0.58193	0.52049	0.061442	0.00016243	0.0024505
DWPC	CrCtDpCpD	0.084503	0.56093	0.52337	0.037559	0.00089935	0.0069557
DWPC	CrCtDpCtD	0.088212	0.57283	0.53297	0.039854	0.00091366	0.0069615
DWPC	CrCtDpSpD	0.58305	0.59031	0.51425	0.07606	7.4997e-05	0.0016972
DWPC	CrCtDrD	0.14093	0.64475	0.50168	0.14307	9.8274e-07	0.00014363
DWPC	CrCtDrDrD	0.27894	0.63432	0.49992	0.1344	1.094e-07	4.4561e-05
DWPC	CrCtDtCpD	0.067815	0.53552	0.51856	0.016968	0.0015555	0.0094567
DWPC	CrCtDtCtD	0.27788	0.69701	0.56313	0.13387	5.613e-06	0.00033136
DWPC	CrCtDuGaD	0.37483	0.56818	0.5348	0.033383	0.00087714	0.0068272
DWPC	CrCtDuGdD	0.17033	0.53831	0.52819	0.010114	0.0060852	0.023311
DWPC	CrCtDuGuD	0.17854	0.53958	0.53491	0.0046705	0.0083619	0.029791
DWPC	CrCuG<rGaD	0.69219	0.59084	0.55614	0.034694	0.0022648	0.011981
DWPC	CrCuG<rGdD	0.31205	0.56235	0.54789	0.014456	0.0042573	0.017813
DWPC	CrCuG<rGuD	0.31762	0.56782	0.55732	0.0105	0.10778	0.18394
DWPC	CrCuGaD	0.34517	0.60719	0.55276	0.054421	9.0229e-05	0.0018476
DWPC	CrCuGaDrD	0.51152	0.54784	0.50552	0.04232	0.0013512	0.0087364
DWPC	CrCuGbCpD	0.08	0.52928	0.52783	0.0014556	0.64414	0.73135
DWPC	CrCuGbCtD	0.24715	0.60813	0.56199	0.046139	0.00054288	0.0051382
DWPC	CrCuGcGaD	0.39709	0.60239	0.55928	0.043109	0.00095494	0.0070048
DWPC	CrCuGcGdD	0.18967	0.54448	0.52587	0.018608	0.0011506	0.0078991
DWPC	CrCuGcGuD	0.18384	0.53937	0.52883	0.010536	0.0011987	0.008138
DWPC	CrCuGdAlD	0.56927	0.54107	0.52018	0.020889	0.07188	0.13431
DWPC	CrCuGdCpD	0.1155	0.54537	0.52929	0.016088	0.0014417	0.0090347
DWPC	CrCuGdCtD	0.43841	0.58026	0.5807	-0.00043744	0.94779	0.9564
DWPC	CrCuGdD	0.13007	0.53425	0.51901	0.015246	0.010958	0.03619
DWPC	CrCuGdDrD	0.32715	0.52562	0.50366	0.021958	0.030629	0.070888
DWPC	CrCuGeAlD	0.68477	0.55889	0.52407	0.03482	0.0010796	0.0075822
DWPC	CrCuGiGaD	0.62119	0.59614	0.5541	0.042048	0.0036005	0.016116
DWPC	CrCuGiGdD	0.26861	0.54777	0.54278	0.0049982	0.24955	0.36047
DWPC	CrCuGiGuD	0.27868	0.55236	0.54669	0.0056693	0.10778	0.18394
DWPC	CrCuGr>GaD	0.63258	0.58223	0.55985	0.022387	0.0059669	0.023075
DWPC	CrCuGr>GdD	0.29192	0.55369	0.54452	0.0091637	0.027537	0.06579
DWPC	CrCuGr>GuD	0.30146	0.56566	0.55488	0.01078	0.028819	0.068106
DWPC	CrCuGuAlD	0.56689	0.54362	0.51749	0.026126	0.038884	0.083656
DWPC	CrCuGuCpD	0.21245	0.56239	0.53569	0.026701	0.0078001	0.028368
DWPC	CrCuGuCtD	0.57377	0.62275	0.58151	0.041241	0.0094571	0.032491
DWPC	CrCuGuD	0.14225	0.54066	0.52473	0.015928	0.0018285	0.010441
DWPC	CrCuGuDrD	0.32927	0.51797	0.50028	0.017694	0.06765	0.12817
degree	CtD	1	0.71154	0.70741	0.0041288	0.13735	0.2226
DWPC	CtDaG<rGaD	0.90437	0.49009	0.4896	0.00048901	0.88764	0.91151
DWPC	CtDaG<rGdD	0.39788	0.49126	0.49008	0.0011729	0.63272	0.726
DWPC	CtDaG<rGuD	0.40662	0.489	0.49877	-0.0097694	0.016473	0.046814
DWPC	CtDaGaD	0.85563	0.6109	0.49476	0.11613	9.9214e-08	4.4561e-05
DWPC	CtDaGaDrD	0.88238	0.50834	0.41999	0.088352	0.0040788	0.017247
DWPC	CtDaGbCpD	0.36053	0.50853	0.52295	-0.014418	0.012616	0.039173
DWPC	CtDaGbCtD	0.76795	0.54191	0.51902	0.022898	0.0038739	0.016968
DWPC	CtDaGcGaD	0.7796	0.49522	0.5083	-0.013081	0.013155	0.040594
DWPC	CtDaGcGdD	0.36556	0.49824	0.49838	-0.00013741	0.72933	0.79646
DWPC	CtDaGcGuD	0.38649	0.48607	0.50161	-0.015538	0.0019185	0.010754
DWPC	CtDaGdAlD	0.78146	0.41154	0.43727	-0.02573	0.036836	0.080238
DWPC	CtDaGdCpD	0.23232	0.52963	0.5199	0.0097337	0.0020624	0.011302
DWPC	CtDaGdCtD	0.70331	0.54936	0.52602	0.023341	0.0034587	0.01577
DWPC	CtDaGdD	0.32	0.5004	0.5033	-0.0029011	0.40729	0.52612
DWPC	CtDaGdDrD	0.62596	0.44815	0.43725	0.010904	0.47961	0.59108
DWPC	CtDaGeAlD	0.91762	0.46717	0.45109	0.016077	0.066848	0.12704
DWPC	CtDaGiGaD	0.92477	0.53177	0.48954	0.042225	0.00032154	0.0037068
DWPC	CtDaGiGdD	0.41166	0.48907	0.49205	-0.002983	0.11931	0.19945
DWPC	CtDaGiGuD	0.41616	0.48619	0.50049	-0.014297	0.00095167	0.0070048
DWPC	CtDaGr>GaD	0.90146	0.48851	0.49141	-0.0028919	0.43258	0.55121
DWPC	CtDaGr>GdD	0.39709	0.4939	0.49145	0.0024559	0.40589	0.52542
DWPC	CtDaGr>GuD	0.41457	0.4919	0.50135	-0.0094516	0.001692	0.0099406
DWPC	CtDaGuAlD	0.78093	0.44494	0.438	0.0069466	0.44877	0.56653
DWPC	CtDaGuCpD	0.2453	0.52223	0.51249	0.009738	0.053888	0.1069
DWPC	CtDaGuCtD	0.72901	0.52552	0.52378	0.001742	0.63633	0.72809
DWPC	CtDaGuD	0.31868	0.49395	0.50454	-0.010589	0.026092	0.064154
DWPC	CtDaGuDrD	0.64848	0.46564	0.43422	0.031423	0.12874	0.21231
DWPC	CtDdG<rGaD	0.61007	0.53518	0.51721	0.017966	0.0015762	0.009535
DWPC	CtDdG<rGdD	0.2657	0.51143	0.51965	-0.0082226	0.029065	0.068434
DWPC	CtDdG<rGuD	0.26755	0.51667	0.52707	-0.010397	0.043723	0.091488
DWPC	CtDdGaD	0.35921	0.56814	0.55634	0.011798	0.016566	0.046969
DWPC	CtDdGaDrD	0.49907	0.50061	0.49445	0.0061568	0.41367	0.531
DWPC	CtDdGbCpD	0.11046	0.56426	0.54246	0.021803	0.00011859	0.0022015
DWPC	CtDdGbCtD	0.28185	0.60443	0.57781	0.026618	0.00066922	0.0058502
DWPC	CtDdGcGaD	0.52503	0.54052	0.5393	0.0012171	0.54513	0.65053
DWPC	CtDdGcGdD	0.24424	0.51727	0.5227	-0.0054224	0.044629	0.092548
DWPC	CtDdGcGuD	0.25033	0.53265	0.52688	0.0057745	0.0071808	0.02651
DWPC	CtDdGdAlD	0.58834	0.47384	0.48669	-0.012852	0.06989	0.132
DWPC	CtDdGdCpD	0.10146	0.54473	0.52984	0.014889	0.0050424	0.020201
DWPC	CtDdGdCtD	0.39232	0.58667	0.55767	0.028999	0.0040652	0.017247
DWPC	CtDdGdD	0.19947	0.56128	0.52466	0.036614	0.00017063	0.0025121
DWPC	CtDdGdDrD	0.41695	0.51997	0.48319	0.036784	0.018924	0.050711
DWPC	CtDdGeAlD	0.69166	0.48406	0.49057	-0.0065192	0.16902	0.26312
DWPC	CtDdGiGaD	0.63073	0.52074	0.51996	0.00078703	0.79716	0.84341
DWPC	CtDdGiGdD	0.27099	0.51317	0.52147	-0.0083025	0.0097935	0.033336
DWPC	CtDdGiGuD	0.28053	0.50925	0.52762	-0.018371	0.00054347	0.0051382
DWPC	CtDdGr>GaD	0.62649	0.52011	0.52091	-0.00079966	0.64339	0.73135
DWPC	CtDdGr>GdD	0.27285	0.50802	0.51986	-0.011842	0.00085912	0.0067732
DWPC	CtDdGr>GuD	0.28318	0.51248	0.5271	-0.014617	0.0023689	0.012032
DWPC	CtDdGuAlD	0.57934	0.47534	0.48727	-0.011932	0.11997	0.20027
DWPC	CtDdGuCpD	0.11126	0.53493	0.52688	0.008053	0.037088	0.080642
DWPC	CtDdGuCtD	0.38119	0.5901	0.55457	0.035527	0.0024522	0.012231
DWPC	CtDdGuD	0.17907	0.52328	0.52562	-0.0023357	0.055535	0.10941
DWPC	CtDdGuDrD	0.39179	0.51653	0.4897	0.026834	0.061243	0.11823
DWPC	CtDlAdGaD	0.86119	0.44499	0.49525	-0.050252	0.0024316	0.012228
DWPC	CtDlAdGdD	0.40026	0.48526	0.49662	-0.011357	0.028043	0.066541
DWPC	CtDlAdGuD	0.41219	0.4827	0.50802	-0.025314	0.0018676	0.010566
DWPC	CtDlAeGaD	0.93086	0.50202	0.49369	0.0083328	0.15374	0.24366
DWPC	CtDlAeGdD	0.43868	0.4809	0.49051	-0.0096035	0.0094655	0.032491
DWPC	CtDlAeGuD	0.44344	0.48146	0.50344	-0.021986	8.3236e-05	0.0017845
DWPC	CtDlAlD	0.74199	0.59621	0.4739	0.12231	1.9359e-05	0.0007631
DWPC	CtDlAlDrD	0.86649	0.52418	0.42654	0.097639	0.00022018	0.0028696
DWPC	CtDlAuGaD	0.86119	0.48589	0.4954	-0.0095159	0.25727	0.3687
DWPC	CtDlAuGdD	0.40344	0.48647	0.49631	-0.0098391	0.055634	0.10941
DWPC	CtDlAuGuD	0.40424	0.48436	0.50814	-0.023778	0.0015523	0.0094567
DWPC	CtDpCbGaD	0.42887	0.54806	0.53983	0.0082329	0.27141	0.38343
DWPC	CtDpCbGdD	0.11311	0.52595	0.52101	0.0049372	0.30373	0.41797
DWPC	CtDpCbGuD	0.091656	0.50686	0.5183	-0.011432	0.088293	0.15941
DWPC	CtDpCdGaD	0.31735	0.57186	0.56449	0.0073742	0.10542	0.18195
DWPC	CtDpCdGdD	0.12344	0.53695	0.5281	0.0088536	0.074187	0.13757
DWPC	CtDpCdGuD	0.14543	0.53592	0.53055	0.0053693	0.073305	0.13634
DWPC	CtDpCpD	0.073907	0.57389	0.53185	0.042041	0.00024743	0.0030236
DWPC	CtDpCpDrD	0.1698	0.58759	0.5216	0.065989	0.0017263	0.0099978
DWPC	CtDpCrCpD	0.075497	0.58127	0.54133	0.03994	0.00080213	0.0065786
DWPC	CtDpCrCtD	0.12132	0.56742	0.58587	-0.018445	0.02187	0.055445
DWPC	CtDpCtD	0.06702	0.54897	0.55127	-0.0023042	0.65759	0.74199
DWPC	CtDpCtDrD	0.11735	0.55387	0.52677	0.027101	0.0032646	0.015054
DWPC	CtDpCuGaD	0.29828	0.56636	0.55708	0.0092888	0.18804	0.28616
DWPC	CtDpCuGdD	0.12795	0.51757	0.53117	-0.013601	0.0038305	0.016838
DWPC	CtDpCuGuD	0.12742	0.52008	0.53324	-0.013166	0.0063616	0.024142
DWPC	CtDpSpD	0.75099	0.60448	0.46833	0.13615	4.5671e-06	0.00030326
DWPC	CtDpSpDrD	0.85987	0.52672	0.42759	0.099131	0.00019058	0.0026464
DWPC	CtDrD	0.14331	0.69264	0.52478	0.16787	1.7177e-06	0.00018281
DWPC	CtDrDaGaD	0.86146	0.56549	0.49092	0.074565	4.3273e-05	0.0012983
DWPC	CtDrDaGdD	0.32768	0.49561	0.50142	-0.005808	0.0381	0.082258
DWPC	CtDrDaGuD	0.33536	0.50482	0.50763	-0.0028065	0.16431	0.25644
DWPC	CtDrDdGaD	0.44291	0.59638	0.53609	0.060292	0.00014053	0.0022897
DWPC	CtDrDdGdD	0.23974	0.54301	0.51959	0.023417	0.0012668	0.0083226
DWPC	CtDrDdGuD	0.22119	0.53916	0.52556	0.013598	0.00050107	0.0049781
DWPC	CtDrDlAlD	0.85695	0.55093	0.46355	0.087371	7.9681e-05	0.0017388
DWPC	CtDrDpCpD	0.096954	0.58092	0.54063	0.040287	0.0001573	0.0024332
DWPC	CtDrDpCtD	0.13086	0.57103	0.57322	-0.0021889	0.70227	0.7728
DWPC	CtDrDpSpD	0.86199	0.54982	0.45829	0.091529	1.5753e-05	0.00064167
DWPC	CtDrDrD	0.28397	0.6895	0.50727	0.18223	3.675e-06	0.00026645
DWPC	CtDrDrDrD	0.50464	0.62177	0.44955	0.17222	4.7152e-06	0.00030326
DWPC	CtDrDtCpD	0.065695	0.54433	0.51944	0.024891	0.016921	0.047785
DWPC	CtDrDtCtD	0.34225	0.68883	0.55362	0.1352	2.1976e-06	0.00020658
DWPC	CtDrDuGaD	0.53881	0.57844	0.5325	0.045933	0.00082349	0.0066205
DWPC	CtDrDuGdD	0.2294	0.53511	0.51991	0.015197	9.0718e-05	0.0018476
DWPC	CtDrDuGuD	0.25007	0.53177	0.52755	0.0042211	0.04991	0.10064
DWPC	CtDtCbGaD	0.71894	0.53824	0.49595	0.042287	0.00025875	0.0030999
DWPC	CtDtCbGdD	0.25483	0.51711	0.50962	0.0074932	0.049433	0.10034
DWPC	CtDtCbGuD	0.25536	0.51079	0.50182	0.0089706	0.015242	0.04456
DWPC	CtDtCdGaD	0.67338	0.55239	0.49936	0.053028	1.4269e-05	0.00062274
DWPC	CtDtCdGdD	0.29589	0.52077	0.49485	0.02592	0.00072763	0.0060902
DWPC	CtDtCdGuD	0.31709	0.50318	0.49886	0.0043281	0.018658	0.050711
DWPC	CtDtCpD	0.057748	0.53171	0.52045	0.011264	0.019617	0.051552
DWPC	CtDtCpDrD	0.20742	0.55038	0.50968	0.040704	0.0064815	0.024446
DWPC	CtDtCrCpD	0.12927	0.54366	0.53564	0.0080187	0.25777	0.3687
DWPC	CtDtCrCtD	0.35974	0.71251	0.56003	0.15248	9.93e-06	0.00052758
DWPC	CtDtCtD	0.29298	0.74663	0.55809	0.18854	1.558e-06	0.00018281
DWPC	CtDtCtDrD	0.38437	0.65798	0.4335	0.22448	8.9404e-06	0.0004966
DWPC	CtDtCuGaD	0.67682	0.55412	0.49713	0.056984	0.00014005	0.0022897
DWPC	CtDtCuGdD	0.29457	0.51956	0.49573	0.023825	0.0002246	0.002889
DWPC	CtDtCuGuD	0.30146	0.5091	0.50158	0.0075214	0.017296	0.048365
DWPC	CtDuG<rGaD	0.6657	0.51239	0.51766	-0.0052632	0.12689	0.21069
DWPC	CtDuG<rGdD	0.28265	0.50859	0.51763	-0.0090456	0.023862	0.059508
DWPC	CtDuG<rGuD	0.28609	0.5078	0.52561	-0.017812	0.010575	0.035157
DWPC	CtDuGaD	0.41536	0.5643	0.55323	0.011062	0.025705	0.063586
DWPC	CtDuGaDrD	0.55073	0.50301	0.49282	0.010183	0.27938	0.39241
DWPC	CtDuGbCpD	0.085563	0.52059	0.54398	-0.023383	0.0023445	0.012032
DWPC	CtDuGbCtD	0.32291	0.585	0.58013	0.0048691	0.041677	0.087809
DWPC	CtDuGcGaD	0.52	0.53395	0.53587	-0.0019165	0.38592	0.50384
DWPC	CtDuGcGdD	0.24583	0.52969	0.52125	0.0084366	0.022144	0.055909
DWPC	CtDuGcGuD	0.25113	0.51396	0.52458	-0.010617	0.00054094	0.0051382
DWPC	CtDuGdAlD	0.64795	0.45064	0.47977	-0.029125	0.0044745	0.018535
DWPC	CtDuGdCpD	0.12371	0.52662	0.53771	-0.011095	0.019958	0.052224
DWPC	CtDuGdCtD	0.45377	0.56214	0.55224	0.0099013	0.078921	0.14502
DWPC	CtDuGdD	0.18013	0.52596	0.52265	0.0033099	0.04939	0.10034
DWPC	CtDuGdDrD	0.42384	0.50194	0.48942	0.012514	0.26315	0.3748
DWPC	CtDuGeAlD	0.75205	0.4689	0.48265	-0.013748	0.026636	0.064774
DWPC	CtDuGiGaD	0.67205	0.5122	0.51586	-0.0036588	0.24881	0.35981
DWPC	CtDuGiGdD	0.30093	0.5072	0.51801	-0.010812	0.0039172	0.017042
DWPC	CtDuGiGuD	0.29483	0.50392	0.52862	-0.024694	0.00017768	0.0025725
DWPC	CtDuGr>GaD	0.65722	0.50813	0.51662	-0.0084931	0.023067	0.057999
DWPC	CtDuGr>GdD	0.2845	0.50785	0.51875	-0.010908	0.0037281	0.016506
DWPC	CtDuGr>GuD	0.28821	0.51125	0.52445	-0.013196	0.003171	0.014847
DWPC	CtDuGuAlD	0.62305	0.45898	0.47946	-0.020481	0.029192	0.068602
DWPC	CtDuGuCpD	0.1057	0.52513	0.52666	-0.0015253	0.66972	0.74808
DWPC	CtDuGuCtD	0.4257	0.56533	0.55725	0.0080746	0.095132	0.16799
DWPC	CtDuGuD	0.19762	0.53319	0.52694	0.0062435	0.12776	0.21112
DWPC	CtDuGuDrD	0.42358	0.51502	0.48393	0.031088	0.044759	0.092548
degree	CuG	0.66649	0.59479	0.59283	0.0019608	0.53184	0.6422
DWPC	CuG<rG<rGaD	0.66437	0.62586	0.62457	0.0012876	0.73496	0.79946
DWPC	CuG<rG<rGdD	0.30649	0.59046	0.5786	0.011859	0.021808	0.055405
DWPC	CuG<rG<rGuD	0.31417	0.59427	0.58829	0.0059793	0.31335	0.42783
DWPC	CuG<rGaD	0.62596	0.63122	0.62292	0.0083051	0.065793	0.12562
DWPC	CuG<rGaDrD	0.63788	0.58179	0.58142	0.00036525	0.96727	0.97284
DWPC	CuG<rGbCpD	0.25801	0.59567	0.59221	0.003459	0.43547	0.55316
DWPC	CuG<rGbCtD	0.57298	0.61961	0.63649	-0.016883	0.034273	0.076014
DWPC	CuG<rGcGaD	0.6498	0.62114	0.6245	-0.0033603	0.47615	0.58833
DWPC	CuG<rGcGdD	0.3049	0.58532	0.57821	0.0071124	0.021396	0.054699
DWPC	CuG<rGcGuD	0.30993	0.59194	0.58903	0.002905	0.21485	0.31824
DWPC	CuG<rGdAlD	0.55735	0.58561	0.5873	-0.0016858	0.83533	0.8704
DWPC	CuG<rGdCpD	0.26305	0.58088	0.57747	0.0034107	0.45256	0.56741
DWPC	CuG<rGdCtD	0.62781	0.62048	0.63794	-0.017461	0.039431	0.084385
DWPC	CuG<rGdD	0.28689	0.58094	0.57171	0.0092385	0.0094358	0.032491
DWPC	CuG<rGdDrD	0.48503	0.55598	0.54799	0.0079819	0.53503	0.64287
DWPC	CuG<rGeAlD	0.65775	0.60069	0.59698	0.0037169	0.38487	0.50301
DWPC	CuG<rGiGaD	0.66649	0.62518	0.62372	0.0014585	0.7157	0.78368
DWPC	CuG<rGiGdD	0.32265	0.59073	0.57966	0.011069	0.020584	0.053519
DWPC	CuG<rGiGuD	0.32848	0.59982	0.59451	0.0053045	0.10113	0.17579
DWPC	CuG<rGr>GaD	0.66305	0.62384	0.62559	-0.0017439	0.60672	0.70342
DWPC	CuG<rGr>GdD	0.30967	0.58829	0.57991	0.0083742	0.033831	0.075579
DWPC	CuG<rGr>GuD	0.3245	0.59903	0.59601	0.0030214	0.37319	0.49089
DWPC	CuG<rGuAlD	0.55735	0.58568	0.58785	-0.0021641	0.80233	0.8466
DWPC	CuG<rGuCpD	0.24715	0.59042	0.56888	0.021538	0.032355	0.073301
DWPC	CuG<rGuCtD	0.6106	0.62155	0.63905	-0.017502	0.04956	0.10043
DWPC	CuG<rGuD	0.28768	0.58302	0.57999	0.0030289	0.47569	0.58833
DWPC	CuG<rGuDrD	0.49007	0.55676	0.54828	0.008478	0.53701	0.64399
DWPC	CuGaD	0.19894	0.60571	0.57754	0.028173	0.00087439	0.0068272
DWPC	CuGaDaGaD	0.59205	0.61401	0.61279	0.0012142	0.73145	0.79735
DWPC	CuGaDaGdD	0.27179	0.58332	0.57246	0.010859	0.006653	0.024938
DWPC	CuGaDaGuD	0.26781	0.58622	0.57886	0.0073526	0.019554	0.051499
DWPC	CuGaDdGaD	0.52636	0.61341	0.61491	-0.0015004	0.61946	0.7148
DWPC	CuGaDdGdD	0.25272	0.57961	0.57386	0.0057478	0.066182	0.12597
DWPC	CuGaDdGuD	0.24106	0.57397	0.57849	-0.0045181	0.35117	0.46797
DWPC	CuGaDlAlD	0.57669	0.59347	0.59193	0.0015307	0.7026	0.7728
DWPC	CuGaDpCpD	0.16503	0.56986	0.57284	-0.0029816	0.53339	0.64278
DWPC	CuGaDpCtD	0.1902	0.5677	0.60925	-0.04155	0.00054661	0.0051382
DWPC	CuGaDpSpD	0.57325	0.59404	0.59159	0.0024516	0.52174	0.63188
DWPC	CuGaDrD	0.33669	0.57587	0.56033	0.015537	0.034023	0.075731
DWPC	CuGaDrDrD	0.45589	0.57717	0.57656	0.00061366	0.83835	0.8704
DWPC	CuGaDtCpD	0.11258	0.55272	0.54998	0.002737	0.65041	0.73619
DWPC	CuGaDtCtD	0.41907	0.61867	0.62501	-0.0063339	0.22453	0.32938
DWPC	CuGaDuGaD	0.53828	0.61806	0.61277	0.0052943	0.15565	0.24574
DWPC	CuGaDuGdD	0.23947	0.57672	0.57055	0.0061736	0.061036	0.11802
DWPC	CuGaDuGuD	0.24901	0.58249	0.58356	-0.0010617	0.78068	0.83056
DWPC	CuGbCbGaD	0.34808	0.59083	0.59505	-0.0042165	0.22146	0.32527
DWPC	CuGbCbGdD	0.13404	0.55928	0.54821	0.01107	0.075123	0.13888
DWPC	CuGbCbGuD	0.13669	0.55704	0.54819	0.0088572	0.01112	0.036349
DWPC	CuGbCdGaD	0.27947	0.58106	0.59227	-0.011215	0.040751	0.086641
DWPC	CuGbCdGdD	0.12954	0.55373	0.54937	0.0043565	0.0079579	0.028602
DWPC	CuGbCdGuD	0.14225	0.56211	0.55519	0.0069178	0.053219	0.10574
DWPC	CuGbCpD	0.04	0.53019	0.5288	0.0013839	0.26682	0.3787
DWPC	CuGbCpDrD	0.095894	0.53743	0.53573	0.0017013	0.69836	0.77021
DWPC	CuGbCrCpD	0.064371	0.54741	0.5499	-0.0024891	0.63813	0.72878
DWPC	CuGbCrCtD	0.14411	0.58642	0.59226	-0.005841	0.38425	0.50301
DWPC	CuGbCtD	0.1253	0.58729	0.57499	0.012306	0.014755	0.043765
DWPC	CuGbCtDrD	0.20132	0.56218	0.54778	0.0144	0.0040593	0.017247
DWPC	CuGbCuGaD	0.30755	0.57606	0.59151	-0.015445	0.017688	0.048791
DWPC	CuGbCuGdD	0.13589	0.55711	0.55449	0.0026201	0.38399	0.50301
DWPC	CuGbCuGuD	0.13192	0.55254	0.5563	-0.0037595	0.17916	0.27505
DWPC	CuGcG<rGaD	0.47974	0.6185	0.61254	0.0059553	0.037497	0.081244
DWPC	CuGcG<rGdD	0.21642	0.57944	0.56957	0.0098769	0.0010972	0.0076614
DWPC	CuGcG<rGuD	0.22331	0.57179	0.57253	-0.00073444	0.81275	0.85472
DWPC	CuGcGaD	0.23656	0.59428	0.59409	0.00019148	0.92149	0.93838
DWPC	CuGcGaDrD	0.36874	0.58633	0.56018	0.026146	0.018872	0.050711
DWPC	CuGcGbCpD	0.074172	0.53203	0.5426	-0.010561	0.026983	0.065035
DWPC	CuGcGbCtD	0.19788	0.58558	0.58953	-0.0039521	0.17053	0.26512
DWPC	CuGcGcGaD	0.5155	0.62128	0.6204	0.00087895	0.80365	0.8466
DWPC	CuGcGcGdD	0.25086	0.57934	0.57483	0.0045146	0.11586	0.19475
DWPC	CuGcGcGuD	0.25245	0.57805	0.58541	-0.0073591	0.030485	0.070823
DWPC	CuGcGdAlD	0.50066	0.58944	0.58581	0.0036291	0.60491	0.70199
DWPC	CuGcGdCpD	0.062252	0.52703	0.53677	-0.0097394	0.019783	0.051877
DWPC	CuGcGdCtD	0.27417	0.61489	0.61286	0.0020318	0.40878	0.52699
DWPC	CuGcGdD	0.12371	0.56102	0.54418	0.016844	0.0037719	0.01664
DWPC	CuGcGdDrD	0.27391	0.57176	0.54909	0.022667	0.018711	0.050711
DWPC	CuGcGeAlD	0.62675	0.60098	0.59555	0.0054356	0.08742	0.15826
DWPC	CuGcGiGaD	0.53272	0.62536	0.61783	0.007525	0.076304	0.14085
DWPC	CuGcGiGdD	0.23868	0.57922	0.57065	0.0085759	0.030278	0.070475
DWPC	CuGcGiGuD	0.23656	0.58023	0.57756	0.0026679	0.36908	0.48601
DWPC	CuGcGr>GaD	0.49642	0.61988	0.61478	0.0051046	0.025893	0.063793
DWPC	CuGcGr>GdD	0.22517	0.57199	0.57219	-0.00020894	0.93989	0.95078
DWPC	CuGcGr>GuD	0.22993	0.57624	0.57411	0.0021248	0.53341	0.64278
DWPC	CuGcGuAlD	0.49748	0.58558	0.58715	-0.0015736	0.81891	0.85898
DWPC	CuGcGuCpD	0.060397	0.52797	0.53143	-0.0034585	0.35699	0.47417
DWPC	CuGcGuCtD	0.28053	0.61888	0.62062	-0.0017404	0.74687	0.80744
DWPC	CuGcGuD	0.11709	0.55754	0.55	0.0075431	0.051738	0.1036
DWPC	CuGcGuDrD	0.26702	0.56148	0.54648	0.015003	0.049739	0.10051
DWPC	CuGdAdGaD	0.65881	0.62053	0.62339	-0.0028547	0.46569	0.5795
DWPC	CuGdAdGdD	0.32424	0.59323	0.58161	0.011623	0.014842	0.04385
DWPC	CuGdAdGuD	0.33219	0.60243	0.59945	0.0029818	0.34522	0.46104
DWPC	CuGdAeGaD	0.65881	0.62126	0.62284	-0.0015746	0.68683	0.76163
DWPC	CuGdAeGdD	0.3253	0.59404	0.58189	0.012148	0.014498	0.043305
DWPC	CuGdAeGuD	0.33245	0.60195	0.5996	0.002351	0.45272	0.56741
DWPC	CuGdAlD	0.48053	0.58841	0.58769	0.00071523	0.91714	0.93473
DWPC	CuGdAlDrD	0.58967	0.58116	0.57746	0.0036957	0.3224	0.43629
DWPC	CuGdAuGaD	0.65881	0.62109	0.6231	-0.0020075	0.59419	0.69285
DWPC	CuGdAuGdD	0.32477	0.59426	0.58174	0.012523	0.01342	0.04112
DWPC	CuGdAuGuD	0.33166	0.60229	0.5996	0.0026936	0.38472	0.50301
DWPC	CuGdCbGaD	0.48848	0.60032	0.61726	-0.016938	0.02391	0.059508
DWPC	CuGdCbGdD	0.18967	0.5665	0.56363	0.0028682	0.48467	0.59412
DWPC	CuGdCbGuD	0.19921	0.55949	0.56487	-0.0053859	0.14301	0.22904
DWPC	CuGdCdGaD	0.55099	0.61205	0.62029	-0.0082432	0.11021	0.18732
DWPC	CuGdCdGdD	0.25589	0.57915	0.57659	0.0025615	0.45763	0.57297
DWPC	CuGdCdGuD	0.27311	0.5855	0.58673	-0.0012271	0.82301	0.86168
DWPC	CuGdCpD	0.065695	0.54406	0.53053	0.013536	0.015726	0.045216
DWPC	CuGdCpDrD	0.17377	0.55575	0.546	0.0097449	0.2754	0.3878
DWPC	CuGdCrCpD	0.14013	0.57266	0.57139	0.0012701	0.76797	0.82177
DWPC	CuGdCrCtD	0.32318	0.61163	0.629	-0.017371	0.019015	0.050711
DWPC	CuGdCtD	0.28609	0.59932	0.6253	-0.025983	0.0026738	0.013122
DWPC	CuGdCtDrD	0.41669	0.56677	0.5683	-0.0015319	0.7663	0.8207
DWPC	CuGdCuGaD	0.56556	0.62062	0.61945	0.0011743	0.78095	0.83056
DWPC	CuGdCuGdD	0.26543	0.5777	0.57681	0.00088711	0.7701	0.8226
DWPC	CuGdCuGuD	0.26093	0.58091	0.58649	-0.0055801	0.11062	0.18774
DWPC	CuGdD	0.076556	0.54696	0.53314	0.013823	0.00013924	0.0022897
DWPC	CuGdDaGaD	0.53351	0.62082	0.60936	0.011457	0.0066359	0.024938
DWPC	CuGdDaGdD	0.22781	0.57434	0.56691	0.0074289	0.027369	0.065578
DWPC	CuGdDaGuD	0.23046	0.5761	0.57062	0.0054847	0.015604	0.045216
DWPC	CuGdDdGaD	0.51179	0.61886	0.61469	0.0041685	0.10587	0.18247
DWPC	CuGdDdGdD	0.24424	0.57848	0.57403	0.004457	0.19277	0.29083
DWPC	CuGdDdGuD	0.23921	0.57328	0.57549	-0.0022072	0.48588	0.59434
DWPC	CuGdDlAlD	0.51523	0.60282	0.5925	0.010324	0.016404	0.046809
DWPC	CuGdDpCpD	0.1147	0.56485	0.55369	0.011161	0.021159	0.054433
DWPC	CuGdDpCtD	0.13722	0.55917	0.5942	-0.035027	0.0046349	0.018943
DWPC	CuGdDpSpD	0.51073	0.59919	0.59031	0.0088802	0.03189	0.072569
DWPC	CuGdDrD	0.20424	0.57459	0.54536	0.029229	0.010381	0.034709
DWPC	CuGdDrDrD	0.37272	0.59095	0.57118	0.019764	0.011219	0.036415
DWPC	CuGdDtCpD	0.05457	0.54017	0.53743	0.0027358	0.58333	0.68476
DWPC	CuGdDtCtD	0.29907	0.62107	0.62024	0.00083229	0.78908	0.83702
DWPC	CuGdDuGaD	0.51656	0.6208	0.61471	0.0060853	0.0056594	0.022095
DWPC	CuGdDuGdD	0.23788	0.584	0.57069	0.013316	0.0022511	0.011981
DWPC	CuGdDuGuD	0.24371	0.58577	0.58442	0.0013492	0.68599	0.76138
DWPC	CuGeAdGaD	0.66649	0.62272	0.62484	-0.0021208	0.54143	0.64739
DWPC	CuGeAdGdD	0.32954	0.594	0.5819	0.0121	0.011277	0.03645
DWPC	CuGeAdGuD	0.33695	0.6033	0.59985	0.0034452	0.24394	0.35445
DWPC	CuGeAeGaD	0.64704	0.58216	0.58121	0.00094444	0.82827	0.86508
DWPC	CuGeAeGdD	0.30144	0.5679	0.56994	-0.0020396	0.4953	0.60345
DWPC	CuGeAeGuD	0.31228	0.5794	0.59001	-0.010604	0.017783	0.048942
DWPC	CuGeAlD	0.64397	0.60044	0.59613	0.0043152	0.27234	0.38429
DWPC	CuGeAlDrD	0.63921	0.58704	0.58068	0.0063609	0.1582	0.24881
DWPC	CuGeAuGaD	0.66649	0.62201	0.62461	-0.0025981	0.48084	0.59113
DWPC	CuGeAuGdD	0.32954	0.59445	0.58181	0.012643	0.011234	0.036415
DWPC	CuGeAuGuD	0.33669	0.60294	0.6	0.0029368	0.30957	0.42433
DWPC	CuGiG<rGaD	0.61828	0.62007	0.62102	-0.00094465	0.7618	0.8169
DWPC	CuGiG<rGdD	0.28026	0.57886	0.57718	0.0016838	0.51242	0.62307
DWPC	CuGiG<rGuD	0.28477	0.58369	0.58439	-0.00069444	0.8768	0.90342
DWPC	CuGiGaD	0.48265	0.62062	0.61826	0.0023684	0.63761	0.72878
DWPC	CuGiGaDrD	0.56291	0.58724	0.57863	0.0086105	0.22052	0.32428
DWPC	CuGiGbCpD	0.14675	0.57279	0.57004	0.0027476	0.52626	0.63672
DWPC	CuGiGbCtD	0.3404	0.60889	0.6243	-0.015403	0.044081	0.09208
DWPC	CuGiGcGaD	0.49589	0.61782	0.62303	-0.0052031	0.20933	0.31195
DWPC	CuGiGcGdD	0.24636	0.57424	0.57376	0.00048182	0.88414	0.90944
DWPC	CuGiGcGuD	0.2498	0.57863	0.57744	0.0011954	0.6776	0.75531
DWPC	CuGiGdAlD	0.54649	0.58344	0.58721	-0.0037728	0.66511	0.74465
DWPC	CuGiGdCpD	0.14411	0.55651	0.56072	-0.0042052	0.29091	0.40351
DWPC	CuGiGdCtD	0.47205	0.61191	0.63724	-0.025326	0.013736	0.041756
DWPC	CuGiGdD	0.19947	0.5717	0.56425	0.0074451	0.072414	0.1351
DWPC	CuGiGdDrD	0.38146	0.56739	0.54721	0.020181	0.12904	0.21252
DWPC	CuGiGeAlD	0.65272	0.59811	0.59613	0.001979	0.58893	0.68934
DWPC	CuGiGiGaD	0.65642	0.61858	0.62174	-0.0031585	0.45034	0.56734
DWPC	CuGiGiGdD	0.32132	0.58915	0.58019	0.0089665	0.030695	0.070906
DWPC	CuGiGiGuD	0.32132	0.59804	0.59573	0.002301	0.41601	0.53344
DWPC	CuGiGr>GaD	0.62305	0.61572	0.62175	-0.0060252	0.17422	0.26925
DWPC	CuGiGr>GdD	0.28556	0.58216	0.57779	0.0043684	0.26444	0.37618
DWPC	CuGiGr>GuD	0.29722	0.58585	0.5886	-0.0027515	0.53139	0.6422
DWPC	CuGiGuAlD	0.54384	0.58292	0.58702	-0.0040948	0.64457	0.73135
DWPC	CuGiGuCpD	0.13987	0.56501	0.54909	0.01592	0.00092858	0.0069615
DWPC	CuGiGuCtD	0.45854	0.61308	0.63791	-0.024824	0.0060579	0.023279
DWPC	CuGiGuD	0.20927	0.56931	0.5654	0.0039153	0.1923	0.29047
DWPC	CuGiGuDrD	0.40503	0.56167	0.55038	0.011292	0.40637	0.52548
DWPC	CuGpBPpGaD	0.65987	0.61878	0.62086	-0.0020774	0.5919	0.69083
DWPC	CuGpBPpGdD	0.3155	0.59222	0.58133	0.01089	0.021345	0.054683
DWPC	CuGpBPpGuD	0.31523	0.59592	0.59549	0.00043542	0.89897	0.92005
DWPC	CuGpCCpGaD	0.62808	0.61717	0.61968	-0.0025074	0.57187	0.67389
DWPC	CuGpCCpGdD	0.29748	0.58925	0.57876	0.010488	0.013779	0.041782
DWPC	CuGpCCpGuD	0.28795	0.5832	0.58856	-0.0053583	0.095561	0.16827
DWPC	CuGpMFpGaD	0.6355	0.6205	0.62051	-9.6926e-06	0.99814	0.99814
DWPC	CuGpMFpGdD	0.30146	0.58854	0.57936	0.0091774	0.033635	0.075279
DWPC	CuGpMFpGuD	0.30093	0.59272	0.59099	0.0017326	0.60441	0.70199
DWPC	CuGpPWpGaD	0.61298	0.62224	0.61966	0.0025848	0.55583	0.65952
DWPC	CuGpPWpGdD	0.2845	0.59215	0.57832	0.013833	0.0032447	0.015019
DWPC	CuGpPWpGuD	0.28265	0.59119	0.59159	-0.000397	0.89	0.91239
DWPC	CuGr>G<rGaD	0.65589	0.62251	0.62157	0.00094426	0.74495	0.80703
DWPC	CuGr>G<rGdD	0.30225	0.59126	0.57806	0.013203	0.013673	0.041667
DWPC	CuGr>G<rGuD	0.31073	0.59463	0.58813	0.006495	0.27546	0.3878
DWPC	CuGr>GaD	0.52662	0.61862	0.6247	-0.0060878	0.046603	0.095552
DWPC	CuGr>GaDrD	0.60556	0.5843	0.58147	0.0028217	0.70822	0.77688
DWPC	CuGr>GbCpD	0.15894	0.57229	0.57817	-0.0058758	0.23301	0.33938
DWPC	CuGr>GbCtD	0.44318	0.63879	0.63506	0.0037319	0.36724	0.48464
DWPC	CuGr>GcGaD	0.58887	0.61672	0.62266	-0.0059459	0.090791	0.1622
DWPC	CuGr>GcGdD	0.28	0.58311	0.57606	0.0070546	0.020828	0.053943
DWPC	CuGr>GcGuD	0.2853	0.5798	0.58634	-0.0065419	0.088607	0.1597
DWPC	CuGr>GdAlD	0.54993	0.58485	0.58718	-0.0023289	0.75883	0.81628
DWPC	CuGr>GdCpD	0.26596	0.58048	0.57541	0.0050647	0.39314	0.51108
DWPC	CuGr>GdCtD	0.62146	0.61889	0.63312	-0.014229	0.052201	0.10406
DWPC	CuGr>GdD	0.23815	0.57108	0.56829	0.002795	0.29069	0.40351
DWPC	CuGr>GdDrD	0.45377	0.555	0.54853	0.0064705	0.59138	0.69083
DWPC	CuGr>GeAlD	0.64848	0.60096	0.5961	0.0048578	0.16408	0.2564
DWPC	CuGr>GiGaD	0.65298	0.6211	0.61895	0.0021491	0.55067	0.65587
DWPC	CuGr>GiGdD	0.30914	0.59027	0.57897	0.0113	0.014167	0.04264
DWPC	CuGr>GiGuD	0.30993	0.59441	0.59062	0.0037894	0.21647	0.31986
DWPC	CuGr>Gr>GaD	0.64503	0.62048	0.62214	-0.0016646	0.6174	0.71348
DWPC	CuGr>Gr>GdD	0.3004	0.5883	0.57872	0.0095769	0.034008	0.075731
DWPC	CuGr>Gr>GuD	0.31099	0.59273	0.59224	0.00048621	0.909	0.92798
DWPC	CuGr>GuAlD	0.5502	0.58669	0.58697	-0.00027959	0.97255	0.97735
DWPC	CuGr>GuCpD	0.25033	0.58245	0.5699	0.012553	0.15022	0.23893
DWPC	CuGr>GuCtD	0.59682	0.62663	0.63526	-0.0086328	0.19119	0.28951
DWPC	CuGr>GuD	0.25457	0.57833	0.57476	0.0035621	0.35614	0.47356
DWPC	CuGr>GuDrD	0.45748	0.56003	0.55043	0.0096	0.42284	0.54106
DWPC	CuGuAdGaD	0.66172	0.62151	0.62374	-0.0022312	0.54774	0.65301
DWPC	CuGuAdGdD	0.32662	0.594	0.58193	0.012071	0.013538	0.04136
DWPC	CuGuAdGuD	0.33377	0.60279	0.59946	0.0033319	0.29812	0.41117
DWPC	CuGuAeGaD	0.66172	0.62161	0.62347	-0.0018585	0.62847	0.72247
DWPC	CuGuAeGdD	0.32689	0.59465	0.58184	0.012808	0.01167	0.037332
DWPC	CuGuAeGuD	0.33351	0.60269	0.59965	0.0030386	0.34072	0.45553
DWPC	CuGuAlD	0.47815	0.5881	0.58752	0.00058361	0.94664	0.95603
DWPC	CuGuAlDrD	0.59285	0.5801	0.57765	0.0024506	0.44581	0.56454
DWPC	CuGuAuGaD	0.66172	0.62201	0.62368	-0.0016747	0.64978	0.73619
DWPC	CuGuAuGdD	0.32636	0.59459	0.58195	0.012645	0.014507	0.043305
DWPC	CuGuAuGuD	0.33272	0.60341	0.59971	0.0037065	0.2488	0.35981
DWPC	CuGuCbGaD	0.63338	0.62823	0.62226	0.0059743	0.049218	0.10034
DWPC	CuGuCbGdD	0.2604	0.56354	0.57294	-0.0093931	0.040957	0.086891
DWPC	CuGuCbGuD	0.26834	0.57297	0.56935	0.0036226	0.16186	0.25358
DWPC	CuGuCdGaD	0.63179	0.6314	0.62691	0.0044893	0.15406	0.24386
DWPC	CuGuCdGdD	0.28583	0.58452	0.57691	0.0076092	0.055655	0.10941
DWPC	CuGuCdGuD	0.31126	0.59772	0.58904	0.0086767	0.18305	0.28031
DWPC	CuGuCpD	0.14517	0.55899	0.54752	0.011463	0.017439	0.048501
DWPC	CuGuCpDrD	0.34172	0.55908	0.55156	0.0075234	0.50283	0.61202
DWPC	CuGuCrCpD	0.24159	0.58415	0.58544	-0.0012832	0.81573	0.85711
DWPC	CuGuCrCtD	0.48689	0.67716	0.63959	0.037578	0.0027025	0.013157
DWPC	CuGuCtD	0.44344	0.67283	0.64016	0.032665	0.0057322	0.02229
DWPC	CuGuCtDrD	0.56132	0.6102	0.5667	0.043505	0.00035312	0.0039152
DWPC	CuGuCuGaD	0.64795	0.63444	0.62606	0.0083811	0.029438	0.068915
DWPC	CuGuCuGdD	0.30411	0.59078	0.5776	0.013173	0.0056201	0.022083
DWPC	CuGuCuGuD	0.29536	0.59086	0.59048	0.00038797	0.85632	0.88679
DWPC	CuGuD	0.083444	0.54932	0.53225	0.017066	0.00069528	0.0059134
DWPC	CuGuDaGaD	0.56821	0.6107	0.60983	0.00087123	0.78549	0.83467
DWPC	CuGuDaGdD	0.22887	0.56813	0.56593	0.002195	0.53389	0.64278
DWPC	CuGuDaGuD	0.24079	0.57448	0.57148	0.0030079	0.26273	0.37462
DWPC	CuGuDdGaD	0.54305	0.61204	0.61486	-0.0028197	0.33001	0.4456
DWPC	CuGuDdGdD	0.26305	0.5751	0.57258	0.0025249	0.1804	0.27661
DWPC	CuGuDdGuD	0.25325	0.57011	0.57517	-0.0050637	0.20851	0.3115
DWPC	CuGuDlAlD	0.54543	0.59287	0.59157	0.0013008	0.6649	0.74465
DWPC	CuGuDpCpD	0.10887	0.55062	0.55646	-0.005838	0.12713	0.21079
DWPC	CuGuDpCtD	0.14358	0.5519	0.59295	-0.041054	0.00043472	0.0044641
DWPC	CuGuDpSpD	0.54967	0.5887	0.58788	0.00081843	0.77587	0.82733
DWPC	CuGuDrD	0.20795	0.5502	0.5426	0.0075958	0.29441	0.40743
DWPC	CuGuDrDrD	0.38066	0.56882	0.57074	-0.0019178	0.70022	0.77157
DWPC	CuGuDtCpD	0.061457	0.5352	0.53793	-0.0027336	0.49208	0.60033
DWPC	CuGuDtCtD	0.30384	0.60925	0.61849	-0.009235	0.071825	0.13431
DWPC	CuGuDuGaD	0.56371	0.61563	0.61456	0.0010748	0.6436	0.73135
DWPC	CuGuDuGdD	0.25272	0.57649	0.56911	0.007384	0.0048502	0.019626
DWPC	CuGuDuGuD	0.25854	0.57776	0.58231	-0.004547	0.1211	0.20189
degree	DaG	1	0.67621	0.6768	-0.00058493	0.69149	0.7654
degree	DdG	0.4845	0.56206	0.56258	-0.00051717	0.73118	0.79735
degree	DlA	0.98623	0.5765	0.56651	0.0099845	0.034275	0.076014
degree	DpC	0.51099	0.59093	0.60053	-0.0095949	0.012994	0.0402
degree	DpS	0.98623	0.55647	0.54864	0.0078389	0.031168	0.071426
degree	DrD	0.96424	0.47847	0.46797	0.010501	0.001071	0.0075653
degree	DtC	1	0.75526	0.76482	-0.0095607	0.0085914	0.030343
degree	DuG	0.5004	0.57868	0.58149	-0.0028079	0.095563	0.16827
