abbreviation	length	midpoint_index	optimal_join_index	sequential_complexity
CbGaD	2	1	2	1.706732543946901
CbGdD	2	1	2	1.487695881502091
CbGuD	2	1	2	1.4938056350026265
CdGaD	2	1	2	1.9676852690617828
CdGdD	2	1	2	1.7486486066169729
CdGuD	2	1	2	1.7547583601175083
CpDrD	2	1	2	1.3534532979665137
CrCpD	2	1	2	1.376459262948858
CrCtD	2	1	2	1.663341607551547
CtDrD	2	1	2	1.6403356425692028
CuGaD	2	1	2	1.9165018744280085
CuGdD	2	1	2	1.6974652119831986
CuGuD	2	1	2	1.703574965483734
CbG<rGaD	3	1	3	2.809997964422929
CbG<rGdD	3	1	3	2.590961301978119
CbG<rGuD	3	1	3	2.5970710554786547
CbGaDrD	3	1	2	2.6058418020433223
CbGbCpD	3	1	3	1.0691137454220931
CbGbCtD	3	1	3	1.355996090024782
CbGcGaD	3	1	3	2.4769180644924744
CbGcGdD	3	1	3	2.2578814020476643
CbGcGuD	3	1	3	2.2639911555482
CbGdAlD	3	1	2	3.5675084579454284
CbGdCpD	3	1	3	1.3300664705369751
CbGdCtD	3	1	3	1.616948815139664
CbGdDrD	3	1	2	2.3868051395985126
CbGeAlD	3	1	2	4.279209272891182
CbGiGaD	3	1	3	2.863031038946666
CbGiGdD	3	1	3	2.6439943765018565
CbGiGuD	3	1	3	2.6501041300023918
CbGr>GaD	3	1	3	2.809997964422929
CbGr>GdD	3	1	3	2.590961301978119
CbGr>GuD	3	1	3	2.5970710554786547
CbGuAlD	3	1	2	3.5484395702948666
CbGuCpD	3	1	3	1.2788830759032006
CbGuCtD	3	1	3	1.5657654205058895
CbGuDrD	3	1	2	2.392914893099048
CcSEcCpD	3	1	1	3.7906742292140714
CcSEcCtD	3	1	1	4.077556573816761
CdG<rGaD	3	1	3	3.0709506895378107
CdG<rGdD	3	1	3	2.851914027093001
CdG<rGuD	3	1	3	2.8580237805935362
CdGaDrD	3	1	2	2.8667945271582043
CdGbCpD	3	1	3	1.3300664705369751
CdGbCtD	3	1	3	1.616948815139664
CdGcGaD	3	1	3	2.737870789607356
CdGcGdD	3	1	3	2.5188341271625463
CdGcGuD	3	1	3	2.524943880663082
CdGdAlD	3	1	2	3.828461183060311
CdGdCpD	3	1	3	1.591019195651857
CdGdCtD	3	1	3	1.877901540254546
CdGdDrD	3	1	2	2.647757864713394
CdGeAlD	3	1	2	4.540161998006065
CdGiGaD	3	1	3	3.123983764061548
CdGiGdD	3	1	3	2.904947101616738
CdGiGuD	3	1	3	2.9110568551172737
CdGr>GaD	3	1	3	3.0709506895378107
CdGr>GdD	3	1	3	2.851914027093001
CdGr>GuD	3	1	3	2.8580237805935362
CdGuAlD	3	1	2	3.8093922954097486
CdGuCpD	3	1	3	1.5398358010180824
CdGuCtD	3	1	3	1.8267181456207715
CdGuDrD	3	1	2	2.65386761821393
CiPCiCpD	3	1	3	0.7563527386930771
CiPCiCtD	3	1	3	1.043235083295766
CpDaGaD	3	1	3	2.1988682724461306
CpDaGdD	3	1	3	1.979831610001321
CpDaGuD	3	1	3	1.9859413635018561
CpDdGaD	3	1	3	1.979831610001321
CpDdGdD	3	1	3	1.760794947556511
CpDdGuD	3	1	3	1.7669047010570464
CpDlAlD	3	1	2	2.8264848365962445
CpDpCpD	3	1	3	0.3088609698445144
CpDpCtD	3	1	3	0.5957433144472034
CpDpSpD	3	1	2	2.728052044705611
CpDrDrD	3	1	2	2.2525625560629354
CpDtCpD	3	1	3	0.5957433144472034
CpDtCtD	3	1	3	0.8826256590498924
CpDuGaD	3	1	3	1.9859413635018561
CpDuGdD	3	1	3	1.7669047010570464
CpDuGuD	3	1	3	1.7730144545575817
CrCbGaD	3	1	3	2.6288477670256665
CrCbGdD	3	1	3	2.4098111045808563
CrCbGuD	3	1	3	2.415920858081392
CrCdGaD	3	1	3	2.8898004921405485
CrCdGdD	3	1	3	2.6707638296957383
CrCdGuD	3	1	3	2.676873583196274
CrCpDrD	3	1	2	2.275568521045279
CrCrCpD	3	1	3	2.2985744860276234
CrCrCtD	3	1	3	2.5854568306303123
CrCtDrD	3	1	2	2.5624508656479685
CrCuGaD	3	1	3	2.838617097506774
CrCuGdD	3	1	3	2.6195804350619643
CrCuGuD	3	1	3	2.6256901885624995
CtDaGaD	3	1	3	2.4857506170488195
CtDaGdD	3	1	3	2.26671395460401
CtDaGuD	3	1	3	2.2728237081045455
CtDdGaD	3	1	3	2.26671395460401
CtDdGdD	3	1	3	2.0476772921592
CtDdGuD	3	1	3	2.0537870456597354
CtDlAlD	3	1	2	3.1133671811989334
CtDpCpD	3	1	3	0.5957433144472034
CtDpCtD	3	1	3	0.8826256590498924
CtDpSpD	3	1	2	3.0149343893083
CtDrDrD	3	1	2	2.5394449006656243
CtDtCpD	3	1	3	0.8826256590498924
CtDtCtD	3	1	3	1.1695080036525816
CtDuGaD	3	1	3	2.2728237081045455
CtDuGdD	3	1	3	2.0537870456597354
CtDuGuD	3	1	3	2.0598967991602706
CuG<rGaD	3	1	3	3.0197672949040366
CuG<rGdD	3	1	3	2.8007306324592265
CuG<rGuD	3	1	3	2.806840385959762
CuGaDrD	3	1	2	2.8156111325244297
CuGbCpD	3	1	3	1.2788830759032006
CuGbCtD	3	1	3	1.5657654205058895
CuGcGaD	3	1	3	2.686687394973582
CuGcGdD	3	1	3	2.4676507325287718
CuGcGuD	3	1	3	2.4737604860293074
CuGdAlD	3	1	2	3.7772777884265363
CuGdCpD	3	1	3	1.5398358010180824
CuGdCtD	3	1	3	1.8267181456207715
CuGdDrD	3	1	2	2.59657447007962
CuGeAlD	3	1	2	4.48897860337229
CuGiGaD	3	1	3	3.0728003694277737
CuGiGdD	3	1	3	2.853763706982964
CuGiGuD	3	1	3	2.859873460483499
CuGr>GaD	3	1	3	3.0197672949040366
CuGr>GdD	3	1	3	2.8007306324592265
CuGr>GuD	3	1	3	2.806840385959762
CuGuAlD	3	1	2	3.758208900775974
CuGuCpD	3	1	3	1.488652406384308
CuGuCtD	3	1	3	1.775534750986997
CuGuDrD	3	1	2	2.6026842235801553
CbG<rG<rGaD	4	2	4	3.913263384898957
CbG<rG<rGdD	4	2	4	3.694226722454147
CbG<rG<rGuD	4	2	4	3.700336475954683
CbG<rGaDrD	4	2	3	3.7091072225193504
CbG<rGbCpD	4	2	4	2.1723791658981213
CbG<rGbCtD	4	2	4	2.45926151050081
CbG<rGcGaD	4	2	4	3.580183484968502
CbG<rGcGdD	4	2	4	3.3611468225236925
CbG<rGcGuD	4	2	4	3.3672565760242277
CbG<rGdAlD	4	2	3	4.670773878421457
CbG<rGdCpD	4	2	4	2.4333318910130033
CbG<rGdCtD	4	2	4	2.720214235615692
CbG<rGdDrD	4	2	3	3.4900705600745408
CbG<rGeAlD	4	2	3	5.382474693367211
CbG<rGiGaD	4	2	4	3.9662964594226944
CbG<rGiGdD	4	2	4	3.7472597969778847
CbG<rGiGuD	4	2	4	3.75336955047842
CbG<rGr>GaD	4	2	4	3.913263384898957
CbG<rGr>GdD	4	2	4	3.694226722454147
CbG<rGr>GuD	4	2	4	3.700336475954683
CbG<rGuAlD	4	2	3	4.651704990770894
CbG<rGuCpD	4	2	4	2.3821484963792288
CbG<rGuCtD	4	2	4	2.6690308409819177
CbG<rGuDrD	4	2	3	3.496180313575076
CbGaDaGaD	4	2	2	3.451256776522939
CbGaDaGdD	4	2	2	3.2322201140781295
CbGaDaGuD	4	2	2	3.2383298675786647
CbGaDdGaD	4	2	2	3.2322201140781295
CbGaDdGdD	4	2	2	3.0131834516333194
CbGaDdGuD	4	2	2	3.019293205133855
CbGaDlAlD	4	2	3	4.078873340673053
CbGaDpCpD	4	2	4	1.5612494739213227
CbGaDpCtD	4	2	2	1.8481318185240119
CbGaDpSpD	4	2	3	3.9804405487824197
CbGaDrDrD	4	2	3	3.5049510601397436
CbGaDtCpD	4	2	2	1.8481318185240119
CbGaDtCtD	4	2	2	2.135014163126701
CbGaDuGaD	4	2	2	3.2383298675786647
CbGaDuGdD	4	2	2	3.019293205133855
CbGaDuGuD	4	2	2	3.0254029586343902
CbGbCbGaD	4	2	4	2.3215022494989013
CbGbCbGdD	4	2	4	2.1024655870540916
CbGbCbGuD	4	2	4	2.1085753405546273
CbGbCdGaD	4	2	4	2.5824549746137837
CbGbCdGdD	4	2	4	2.3634183121689736
CbGbCdGuD	4	2	4	2.369528065669509
CbGbCpDrD	4	2	4	1.9682230035185144
CbGbCrCpD	4	2	4	1.9912289685008586
CbGbCrCtD	4	2	4	2.2781113131035475
CbGbCtDrD	4	2	3	2.2551053481212033
CbGbCuGaD	4	2	4	2.531271579980009
CbGbCuGdD	4	2	4	2.312234917535199
CbGbCuGuD	4	2	4	2.3183446710357347
CbGcG<rGaD	4	2	4	3.5801834849685026
CbGcG<rGdD	4	2	4	3.3611468225236925
CbGcG<rGuD	4	2	4	3.367256576024228
CbGcGaDrD	4	2	3	3.3760273225888957
CbGcGbCpD	4	2	4	1.8392992659676666
CbGcGbCtD	4	2	4	2.1261816105703555
CbGcGcGaD	4	2	4	3.2471035850380474
CbGcGcGdD	4	2	4	3.0280669225932377
CbGcGcGuD	4	2	4	3.034176676093773
CbGcGdAlD	4	2	3	4.337693978491002
CbGcGdCpD	4	2	4	2.1002519910825486
CbGcGdCtD	4	2	4	2.3871343356852375
CbGcGdDrD	4	2	3	3.1569906601440856
CbGcGeAlD	4	2	3	5.049394793436756
CbGcGiGaD	4	2	4	3.6332165594922397
CbGcGiGdD	4	2	4	3.4141798970474295
CbGcGiGuD	4	2	4	3.420289650547965
CbGcGr>GaD	4	2	4	3.5801834849685026
CbGcGr>GdD	4	2	4	3.3611468225236925
CbGcGr>GuD	4	2	4	3.367256576024228
CbGcGuAlD	4	2	3	4.31862509084044
CbGcGuCpD	4	2	4	2.049068596448774
CbGcGuCtD	4	2	4	2.335950941051463
CbGcGuDrD	4	2	3	3.1631004136446212
CbGdAdGaD	4	2	2	4.800667807793842
CbGdAdGdD	4	2	2	4.581631145349033
CbGdAdGuD	4	2	2	4.587740898849568
CbGdAeGaD	4	2	2	5.512368622739596
CbGdAeGdD	4	2	2	5.293331960294787
CbGdAeGuD	4	2	2	5.299441713795322
CbGdAlDrD	4	2	2	4.46661771604185
CbGdAuGaD	4	2	2	4.7815989201432805
CbGdAuGdD	4	2	2	4.56256225769847
CbGdAuGuD	4	2	2	4.568672011199006
CbGdCbGaD	4	2	4	2.5824549746137837
CbGdCbGdD	4	2	4	2.3634183121689736
CbGdCbGuD	4	2	4	2.369528065669509
CbGdCdGaD	4	2	4	2.8434076997286652
CbGdCdGdD	4	2	4	2.6243710372838556
CbGdCdGuD	4	2	4	2.630480790784391
CbGdCpDrD	4	2	3	2.2291757286333964
CbGdCrCpD	4	2	4	2.2521816936157406
CbGdCrCtD	4	2	4	2.5390640382184295
CbGdCtDrD	4	2	3	2.5160580732360853
CbGdCuGaD	4	2	4	2.792224305094891
CbGdCuGdD	4	2	4	2.573187642650081
CbGdCuGuD	4	2	4	2.5792973961506167
CbGdDaGaD	4	2	2	3.2322201140781295
CbGdDaGdD	4	2	2	3.0131834516333194
CbGdDaGuD	4	2	2	3.019293205133855
CbGdDdGaD	4	2	2	3.0131834516333194
CbGdDdGdD	4	2	2	2.7941467891885097
CbGdDdGuD	4	2	2	2.800256542689045
CbGdDlAlD	4	2	3	3.859836678228243
CbGdDpCpD	4	2	4	1.342212811476513
CbGdDpCtD	4	2	4	1.629095156079202
CbGdDpSpD	4	2	3	3.7614038863376096
CbGdDrDrD	4	2	3	3.285914397694934
CbGdDtCpD	4	2	4	1.629095156079202
CbGdDtCtD	4	2	2	1.915977500681891
CbGdDuGaD	4	2	2	3.019293205133855
CbGdDuGdD	4	2	2	2.800256542689045
CbGdDuGuD	4	2	2	2.80636629618958
CbGeAdGaD	4	2	2	5.512368622739596
CbGeAdGdD	4	2	2	5.293331960294787
CbGeAdGuD	4	2	2	5.299441713795322
CbGeAeGaD	4	2	2	6.22406943768535
CbGeAeGdD	4	2	2	6.005032775240541
CbGeAeGuD	4	2	2	6.011142528741076
CbGeAlDrD	4	2	2	5.178318530987604
CbGeAuGaD	4	2	2	5.4932997350890345
CbGeAuGdD	4	2	2	5.274263072644224
CbGeAuGuD	4	2	2	5.28037282614476
CbGiG<rGaD	4	2	4	3.9662964594226944
CbGiG<rGdD	4	2	4	3.7472597969778842
CbGiG<rGuD	4	2	4	3.75336955047842
CbGiGaDrD	4	2	3	3.7621402970430875
CbGiGbCpD	4	2	4	2.2254122404218584
CbGiGbCtD	4	2	4	2.5122945850245473
CbGiGcGaD	4	2	4	3.6332165594922397
CbGiGcGdD	4	2	4	3.4141798970474295
CbGiGcGuD	4	2	4	3.420289650547965
CbGiGdAlD	4	2	3	4.723806952945194
CbGiGdCpD	4	2	4	2.4863649655367404
CbGiGdCtD	4	2	4	2.7732473101394293
CbGiGdDrD	4	2	3	3.543103634598278
CbGiGeAlD	4	2	3	5.435507767890948
CbGiGiGaD	4	2	4	4.019329533946432
CbGiGiGdD	4	2	4	3.8002928715016218
CbGiGiGuD	4	2	4	3.806402625002157
CbGiGr>GaD	4	2	4	3.9662964594226944
CbGiGr>GdD	4	2	4	3.7472597969778842
CbGiGr>GuD	4	2	4	3.75336955047842
CbGiGuAlD	4	2	3	4.704738065294632
CbGiGuCpD	4	2	4	2.435181570902966
CbGiGuCtD	4	2	4	2.7220639155056547
CbGiGuDrD	4	2	3	3.549213388098813
CbGpBPpGaD	4	2	2	4.825078147365367
CbGpBPpGdD	4	2	2	4.606041484920558
CbGpBPpGuD	4	2	2	4.612151238421093
CbGpCCpGaD	4	2	2	3.975679334887415
CbGpCCpGdD	4	2	2	3.7566426724426054
CbGpCCpGuD	4	2	2	3.7627524259431406
CbGpMFpGaD	4	2	2	3.901186025019776
CbGpMFpGdD	4	2	2	3.682149362574966
CbGpMFpGuD	4	2	2	3.6882591160755016
CbGpPWpGaD	4	2	2	3.977500494578641
CbGpPWpGdD	4	2	2	3.7584638321338315
CbGpPWpGuD	4	2	2	3.7645735856343667
CbGr>G<rGaD	4	2	4	3.913263384898957
CbGr>G<rGdD	4	2	4	3.694226722454147
CbGr>G<rGuD	4	2	4	3.700336475954683
CbGr>GaDrD	4	2	3	3.7091072225193504
CbGr>GbCpD	4	2	4	2.1723791658981213
CbGr>GbCtD	4	2	4	2.45926151050081
CbGr>GcGaD	4	2	4	3.580183484968502
CbGr>GcGdD	4	2	4	3.3611468225236925
CbGr>GcGuD	4	2	4	3.3672565760242277
CbGr>GdAlD	4	2	3	4.670773878421457
CbGr>GdCpD	4	2	4	2.4333318910130033
CbGr>GdCtD	4	2	4	2.720214235615692
CbGr>GdDrD	4	2	3	3.4900705600745408
CbGr>GeAlD	4	2	3	5.382474693367211
CbGr>GiGaD	4	2	4	3.9662964594226944
CbGr>GiGdD	4	2	4	3.7472597969778847
CbGr>GiGuD	4	2	4	3.75336955047842
CbGr>Gr>GaD	4	2	4	3.913263384898957
CbGr>Gr>GdD	4	2	4	3.694226722454147
CbGr>Gr>GuD	4	2	4	3.700336475954683
CbGr>GuAlD	4	2	3	4.651704990770894
CbGr>GuCpD	4	2	4	2.3821484963792288
CbGr>GuCtD	4	2	4	2.6690308409819177
CbGr>GuDrD	4	2	3	3.496180313575076
CbGuAdGaD	4	2	2	4.7815989201432805
CbGuAdGdD	4	2	2	4.56256225769847
CbGuAdGuD	4	2	2	4.568672011199006
CbGuAeGaD	4	2	2	5.4932997350890345
CbGuAeGdD	4	2	2	5.274263072644224
CbGuAeGuD	4	2	2	5.28037282614476
CbGuAlDrD	4	2	2	4.447548828391287
CbGuAuGaD	4	2	2	4.762530032492718
CbGuAuGdD	4	2	2	4.5434933700479085
CbGuAuGuD	4	2	2	4.549603123548444
CbGuCbGaD	4	2	4	2.531271579980009
CbGuCbGdD	4	2	4	2.312234917535199
CbGuCbGuD	4	2	4	2.3183446710357347
CbGuCdGaD	4	2	4	2.792224305094891
CbGuCdGdD	4	2	4	2.573187642650081
CbGuCdGuD	4	2	4	2.5792973961506167
CbGuCpDrD	4	2	3	2.177992333999622
CbGuCrCpD	4	2	4	2.200998298981966
CbGuCrCtD	4	2	4	2.487880643584655
CbGuCtDrD	4	2	3	2.464874678602311
CbGuCuGaD	4	2	4	2.7410409104611166
CbGuCuGdD	4	2	4	2.5220042480163065
CbGuCuGuD	4	2	4	2.528114001516842
CbGuDaGaD	4	2	2	3.2383298675786647
CbGuDaGdD	4	2	2	3.019293205133855
CbGuDaGuD	4	2	2	3.0254029586343902
CbGuDdGaD	4	2	2	3.019293205133855
CbGuDdGdD	4	2	2	2.800256542689045
CbGuDdGuD	4	2	2	2.80636629618958
CbGuDlAlD	4	2	3	3.8659464317287786
CbGuDpCpD	4	2	4	1.3483225649770485
CbGuDpCtD	4	2	4	1.6352049095797374
CbGuDpSpD	4	2	3	3.7675136398381452
CbGuDrDrD	4	2	3	3.292024151195469
CbGuDtCpD	4	2	4	1.6352049095797374
CbGuDtCtD	4	2	2	1.9220872541824265
CbGuDuGaD	4	2	2	3.0254029586343902
CbGuDuGdD	4	2	2	2.8063662961895806
CbGuDuGuD	4	2	2	2.8124760496901158
CcSEcCbGaD	4	2	2	5.0430627332908795
CcSEcCbGdD	4	2	2	4.82402607084607
CcSEcCbGuD	4	2	2	4.8301358243466055
CcSEcCdGaD	4	2	2	5.304015458405762
CcSEcCdGdD	4	2	2	5.084978795960952
CcSEcCdGuD	4	2	2	5.091088549461487
CcSEcCpDrD	4	2	3	4.689783487310493
CcSEcCrCpD	4	2	2	4.712789452292837
CcSEcCrCtD	4	2	2	4.999671796895526
CcSEcCtDrD	4	2	3	4.976665831913182
CcSEcCuGaD	4	2	2	5.252832063771987
CcSEcCuGdD	4	2	2	5.033795401327177
CcSEcCuGuD	4	2	2	5.0399051548277125
CdG<rG<rGaD	4	2	4	4.174216110013839
CdG<rG<rGdD	4	2	4	3.955179447569029
CdG<rG<rGuD	4	2	4	3.9612892010695644
CdG<rGaDrD	4	2	3	3.9700599476342324
CdG<rGbCpD	4	2	4	2.4333318910130033
CdG<rGbCtD	4	2	4	2.720214235615692
CdG<rGcGaD	4	2	4	3.841136210083384
CdG<rGcGdD	4	2	4	3.6220995476385744
CdG<rGcGuD	4	2	4	3.6282093011391097
CdG<rGdAlD	4	2	3	4.9317266035363385
CdG<rGdCpD	4	2	4	2.694284616127885
CdG<rGdCtD	4	2	4	2.981166960730574
CdG<rGdDrD	4	2	3	3.7510232851894223
CdG<rGeAlD	4	2	3	5.6434274184820925
CdG<rGiGaD	4	2	4	4.227249184537576
CdG<rGiGdD	4	2	4	4.008212522092767
CdG<rGiGuD	4	2	4	4.014322275593302
CdG<rGr>GaD	4	2	4	4.174216110013839
CdG<rGr>GdD	4	2	4	3.955179447569029
CdG<rGr>GuD	4	2	4	3.9612892010695644
CdG<rGuAlD	4	2	3	4.912657715885777
CdG<rGuCpD	4	2	4	2.6431012214941108
CdG<rGuCtD	4	2	4	2.9299835660967997
CdG<rGuDrD	4	2	3	3.757133038689958
CdGaDaGaD	4	2	2	3.712209501637821
CdGaDaGdD	4	2	2	3.493172839193011
CdGaDaGuD	4	2	2	3.4992825926935467
CdGaDdGaD	4	2	2	3.493172839193011
CdGaDdGdD	4	2	2	3.2741361767482013
CdGaDdGuD	4	2	2	3.2802459302487366
CdGaDlAlD	4	2	3	4.339826065787935
CdGaDpCpD	4	2	4	1.8222021990362047
CdGaDpCtD	4	2	2	2.1090845436388936
CdGaDpSpD	4	2	2	4.241393273897302
CdGaDrDrD	4	2	2	3.7659037852546255
CdGaDtCpD	4	2	2	2.1090845436388936
CdGaDtCtD	4	2	2	2.395966888241583
CdGaDuGaD	4	2	2	3.4992825926935467
CdGaDuGdD	4	2	2	3.2802459302487366
CdGaDuGuD	4	2	2	3.2863556837492722
CdGbCbGaD	4	2	4	2.5824549746137837
CdGbCbGdD	4	2	4	2.3634183121689736
CdGbCbGuD	4	2	4	2.369528065669509
CdGbCdGaD	4	2	4	2.8434076997286652
CdGbCdGdD	4	2	4	2.6243710372838556
CdGbCdGuD	4	2	4	2.630480790784391
CdGbCpDrD	4	2	3	2.2291757286333964
CdGbCrCpD	4	2	4	2.2521816936157406
CdGbCrCtD	4	2	4	2.5390640382184295
CdGbCtDrD	4	2	3	2.5160580732360853
CdGbCuGaD	4	2	4	2.792224305094891
CdGbCuGdD	4	2	4	2.573187642650081
CdGbCuGuD	4	2	4	2.5792973961506167
CdGcG<rGaD	4	2	4	3.841136210083384
CdGcG<rGdD	4	2	4	3.6220995476385744
CdGcG<rGuD	4	2	4	3.6282093011391097
CdGcGaDrD	4	2	3	3.6369800477037777
CdGcGbCpD	4	2	4	2.1002519910825486
CdGcGbCtD	4	2	4	2.3871343356852375
CdGcGcGaD	4	2	4	3.5080563101529294
CdGcGcGdD	4	2	4	3.2890196477081197
CdGcGcGuD	4	2	4	3.295129401208655
CdGcGdAlD	4	2	3	4.598646703605884
CdGcGdCpD	4	2	4	2.36120471619743
CdGcGdCtD	4	2	4	2.648087060800119
CdGcGdDrD	4	2	3	3.4179433852589676
CdGcGeAlD	4	2	3	5.310347518551638
CdGcGiGaD	4	2	4	3.8941692846071216
CdGcGiGdD	4	2	4	3.6751326221623115
CdGcGiGuD	4	2	4	3.6812423756628467
CdGcGr>GaD	4	2	4	3.841136210083384
CdGcGr>GdD	4	2	4	3.6220995476385744
CdGcGr>GuD	4	2	4	3.6282093011391097
CdGcGuAlD	4	2	3	4.5795778159553215
CdGcGuCpD	4	2	4	2.310021321563656
CdGcGuCtD	4	2	4	2.596903666166345
CdGcGuDrD	4	2	3	3.4240531387595032
CdGdAdGaD	4	2	2	5.061620532908725
CdGdAdGdD	4	2	2	4.842583870463915
CdGdAdGuD	4	2	2	4.84869362396445
CdGdAeGaD	4	2	2	5.773321347854479
CdGdAeGdD	4	2	2	5.554284685409669
CdGdAeGuD	4	2	2	5.560394438910204
CdGdAlDrD	4	2	2	4.727570441156732
CdGdAuGaD	4	2	2	5.042551645258162
CdGdAuGdD	4	2	2	4.823514982813352
CdGdAuGuD	4	2	2	4.829624736313888
CdGdCbGaD	4	2	4	2.8434076997286652
CdGdCbGdD	4	2	4	2.6243710372838556
CdGdCbGuD	4	2	4	2.630480790784391
CdGdCdGaD	4	2	2	3.1043604248435472
CdGdCdGdD	4	2	4	2.8853237623987376
CdGdCdGuD	4	2	4	2.8914335158992728
CdGdCpDrD	4	2	3	2.4901284537482784
CdGdCrCpD	4	2	4	2.513134418730622
CdGdCrCtD	4	2	4	2.8000167633333115
CdGdCtDrD	4	2	3	2.7770107983509673
CdGdCuGaD	4	2	2	3.0531770302097727
CdGdCuGdD	4	2	4	2.834140367764963
CdGdCuGuD	4	2	4	2.8402501212654983
CdGdDaGaD	4	2	2	3.493172839193011
CdGdDaGdD	4	2	2	3.2741361767482013
CdGdDaGuD	4	2	2	3.2802459302487366
CdGdDdGaD	4	2	2	3.2741361767482013
CdGdDdGdD	4	2	2	3.0550995143033917
CdGdDdGuD	4	2	2	3.061209267803927
CdGdDlAlD	4	2	3	4.120789403343125
CdGdDpCpD	4	2	4	1.6031655365913948
CdGdDpCtD	4	2	2	1.890047881194084
CdGdDpSpD	4	2	3	4.022356611452492
CdGdDrDrD	4	2	3	3.546867122809816
CdGdDtCpD	4	2	2	1.890047881194084
CdGdDtCtD	4	2	2	2.176930225796773
CdGdDuGaD	4	2	2	3.2802459302487366
CdGdDuGdD	4	2	2	3.061209267803927
CdGdDuGuD	4	2	2	3.067319021304462
CdGeAdGaD	4	2	2	5.773321347854479
CdGeAdGdD	4	2	2	5.554284685409669
CdGeAdGuD	4	2	2	5.560394438910204
CdGeAeGaD	4	2	2	6.485022162800233
CdGeAeGdD	4	2	2	6.265985500355423
CdGeAeGuD	4	2	2	6.272095253855958
CdGeAlDrD	4	2	2	5.439271256102486
CdGeAuGaD	4	2	2	5.754252460203916
CdGeAuGdD	4	2	2	5.535215797759107
CdGeAuGuD	4	2	2	5.541325551259642
CdGiG<rGaD	4	2	2	4.227249184537576
CdGiG<rGdD	4	2	4	4.008212522092767
CdGiG<rGuD	4	2	2	4.014322275593302
CdGiGaDrD	4	2	3	4.02309302215797
CdGiGbCpD	4	2	4	2.4863649655367404
CdGiGbCtD	4	2	4	2.7732473101394293
CdGiGcGaD	4	2	4	3.8941692846071216
CdGiGcGdD	4	2	4	3.6751326221623115
CdGiGcGuD	4	2	4	3.681242375662847
CdGiGdAlD	4	2	3	4.984759678060076
CdGiGdCpD	4	2	4	2.7473176906516223
CdGiGdCtD	4	2	4	3.0342000352543113
CdGiGdDrD	4	2	3	3.80405635971316
CdGiGeAlD	4	2	3	5.69646049300583
CdGiGiGaD	4	2	2	4.280282259061313
CdGiGiGdD	4	2	2	4.061245596616503
CdGiGiGuD	4	2	2	4.0673553501170385
CdGiGr>GaD	4	2	2	4.227249184537576
CdGiGr>GdD	4	2	4	4.008212522092767
CdGiGr>GuD	4	2	2	4.014322275593302
CdGiGuAlD	4	2	3	4.965690790409513
CdGiGuCpD	4	2	4	2.696134296017848
CdGiGuCtD	4	2	4	2.9830166406205367
CdGiGuDrD	4	2	3	3.810166113213695
CdGpBPpGaD	4	2	2	5.08603087248025
CdGpBPpGdD	4	2	2	4.86699421003544
CdGpBPpGuD	4	2	2	4.873103963535975
CdGpCCpGaD	4	2	2	4.2366320600022975
CdGpCCpGdD	4	2	2	4.017595397557487
CdGpCCpGuD	4	2	2	4.023705151058023
CdGpMFpGaD	4	2	2	4.162138750134658
CdGpMFpGdD	4	2	2	3.943102087689848
CdGpMFpGuD	4	2	2	3.9492118411903836
CdGpPWpGaD	4	2	2	4.238453219693523
CdGpPWpGdD	4	2	2	4.0194165572487135
CdGpPWpGuD	4	2	2	4.025526310749249
CdGr>G<rGaD	4	2	4	4.174216110013839
CdGr>G<rGdD	4	2	4	3.955179447569029
CdGr>G<rGuD	4	2	4	3.9612892010695644
CdGr>GaDrD	4	2	3	3.9700599476342324
CdGr>GbCpD	4	2	4	2.4333318910130033
CdGr>GbCtD	4	2	4	2.720214235615692
CdGr>GcGaD	4	2	4	3.841136210083384
CdGr>GcGdD	4	2	4	3.6220995476385744
CdGr>GcGuD	4	2	4	3.6282093011391097
CdGr>GdAlD	4	2	3	4.9317266035363385
CdGr>GdCpD	4	2	4	2.694284616127885
CdGr>GdCtD	4	2	4	2.981166960730574
CdGr>GdDrD	4	2	3	3.7510232851894223
CdGr>GeAlD	4	2	3	5.6434274184820925
CdGr>GiGaD	4	2	4	4.227249184537576
CdGr>GiGdD	4	2	4	4.008212522092767
CdGr>GiGuD	4	2	4	4.014322275593302
CdGr>Gr>GaD	4	2	4	4.174216110013839
CdGr>Gr>GdD	4	2	4	3.955179447569029
CdGr>Gr>GuD	4	2	4	3.9612892010695644
CdGr>GuAlD	4	2	3	4.912657715885777
CdGr>GuCpD	4	2	4	2.6431012214941108
CdGr>GuCtD	4	2	4	2.9299835660967997
CdGr>GuDrD	4	2	3	3.757133038689958
CdGuAdGaD	4	2	2	5.042551645258162
CdGuAdGdD	4	2	2	4.823514982813352
CdGuAdGuD	4	2	2	4.829624736313888
CdGuAeGaD	4	2	2	5.754252460203916
CdGuAeGdD	4	2	2	5.535215797759107
CdGuAeGuD	4	2	2	5.541325551259642
CdGuAlDrD	4	2	2	4.70850155350617
CdGuAuGaD	4	2	2	5.0234827576076
CdGuAuGdD	4	2	2	4.80444609516279
CdGuAuGuD	4	2	2	4.810555848663325
CdGuCbGaD	4	2	4	2.792224305094891
CdGuCbGdD	4	2	4	2.573187642650081
CdGuCbGuD	4	2	4	2.5792973961506167
CdGuCdGaD	4	2	4	3.0531770302097727
CdGuCdGdD	4	2	4	2.834140367764963
CdGuCdGuD	4	2	4	2.8402501212654983
CdGuCpDrD	4	2	3	2.438945059114504
CdGuCrCpD	4	2	4	2.461951024096848
CdGuCrCtD	4	2	4	2.748833368699537
CdGuCtDrD	4	2	3	2.725827403717193
CdGuCuGaD	4	2	4	3.0019936355759986
CdGuCuGdD	4	2	4	2.7829569731311885
CdGuCuGuD	4	2	4	2.7890667266317237
CdGuDaGaD	4	2	2	3.4992825926935467
CdGuDaGdD	4	2	2	3.2802459302487366
CdGuDaGuD	4	2	2	3.2863556837492722
CdGuDdGaD	4	2	2	3.2802459302487366
CdGuDdGdD	4	2	2	3.061209267803927
CdGuDdGuD	4	2	2	3.0673190213044625
CdGuDlAlD	4	2	3	4.126899156843661
CdGuDpCpD	4	2	4	1.6092752900919303
CdGuDpCtD	4	2	2	1.8961576346946194
CdGuDpSpD	4	2	3	4.028466364953027
CdGuDrDrD	4	2	3	3.552976876310351
CdGuDtCpD	4	2	2	1.8961576346946194
CdGuDtCtD	4	2	2	2.1830399792973085
CdGuDuGaD	4	2	2	3.2863556837492722
CdGuDuGdD	4	2	2	3.0673190213044625
CdGuDuGuD	4	2	2	3.0734287748049978
CiPCiCbGaD	4	2	4	2.0087412427698856
CiPCiCbGdD	4	2	4	1.7897045803250757
CiPCiCbGuD	4	2	4	1.7958143338256112
CiPCiCdGaD	4	2	4	2.269693967884767
CiPCiCdGdD	4	2	4	2.0506573054399575
CiPCiCdGuD	4	2	4	2.056767058940493
CiPCiCpDrD	4	2	4	1.6554619967894983
CiPCiCrCpD	4	2	4	1.6784679617718425
CiPCiCrCtD	4	2	4	1.9653503063745315
CiPCiCtDrD	4	2	4	1.9423443413921875
CiPCiCuGaD	4	2	4	2.218510573250993
CiPCiCuGdD	4	2	4	1.9994739108061832
CiPCiCuGuD	4	2	4	2.0055836643067186
CpDaG<rGaD	4	2	4	3.3021336929221587
CpDaG<rGdD	4	2	4	3.083097030477349
CpDaG<rGuD	4	2	4	3.0892067839778843
CpDaGaDrD	4	2	3	3.097977530542552
CpDaGbCpD	4	2	4	1.561249473921323
CpDaGbCtD	4	2	4	1.8481318185240119
CpDaGcGaD	4	2	4	2.969053792991704
CpDaGcGdD	4	2	4	2.7500171305468943
CpDaGcGuD	4	2	4	2.7561268840474296
CpDaGdAlD	4	2	3	4.059644186444658
CpDaGdCpD	4	2	4	1.8222021990362047
CpDaGdCtD	4	2	4	2.1090845436388936
CpDaGdDrD	4	2	3	2.878940868097742
CpDaGeAlD	4	2	3	4.771345001390412
CpDaGiGaD	4	2	4	3.355166767445896
CpDaGiGdD	4	2	4	3.136130105001086
CpDaGiGuD	4	2	4	3.1422398585016214
CpDaGr>GaD	4	2	4	3.3021336929221587
CpDaGr>GdD	4	2	4	3.083097030477349
CpDaGr>GuD	4	2	4	3.0892067839778843
CpDaGuAlD	4	2	3	4.040575298794097
CpDaGuCpD	4	2	4	1.7710188044024302
CpDaGuCtD	4	2	4	2.0579011490051196
CpDaGuDrD	4	2	3	2.8850506215982774
CpDdG<rGaD	4	2	4	3.083097030477349
CpDdG<rGdD	4	2	4	2.864060368032539
CpDdG<rGuD	4	2	4	2.8701701215330746
CpDdGaDrD	4	2	3	2.878940868097742
CpDdGbCpD	4	2	4	1.342212811476513
CpDdGbCtD	4	2	4	1.6290951560792022
CpDdGcGaD	4	2	4	2.7500171305468943
CpDdGcGdD	4	2	4	2.530980468102084
CpDdGcGuD	4	2	4	2.53709022160262
CpDdGdAlD	4	2	3	3.8406075239998487
CpDdGdCpD	4	2	4	1.603165536591395
CpDdGdCtD	4	2	4	1.890047881194084
CpDdGdDrD	4	2	3	2.6599042056529325
CpDdGeAlD	4	2	3	4.552308338945602
CpDdGiGaD	4	2	4	3.136130105001086
CpDdGiGdD	4	2	4	2.9170934425562765
CpDdGiGuD	4	2	4	2.9232031960568117
CpDdGr>GaD	4	2	4	3.083097030477349
CpDdGr>GdD	4	2	4	2.864060368032539
CpDdGr>GuD	4	2	4	2.8701701215330746
CpDdGuAlD	4	2	3	3.8215386363492865
CpDdGuCpD	4	2	4	1.5519821419576205
CpDdGuCtD	4	2	4	1.8388644865603097
CpDdGuDrD	4	2	3	2.6660139591534677
CpDlAdGaD	4	2	2	4.059644186444658
CpDlAdGdD	4	2	2	3.8406075239998487
CpDlAdGuD	4	2	2	3.846717277500384
CpDlAeGaD	4	2	2	4.771345001390412
CpDlAeGdD	4	2	2	4.552308338945602
CpDlAeGuD	4	2	2	4.558418092446138
CpDlAlDrD	4	2	3	3.725594094692666
CpDlAuGaD	4	2	2	4.040575298794097
CpDlAuGdD	4	2	2	3.8215386363492865
CpDlAuGuD	4	2	2	3.8276483898498217
CpDpCbGaD	4	2	4	1.561249473921323
CpDpCbGdD	4	2	4	1.342212811476513
CpDpCbGuD	4	2	4	1.3483225649770485
CpDpCdGaD	4	2	4	1.8222021990362047
CpDpCdGdD	4	2	4	1.6031655365913948
CpDpCdGuD	4	2	4	1.6092752900919303
CpDpCpDrD	4	2	4	1.207970227940936
CpDpCrCpD	4	2	4	1.2309761929232799
CpDpCrCtD	4	2	4	1.517858537525969
CpDpCtDrD	4	2	4	1.4948525725436248
CpDpCuGaD	4	2	4	1.7710188044024302
CpDpCuGdD	4	2	4	1.5519821419576205
CpDpCuGuD	4	2	4	1.5580918954581557
CpDpSpDrD	4	2	3	3.6271613028020324
CpDrDaGaD	4	2	2	3.097977530542552
CpDrDaGdD	4	2	2	2.878940868097742
CpDrDaGuD	4	2	2	2.8850506215982774
CpDrDdGaD	4	2	2	2.878940868097742
CpDrDdGdD	4	2	2	2.6599042056529325
CpDrDdGuD	4	2	2	2.6660139591534677
CpDrDlAlD	4	2	3	3.725594094692666
CpDrDpCpD	4	2	4	1.207970227940936
CpDrDpCtD	4	2	4	1.4948525725436248
CpDrDpSpD	4	2	3	3.6271613028020324
CpDrDrDrD	4	2	3	3.1516718141593567
CpDrDtCpD	4	2	4	1.4948525725436248
CpDrDtCtD	4	2	2	1.781734917146314
CpDrDuGaD	4	2	2	2.8850506215982774
CpDrDuGdD	4	2	2	2.6660139591534677
CpDrDuGuD	4	2	2	2.672123712654003
CpDtCbGaD	4	2	4	1.8481318185240119
CpDtCbGdD	4	2	4	1.6290951560792022
CpDtCbGuD	4	2	4	1.6352049095797374
CpDtCdGaD	4	2	4	2.1090845436388936
CpDtCdGdD	4	2	4	1.890047881194084
CpDtCdGuD	4	2	4	1.8961576346946194
CpDtCpDrD	4	2	4	1.4948525725436248
CpDtCrCpD	4	2	4	1.517858537525969
CpDtCrCtD	4	2	4	1.804740882128658
CpDtCtDrD	4	2	4	1.7817349171463137
CpDtCuGaD	4	2	4	2.0579011490051196
CpDtCuGdD	4	2	4	1.8388644865603097
CpDtCuGuD	4	2	4	1.8449742400608449
CpDuG<rGaD	4	2	4	3.0892067839778843
CpDuG<rGdD	4	2	4	2.8701701215330746
CpDuG<rGuD	4	2	4	2.87627987503361
CpDuGaDrD	4	2	3	2.8850506215982774
CpDuGbCpD	4	2	4	1.3483225649770485
CpDuGbCtD	4	2	4	1.6352049095797374
CpDuGcGaD	4	2	4	2.7561268840474296
CpDuGcGdD	4	2	4	2.53709022160262
CpDuGcGuD	4	2	4	2.543199975103155
CpDuGdAlD	4	2	3	3.846717277500384
CpDuGdCpD	4	2	4	1.6092752900919303
CpDuGdCtD	4	2	4	1.8961576346946194
CpDuGdDrD	4	2	3	2.6660139591534677
CpDuGeAlD	4	2	3	4.558418092446138
CpDuGiGaD	4	2	4	3.1422398585016214
CpDuGiGdD	4	2	4	2.9232031960568117
CpDuGiGuD	4	2	4	2.929312949557347
CpDuGr>GaD	4	2	4	3.0892067839778843
CpDuGr>GdD	4	2	4	2.8701701215330746
CpDuGr>GuD	4	2	4	2.87627987503361
CpDuGuAlD	4	2	3	3.8276483898498217
CpDuGuCpD	4	2	4	1.5580918954581557
CpDuGuCtD	4	2	4	1.8449742400608449
CpDuGuDrD	4	2	3	2.672123712654003
CrCbG<rGaD	4	2	4	3.7321131875016946
CrCbG<rGdD	4	2	4	3.5130765250568845
CrCbG<rGuD	4	2	4	3.51918627855742
CrCbGaDrD	4	2	3	3.5279570251220878
CrCbGbCpD	4	2	4	1.9912289685008586
CrCbGbCtD	4	2	4	2.2781113131035475
CrCbGcGaD	4	2	4	3.39903328757124
CrCbGcGdD	4	2	4	3.1799966251264298
CrCbGcGuD	4	2	4	3.1861063786269654
CrCbGdAlD	4	2	3	4.489623681024194
CrCbGdCpD	4	2	4	2.2521816936157406
CrCbGdCtD	4	2	4	2.5390640382184295
CrCbGdDrD	4	2	3	3.308920362677278
CrCbGeAlD	4	2	3	5.201324495969948
CrCbGiGaD	4	2	4	3.7851462620254317
CrCbGiGdD	4	2	4	3.5661095995806216
CrCbGiGuD	4	2	4	3.5722193530811572
CrCbGr>GaD	4	2	4	3.7321131875016946
CrCbGr>GdD	4	2	4	3.5130765250568845
CrCbGr>GuD	4	2	4	3.51918627855742
CrCbGuAlD	4	2	3	4.470554793373632
CrCbGuCpD	4	2	4	2.200998298981966
CrCbGuCtD	4	2	4	2.487880643584655
CrCbGuDrD	4	2	3	3.3150301161778133
CrCcSEcCpD	4	2	2	4.712789452292837
CrCcSEcCtD	4	2	2	4.999671796895526
CrCdG<rGaD	4	2	4	3.9930659126165766
CrCdG<rGdD	4	2	4	3.7740292501717665
CrCdG<rGuD	4	2	4	3.7801390036723017
CrCdGaDrD	4	2	3	3.7889097502369697
CrCdGbCpD	4	2	4	2.2521816936157406
CrCdGbCtD	4	2	4	2.5390640382184295
CrCdGcGaD	4	2	4	3.6599860126861214
CrCdGcGdD	4	2	4	3.4409493502413118
CrCdGcGuD	4	2	4	3.4470591037418474
CrCdGdAlD	4	2	3	4.750576406139076
CrCdGdCpD	4	2	4	2.513134418730622
CrCdGdCtD	4	2	4	2.8000167633333115
CrCdGdDrD	4	2	3	3.5698730877921596
CrCdGeAlD	4	2	3	5.46227722108483
CrCdGiGaD	4	2	4	4.046098987140313
CrCdGiGdD	4	2	4	3.8270623246955036
CrCdGiGuD	4	2	4	3.8331720781960392
CrCdGr>GaD	4	2	4	3.9930659126165766
CrCdGr>GdD	4	2	4	3.7740292501717665
CrCdGr>GuD	4	2	4	3.7801390036723017
CrCdGuAlD	4	2	3	4.731507518488514
CrCdGuCpD	4	2	4	2.461951024096848
CrCdGuCtD	4	2	4	2.748833368699537
CrCdGuDrD	4	2	3	3.5759828412926953
CrCiPCiCpD	4	2	4	1.6784679617718425
CrCiPCiCtD	4	2	4	1.9653503063745315
CrCpDaGaD	4	2	2	3.120983495524896
CrCpDaGdD	4	2	2	2.9019468330800864
CrCpDaGuD	4	2	2	2.9080565865806216
CrCpDdGaD	4	2	2	2.9019468330800864
CrCpDdGdD	4	2	2	2.6829101706352763
CrCpDdGuD	4	2	2	2.689019924135812
CrCpDlAlD	4	2	3	3.74860005967501
CrCpDpCpD	4	2	4	1.2309761929232799
CrCpDpCtD	4	2	4	1.517858537525969
CrCpDpSpD	4	2	3	3.6501672677843766
CrCpDrDrD	4	2	3	3.1746777791417005
CrCpDtCpD	4	2	4	1.517858537525969
CrCpDtCtD	4	2	2	1.804740882128658
CrCpDuGaD	4	2	2	2.9080565865806216
CrCpDuGdD	4	2	2	2.689019924135812
CrCpDuGuD	4	2	2	2.695129677636347
CrCrCbGaD	4	2	2	3.550962990104432
CrCrCbGdD	4	2	2	3.3319263276596223
CrCrCbGuD	4	2	2	3.3380360811601575
CrCrCdGaD	4	2	2	3.811915715219314
CrCrCdGdD	4	2	2	3.592879052774504
CrCrCdGuD	4	2	2	3.5989888062750395
CrCrCpDrD	4	2	3	3.197683744124045
CrCrCrCpD	4	2	2	3.220689709106389
CrCrCrCtD	4	2	2	3.5075720537090778
CrCrCtDrD	4	2	3	3.484566088726734
CrCrCuGaD	4	2	2	3.7607323205855394
CrCrCuGdD	4	2	2	3.5416956581407297
CrCrCuGuD	4	2	2	3.547805411641265
CrCtDaGaD	4	2	2	3.407865840127585
CrCtDaGdD	4	2	2	3.1888291776827753
CrCtDaGuD	4	2	2	3.1949389311833105
CrCtDdGaD	4	2	2	3.1888291776827753
CrCtDdGdD	4	2	2	2.9697925152379656
CrCtDdGuD	4	2	2	2.975902268738501
CrCtDlAlD	4	2	3	4.035482404277699
CrCtDpCpD	4	2	4	1.517858537525969
CrCtDpCtD	4	2	2	1.804740882128658
CrCtDpSpD	4	2	3	3.9370496123870655
CrCtDrDrD	4	2	3	3.46156012374439
CrCtDtCpD	4	2	2	1.804740882128658
CrCtDtCtD	4	2	2	2.091623226731347
CrCtDuGaD	4	2	2	3.1949389311833105
CrCtDuGdD	4	2	2	2.975902268738501
CrCtDuGuD	4	2	2	2.9820120222390365
CrCuG<rGaD	4	2	4	3.941882517982802
CrCuG<rGdD	4	2	4	3.722845855537992
CrCuG<rGuD	4	2	4	3.7289556090385276
CrCuGaDrD	4	2	3	3.737726355603195
CrCuGbCpD	4	2	4	2.200998298981966
CrCuGbCtD	4	2	4	2.487880643584655
CrCuGcGaD	4	2	4	3.6088026180523474
CrCuGcGdD	4	2	4	3.3897659556075372
CrCuGcGuD	4	2	4	3.395875709108073
CrCuGdAlD	4	2	3	4.699393011505301
CrCuGdCpD	4	2	4	2.461951024096848
CrCuGdCtD	4	2	4	2.748833368699537
CrCuGdDrD	4	2	3	3.5186896931583855
CrCuGeAlD	4	2	3	5.411093826451055
CrCuGiGaD	4	2	4	3.994915592506539
CrCuGiGdD	4	2	4	3.7758789300617295
CrCuGiGuD	4	2	4	3.7819886835622647
CrCuGr>GaD	4	2	4	3.941882517982802
CrCuGr>GdD	4	2	4	3.722845855537992
CrCuGr>GuD	4	2	4	3.7289556090385276
CrCuGuAlD	4	2	3	4.6803241238547395
CrCuGuCpD	4	2	4	2.4107676294630735
CrCuGuCtD	4	2	4	2.6976499740657625
CrCuGuDrD	4	2	3	3.5247994466589208
CtDaG<rGaD	4	2	4	3.5890160375248477
CtDaG<rGdD	4	2	4	3.369979375080038
CtDaG<rGuD	4	2	4	3.376089128580573
CtDaGaDrD	4	2	3	3.3848598751452412
CtDaGbCpD	4	2	4	1.8481318185240119
CtDaGbCtD	4	2	4	2.135014163126701
CtDaGcGaD	4	2	4	3.255936137594393
CtDaGcGdD	4	2	4	3.0368994751495832
CtDaGcGuD	4	2	4	3.0430092286501185
CtDaGdAlD	4	2	3	4.346526531047347
CtDaGdCpD	4	2	4	2.1090845436388936
CtDaGdCtD	4	2	4	2.395966888241583
CtDaGdDrD	4	2	3	3.165823212700431
CtDaGeAlD	4	2	3	5.058227345993101
CtDaGiGaD	4	2	4	3.642049112048585
CtDaGiGdD	4	2	4	3.423012449603775
CtDaGiGuD	4	2	4	3.4291222031043107
CtDaGr>GaD	4	2	4	3.5890160375248477
CtDaGr>GdD	4	2	4	3.369979375080038
CtDaGr>GuD	4	2	4	3.376089128580573
CtDaGuAlD	4	2	3	4.3274576433967855
CtDaGuCpD	4	2	4	2.0579011490051196
CtDaGuCtD	4	2	4	2.3447834936078085
CtDaGuDrD	4	2	3	3.1719329662009668
CtDdG<rGaD	4	2	4	3.369979375080038
CtDdG<rGdD	4	2	4	3.150942712635228
CtDdG<rGuD	4	2	4	3.1570524661357635
CtDdGaDrD	4	2	3	3.165823212700431
CtDdGbCpD	4	2	4	1.629095156079202
CtDdGbCtD	4	2	4	1.915977500681891
CtDdGcGaD	4	2	4	3.0368994751495832
CtDdGcGdD	4	2	4	2.817862812704773
CtDdGcGuD	4	2	4	2.823972566205309
CtDdGdAlD	4	2	3	4.127489868602537
CtDdGdCpD	4	2	4	1.890047881194084
CtDdGdCtD	4	2	4	2.176930225796773
CtDdGdDrD	4	2	3	2.9467865502556214
CtDdGeAlD	4	2	3	4.839190683548292
CtDdGiGaD	4	2	4	3.423012449603775
CtDdGiGdD	4	2	4	3.2039757871589654
CtDdGiGuD	4	2	4	3.2100855406595006
CtDdGr>GaD	4	2	4	3.369979375080038
CtDdGr>GdD	4	2	4	3.150942712635228
CtDdGr>GuD	4	2	4	3.1570524661357635
CtDdGuAlD	4	2	3	4.108420980951975
CtDdGuCpD	4	2	4	1.8388644865603094
CtDdGuCtD	4	2	4	2.1257468311629983
CtDdGuDrD	4	2	3	2.9528963037561566
CtDlAdGaD	4	2	2	4.346526531047347
CtDlAdGdD	4	2	2	4.127489868602537
CtDlAdGuD	4	2	2	4.133599622103073
CtDlAeGaD	4	2	2	5.058227345993101
CtDlAeGdD	4	2	2	4.839190683548292
CtDlAeGuD	4	2	2	4.845300437048827
CtDlAlDrD	4	2	3	4.012476439295355
CtDlAuGaD	4	2	2	4.3274576433967855
CtDlAuGdD	4	2	2	4.108420980951975
CtDlAuGuD	4	2	2	4.114530734452511
CtDpCbGaD	4	2	4	1.8481318185240119
CtDpCbGdD	4	2	4	1.6290951560792022
CtDpCbGuD	4	2	4	1.6352049095797374
CtDpCdGaD	4	2	4	2.1090845436388936
CtDpCdGdD	4	2	4	1.890047881194084
CtDpCdGuD	4	2	4	1.8961576346946194
CtDpCpDrD	4	2	4	1.4948525725436248
CtDpCrCpD	4	2	4	1.517858537525969
CtDpCrCtD	4	2	4	1.804740882128658
CtDpCtDrD	4	2	4	1.7817349171463137
CtDpCuGaD	4	2	4	2.0579011490051196
CtDpCuGdD	4	2	4	1.8388644865603097
CtDpCuGuD	4	2	4	1.8449742400608449
CtDpSpDrD	4	2	3	3.9140436474047213
CtDrDaGaD	4	2	2	3.3848598751452412
CtDrDaGdD	4	2	2	3.165823212700431
CtDrDaGuD	4	2	2	3.1719329662009668
CtDrDdGaD	4	2	2	3.165823212700431
CtDrDdGdD	4	2	2	2.9467865502556214
CtDrDdGuD	4	2	2	2.9528963037561566
CtDrDlAlD	4	2	3	4.012476439295355
CtDrDpCpD	4	2	4	1.4948525725436248
CtDrDpCtD	4	2	2	1.781734917146314
CtDrDpSpD	4	2	3	3.9140436474047213
CtDrDrDrD	4	2	3	3.4385541587620456
CtDrDtCpD	4	2	2	1.781734917146314
CtDrDtCtD	4	2	2	2.068617261749003
CtDrDuGaD	4	2	2	3.1719329662009663
CtDrDuGdD	4	2	2	2.9528963037561566
CtDrDuGuD	4	2	2	2.9590060572566923
CtDtCbGaD	4	2	4	2.135014163126701
CtDtCbGdD	4	2	4	1.915977500681891
CtDtCbGuD	4	2	4	1.9220872541824265
CtDtCdGaD	4	2	4	2.395966888241583
CtDtCdGdD	4	2	4	2.176930225796773
CtDtCdGuD	4	2	4	2.1830399792973085
CtDtCpDrD	4	2	4	1.781734917146314
CtDtCrCpD	4	2	4	1.804740882128658
CtDtCrCtD	4	2	4	2.091623226731347
CtDtCtDrD	4	2	3	2.068617261749003
CtDtCuGaD	4	2	4	2.3447834936078085
CtDtCuGdD	4	2	4	2.1257468311629983
CtDtCuGuD	4	2	4	2.131856584663534
CtDuG<rGaD	4	2	4	3.376089128580573
CtDuG<rGdD	4	2	4	3.1570524661357635
CtDuG<rGuD	4	2	4	3.1631622196362987
CtDuGaDrD	4	2	3	3.1719329662009668
CtDuGbCpD	4	2	4	1.6352049095797374
CtDuGbCtD	4	2	4	1.9220872541824265
CtDuGcGaD	4	2	4	3.0430092286501185
CtDuGcGdD	4	2	4	2.823972566205309
CtDuGcGuD	4	2	4	2.830082319705844
CtDuGdAlD	4	2	3	4.133599622103073
CtDuGdCpD	4	2	4	1.8961576346946194
CtDuGdCtD	4	2	4	2.1830399792973085
CtDuGdDrD	4	2	3	2.9528963037561566
CtDuGeAlD	4	2	3	4.845300437048827
CtDuGiGaD	4	2	4	3.4291222031043107
CtDuGiGdD	4	2	4	3.2100855406595006
CtDuGiGuD	4	2	4	3.2161952941600362
CtDuGr>GaD	4	2	4	3.376089128580573
CtDuGr>GdD	4	2	4	3.1570524661357635
CtDuGr>GuD	4	2	4	3.1631622196362987
CtDuGuAlD	4	2	3	4.114530734452511
CtDuGuCpD	4	2	4	1.8449742400608449
CtDuGuCtD	4	2	4	2.131856584663534
CtDuGuDrD	4	2	3	2.9590060572566923
CuG<rG<rGaD	4	2	4	4.123032715380065
CuG<rG<rGdD	4	2	4	3.9039960529352546
CuG<rG<rGuD	4	2	4	3.91010580643579
CuG<rGaDrD	4	2	3	3.918876553000458
CuG<rGbCpD	4	2	4	2.3821484963792288
CuG<rGbCtD	4	2	4	2.6690308409819177
CuG<rGcGaD	4	2	4	3.7899528154496096
CuG<rGcGdD	4	2	4	3.5709161530048
CuG<rGcGuD	4	2	4	3.577025906505335
CuG<rGdAlD	4	2	3	4.880543208902564
CuG<rGdCpD	4	2	4	2.6431012214941108
CuG<rGdCtD	4	2	4	2.9299835660967997
CuG<rGdDrD	4	2	3	3.6998398905556478
CuG<rGeAlD	4	2	3	5.592244023848318
CuG<rGiGaD	4	2	4	4.176065789903801
CuG<rGiGdD	4	2	4	3.9570291274589917
CuG<rGiGuD	4	2	4	3.9631388809595274
CuG<rGr>GaD	4	2	4	4.123032715380065
CuG<rGr>GdD	4	2	4	3.9039960529352546
CuG<rGr>GuD	4	2	4	3.91010580643579
CuG<rGuAlD	4	2	3	4.861474321252002
CuG<rGuCpD	4	2	4	2.5919178268603362
CuG<rGuCtD	4	2	4	2.878800171463025
CuG<rGuDrD	4	2	3	3.7059496440561834
CuGaDaGaD	4	2	2	3.6610261070040466
CuGaDaGdD	4	2	2	3.441989444559237
CuGaDaGuD	4	2	2	3.448099198059772
CuGaDdGaD	4	2	2	3.441989444559237
CuGaDdGdD	4	2	2	3.222952782114427
CuGaDdGuD	4	2	2	3.229062535614962
CuGaDlAlD	4	2	3	4.288642671154161
CuGaDpCpD	4	2	4	1.7710188044024302
CuGaDpCtD	4	2	2	2.0579011490051196
CuGaDpSpD	4	2	2	4.190209879263527
CuGaDrDrD	4	2	3	3.714720390620851
CuGaDtCpD	4	2	2	2.0579011490051196
CuGaDtCtD	4	2	2	2.3447834936078085
CuGaDuGaD	4	2	2	3.448099198059772
CuGaDuGdD	4	2	2	3.229062535614962
CuGaDuGuD	4	2	2	3.2351722891154977
CuGbCbGaD	4	2	4	2.531271579980009
CuGbCbGdD	4	2	4	2.312234917535199
CuGbCbGuD	4	2	4	2.3183446710357347
CuGbCdGaD	4	2	4	2.792224305094891
CuGbCdGdD	4	2	4	2.573187642650081
CuGbCdGuD	4	2	4	2.5792973961506167
CuGbCpDrD	4	2	3	2.177992333999622
CuGbCrCpD	4	2	4	2.200998298981966
CuGbCrCtD	4	2	4	2.487880643584655
CuGbCtDrD	4	2	3	2.464874678602311
CuGbCuGaD	4	2	4	2.7410409104611166
CuGbCuGdD	4	2	4	2.5220042480163065
CuGbCuGuD	4	2	4	2.528114001516842
CuGcG<rGaD	4	2	4	3.7899528154496096
CuGcG<rGdD	4	2	4	3.5709161530048
CuGcG<rGuD	4	2	4	3.577025906505335
CuGcGaDrD	4	2	3	3.585796653070003
CuGcGbCpD	4	2	4	2.049068596448774
CuGcGbCtD	4	2	4	2.335950941051463
CuGcGcGaD	4	2	4	3.456872915519155
CuGcGcGdD	4	2	4	3.237836253074345
CuGcGcGuD	4	2	4	3.2439460065748804
CuGcGdAlD	4	2	3	4.54746330897211
CuGcGdCpD	4	2	4	2.3100213215636556
CuGcGdCtD	4	2	4	2.596903666166345
CuGcGdDrD	4	2	3	3.366759990625193
CuGcGeAlD	4	2	3	5.259164123917864
CuGcGiGaD	4	2	4	3.842985889973347
CuGcGiGdD	4	2	4	3.623949227528537
CuGcGiGuD	4	2	4	3.6300589810290727
CuGcGr>GaD	4	2	4	3.7899528154496096
CuGcGr>GdD	4	2	4	3.5709161530048
CuGcGr>GuD	4	2	4	3.577025906505335
CuGcGuAlD	4	2	3	4.528394421321547
CuGcGuCpD	4	2	4	2.2588379269298815
CuGcGuCtD	4	2	4	2.5457202715325704
CuGcGuDrD	4	2	3	3.3728697441257287
CuGdAdGaD	4	2	2	5.01043713827495
CuGdAdGdD	4	2	2	4.79140047583014
CuGdAdGuD	4	2	2	4.797510229330675
CuGdAeGaD	4	2	2	5.722137953220704
CuGdAeGdD	4	2	2	5.503101290775894
CuGdAeGuD	4	2	2	5.509211044276429
CuGdAlDrD	4	2	2	4.676387046522957
CuGdAuGaD	4	2	2	4.9913682506243875
CuGdAuGdD	4	2	2	4.772331588179578
CuGdAuGuD	4	2	2	4.7784413416801135
CuGdCbGaD	4	2	4	2.792224305094891
CuGdCbGdD	4	2	4	2.573187642650081
CuGdCbGuD	4	2	4	2.5792973961506167
CuGdCdGaD	4	2	4	3.0531770302097727
CuGdCdGdD	4	2	4	2.834140367764963
CuGdCdGuD	4	2	4	2.8402501212654983
CuGdCpDrD	4	2	3	2.438945059114504
CuGdCrCpD	4	2	4	2.461951024096848
CuGdCrCtD	4	2	4	2.748833368699537
CuGdCtDrD	4	2	3	2.725827403717193
CuGdCuGaD	4	2	4	3.0019936355759986
CuGdCuGdD	4	2	4	2.7829569731311885
CuGdCuGuD	4	2	4	2.7890667266317237
CuGdDaGaD	4	2	2	3.441989444559237
CuGdDaGdD	4	2	2	3.222952782114427
CuGdDaGuD	4	2	2	3.2290625356149625
CuGdDdGaD	4	2	2	3.222952782114427
CuGdDdGdD	4	2	2	3.003916119669617
CuGdDdGuD	4	2	2	3.0100258731701524
CuGdDlAlD	4	2	3	4.069606008709351
CuGdDpCpD	4	2	4	1.5519821419576205
CuGdDpCtD	4	2	2	1.8388644865603097
CuGdDpSpD	4	2	3	3.971173216818717
CuGdDrDrD	4	2	3	3.4956837281760413
CuGdDtCpD	4	2	2	1.8388644865603097
CuGdDtCtD	4	2	2	2.125746831162999
CuGdDuGaD	4	2	2	3.2290625356149625
CuGdDuGdD	4	2	2	3.0100258731701524
CuGdDuGuD	4	2	2	3.016135626670688
CuGeAdGaD	4	2	2	5.722137953220704
CuGeAdGdD	4	2	2	5.503101290775894
CuGeAdGuD	4	2	2	5.509211044276429
CuGeAeGaD	4	2	2	6.433838768166458
CuGeAeGdD	4	2	2	6.214802105721648
CuGeAeGuD	4	2	2	6.220911859222183
CuGeAlDrD	4	2	2	5.388087861468712
CuGeAuGaD	4	2	2	5.7030690655701415
CuGeAuGdD	4	2	2	5.484032403125332
CuGeAuGuD	4	2	2	5.4901421566258675
CuGiG<rGaD	4	2	4	4.176065789903801
CuGiG<rGdD	4	2	4	3.9570291274589917
CuGiG<rGuD	4	2	4	3.9631388809595274
CuGiGaDrD	4	2	3	3.971909627524195
CuGiGbCpD	4	2	4	2.435181570902966
CuGiGbCtD	4	2	4	2.722063915505655
CuGiGcGaD	4	2	4	3.842985889973347
CuGiGcGdD	4	2	4	3.623949227528537
CuGiGcGuD	4	2	4	3.6300589810290727
CuGiGdAlD	4	2	3	4.9335762834263015
CuGiGdCpD	4	2	4	2.696134296017848
CuGiGdCtD	4	2	4	2.9830166406205367
CuGiGdDrD	4	2	3	3.7528729650793853
CuGiGeAlD	4	2	3	5.6452770983720555
CuGiGiGaD	4	2	2	4.229098864427539
CuGiGiGdD	4	2	4	4.010062201982729
CuGiGiGuD	4	2	4	4.016171955483264
CuGiGr>GaD	4	2	4	4.176065789903801
CuGiGr>GdD	4	2	4	3.9570291274589917
CuGiGr>GuD	4	2	4	3.9631388809595274
CuGiGuAlD	4	2	3	4.91450739577574
CuGiGuCpD	4	2	4	2.6449509013840733
CuGiGuCtD	4	2	4	2.931833245986762
CuGiGuDrD	4	2	3	3.7589827185799205
CuGpBPpGaD	4	2	2	5.034847477846475
CuGpBPpGdD	4	2	2	4.815810815401665
CuGpBPpGuD	4	2	2	4.8219205689022
CuGpCCpGaD	4	2	2	4.185448665368523
CuGpCCpGdD	4	2	2	3.966412002923713
CuGpCCpGuD	4	2	2	3.972521756424248
CuGpMFpGaD	4	2	2	4.1109553555008835
CuGpMFpGdD	4	2	2	3.891918693056074
CuGpMFpGuD	4	2	2	3.898028446556609
CuGpPWpGaD	4	2	2	4.187269825059749
CuGpPWpGdD	4	2	2	3.968233162614939
CuGpPWpGuD	4	2	2	3.974342916115474
CuGr>G<rGaD	4	2	4	4.123032715380065
CuGr>G<rGdD	4	2	4	3.9039960529352546
CuGr>G<rGuD	4	2	4	3.91010580643579
CuGr>GaDrD	4	2	3	3.918876553000458
CuGr>GbCpD	4	2	4	2.3821484963792288
CuGr>GbCtD	4	2	4	2.6690308409819177
CuGr>GcGaD	4	2	4	3.7899528154496096
CuGr>GcGdD	4	2	4	3.5709161530048
CuGr>GcGuD	4	2	4	3.577025906505335
CuGr>GdAlD	4	2	3	4.880543208902564
CuGr>GdCpD	4	2	4	2.6431012214941108
CuGr>GdCtD	4	2	4	2.9299835660967997
CuGr>GdDrD	4	2	3	3.6998398905556478
CuGr>GeAlD	4	2	3	5.592244023848318
CuGr>GiGaD	4	2	4	4.176065789903801
CuGr>GiGdD	4	2	4	3.9570291274589917
CuGr>GiGuD	4	2	4	3.9631388809595274
CuGr>Gr>GaD	4	2	4	4.123032715380065
CuGr>Gr>GdD	4	2	4	3.9039960529352546
CuGr>Gr>GuD	4	2	4	3.91010580643579
CuGr>GuAlD	4	2	3	4.861474321252002
CuGr>GuCpD	4	2	4	2.5919178268603362
CuGr>GuCtD	4	2	4	2.878800171463025
CuGr>GuDrD	4	2	3	3.7059496440561834
CuGuAdGaD	4	2	2	4.9913682506243875
CuGuAdGdD	4	2	2	4.772331588179578
CuGuAdGuD	4	2	2	4.7784413416801135
CuGuAeGaD	4	2	2	5.7030690655701415
CuGuAeGdD	4	2	2	5.484032403125332
CuGuAeGuD	4	2	2	5.4901421566258675
CuGuAlDrD	4	2	2	4.657318158872395
CuGuAuGaD	4	2	2	4.972299362973826
CuGuAuGdD	4	2	2	4.753262700529016
CuGuAuGuD	4	2	2	4.759372454029551
CuGuCbGaD	4	2	4	2.7410409104611166
CuGuCbGdD	4	2	4	2.5220042480163065
CuGuCbGuD	4	2	4	2.528114001516842
CuGuCdGaD	4	2	4	3.0019936355759986
CuGuCdGdD	4	2	4	2.7829569731311885
CuGuCdGuD	4	2	4	2.789066726631724
CuGuCpDrD	4	2	3	2.3877616644807294
CuGuCrCpD	4	2	4	2.4107676294630735
CuGuCrCtD	4	2	4	2.6976499740657625
CuGuCtDrD	4	2	3	2.6746440090834183
CuGuCuGaD	4	2	4	2.950810240942224
CuGuCuGdD	4	2	4	2.731773578497414
CuGuCuGuD	4	2	4	2.7378833319979496
CuGuDaGaD	4	2	2	3.448099198059772
CuGuDaGdD	4	2	2	3.2290625356149625
CuGuDaGuD	4	2	2	3.2351722891154977
CuGuDdGaD	4	2	2	3.2290625356149625
CuGuDdGdD	4	2	2	3.0100258731701524
CuGuDdGuD	4	2	2	3.016135626670688
CuGuDlAlD	4	2	3	4.075715762209886
CuGuDpCpD	4	2	4	1.5580918954581557
CuGuDpCtD	4	2	2	1.8449742400608449
CuGuDpSpD	4	2	3	3.9772829703192527
CuGuDrDrD	4	2	3	3.5017934816765766
CuGuDtCpD	4	2	2	1.8449742400608449
CuGuDtCtD	4	2	2	2.131856584663534
CuGuDuGaD	4	2	2	3.2351722891154977
CuGuDuGdD	4	2	2	3.016135626670688
CuGuDuGuD	4	2	2	3.0222453801712232
