metapath	nonzero	seconds_per_query	auroc	auroc_permuted	delta_auroc	pval_auroc	length
CbGaD	0.312	0.0145	0.715	0.58	0.135	3.25e-06	2
CbGdD	0.149	0.0136	0.512	0.515	-0.00332	0.921	2
CbGuD	0.135	0.0131	0.517	0.514	0.00307	0.136	2
CdGaD	0.199	0.0134	0.6	0.583	0.0166	0.000896	2
CdGdD	0.142	0.0143	0.549	0.539	0.00928	0.0074	2
CdGuD	0.162	0.0133	0.552	0.542	0.00931	0.0243	2
CpDrD	0.014	0.0115	0.512	0.501	0.0107	5.78e-05	2
CrCpD	0.0111	0.0116	0.509	0.505	0.00389	0.00933	2
CrCtD	0.126	0.0121	0.749	0.527	0.222	6.68e-07	2
CtDrD	0.14	0.0113	0.695	0.524	0.17	5.24e-07	2
CuGaD	0.205	0.012	0.602	0.586	0.0168	0.000426	2
CuGdD	0.141	0.0136	0.551	0.542	0.00891	0.0333	2
CuGuD	0.15	0.0127	0.551	0.542	0.00886	0.0182	2
CbG<rGaD	0.552	0.0349	0.636	0.587	0.0489	0.000164	3
CbG<rGdD	0.305	0.044	0.557	0.539	0.0182	0.0113	3
CbG<rGuD	0.301	0.0533	0.553	0.545	0.00736	0.012	3
CbGaDrD	0.582	0.0134	0.632	0.509	0.123	3.63e-06	3
CbGbCpD	0.317	0.0118	0.594	0.591	0.00321	0.208	3
CbGbCtD	0.727	0.012	0.861	0.667	0.194	3.79e-06	3
CbGcGaD	0.222	0.0154	0.553	0.565	-0.0124	0.955	3
CbGcGdD	0.221	0.0261	0.5	0.523	-0.0238	0.996	3
CbGcGuD	0.232	0.0264	0.508	0.527	-0.0192	0.999	3
CbGdAlD	0.71	0.0372	0.566	0.546	0.0199	0.074	3
CbGdCpD	0.0127	0.0114	0.505	0.503	0.00227	0.0486	3
CbGdCtD	0.15	0.0157	0.607	0.564	0.0432	0.00187	3
CbGdDrD	0.428	0.0233	0.502	0.508	-0.00653	0.662	3
CbGeAlD	0.935	0.155	0.656	0.559	0.0967	5.17e-05	3
CbGiGaD	0.605	0.0288	0.673	0.616	0.0577	0.000231	3
CbGiGdD	0.33	0.0406	0.55	0.54	0.00975	0.00656	3
CbGiGuD	0.334	0.0441	0.551	0.546	0.00473	0.0978	3
CbGr>GaD	0.585	0.0293	0.637	0.601	0.0361	0.000156	3
CbGr>GdD	0.313	0.0467	0.562	0.548	0.0138	0.000319	3
CbGr>GuD	0.332	0.0613	0.565	0.552	0.0132	0.00586	3
CbGuAlD	0.692	0.0359	0.631	0.551	0.08	0.000795	3
CbGuCpD	0.0212	0.0119	0.515	0.507	0.00761	0.00242	3
CbGuCtD	0.194	0.0156	0.594	0.596	-0.00291	0.806	3
CbGuDrD	0.361	0.0238	0.501	0.509	-0.00735	0.674	3
CcSEcCpD	0.471	0.0198	0.609	0.613	-0.00397	0.901	3
CcSEcCtD	0.957	0.0314	0.816	0.697	0.118	1.96e-06	3
CdG<rGaD	0.661	0.0428	0.614	0.616	-0.00199	0.789	3
CdG<rGdD	0.323	0.0522	0.578	0.571	0.00723	0.0351	3
CdG<rGuD	0.325	0.0621	0.579	0.584	-0.00503	0.993	3
CdGaDrD	0.325	0.0133	0.569	0.554	0.0148	0.0187	3
CdGbCpD	0.0103	0.011	0.501	0.522	-0.021	1	3
CdGbCtD	0.132	0.0119	0.6	0.568	0.0318	0.00107	3
CdGcGaD	0.231	0.015	0.595	0.593	0.00198	0.0363	3
CdGcGdD	0.182	0.025	0.562	0.55	0.0126	0.0027	3
CdGcGuD	0.189	0.0248	0.559	0.556	0.00337	0.169	3
CdGdAlD	0.499	0.0338	0.574	0.58	-0.00652	0.846	3
CdGdCpD	0.16	0.012	0.564	0.568	-0.00397	0.766	3
CdGdCtD	0.515	0.0179	0.656	0.632	0.0239	0.00109	3
CdGdDrD	0.318	0.0192	0.545	0.544	0.00165	0.432	3
CdGeAlD	0.664	0.122	0.595	0.584	0.0104	0.00128	3
CdGiGaD	0.512	0.0294	0.613	0.614	-0.00131	0.701	3
CdGiGdD	0.273	0.0382	0.563	0.565	-0.00183	0.66	3
CdGiGuD	0.269	0.0398	0.564	0.573	-0.00812	0.999	3
CdGr>GaD	0.568	0.0295	0.605	0.614	-0.00867	0.983	3
CdGr>GdD	0.29	0.0441	0.568	0.57	-0.00188	0.707	3
CdGr>GuD	0.302	0.0568	0.572	0.58	-0.00737	1	3
CdGuAlD	0.5	0.0331	0.583	0.584	-9.37e-05	0.506	3
CdGuCpD	0.0705	0.0116	0.526	0.533	-0.00718	0.973	3
CdGuCtD	0.335	0.0151	0.588	0.636	-0.0474	1	3
CdGuDrD	0.347	0.0202	0.543	0.55	-0.00749	0.76	3
CpDaGaD	0.139	0.0124	0.529	0.528	0.00182	0.149	3
CpDaGdD	0.0556	0.0125	0.525	0.513	0.0114	0.00162	3
CpDaGuD	0.0554	0.0124	0.523	0.514	0.0093	0.00474	3
CpDdGaD	0.0909	0.0117	0.515	0.524	-0.0084	0.982	3
CpDdGdD	0.0464	0.0153	0.521	0.515	0.0056	0.0764	3
CpDdGuD	0.045	0.0131	0.514	0.517	-0.00227	0.746	3
CpDlAlD	0.131	0.0119	0.529	0.526	0.00324	0.00874	3
CpDpCpD	0.0167	0.0112	0.52	0.511	0.00919	0.000743	3
CpDpCtD	0.0363	0.011	0.567	0.522	0.0454	1.84e-05	3
CpDpSpD	0.134	0.0119	0.531	0.526	0.00551	0.0122	3
CpDrDrD	0.0403	0.0114	0.526	0.515	0.0111	0.00716	3
CpDtCpD	0.0045	0.0113	0.501	0.502	-0.000789	0.658	3
CpDtCtD	0.0363	0.0112	0.524	0.524	5.24e-05	0.492	3
CpDuGaD	0.0909	0.0115	0.517	0.524	-0.00727	0.962	3
CpDuGdD	0.0445	0.0137	0.52	0.514	0.00564	0.0717	3
CpDuGuD	0.045	0.0159	0.517	0.517	0.00051	0.435	3
CrCbGaD	0.412	0.0132	0.653	0.572	0.0811	2.34e-05	3
CrCbGdD	0.176	0.0154	0.51	0.518	-0.00774	0.939	3
CrCbGuD	0.185	0.0145	0.508	0.515	-0.00702	0.96	3
CrCdGaD	0.329	0.0131	0.611	0.557	0.054	6.85e-05	3
CrCdGdD	0.199	0.0204	0.536	0.517	0.0189	4.25e-05	3
CrCdGuD	0.221	0.0223	0.545	0.524	0.0211	0.00114	3
CrCpDrD	0.0543	0.0116	0.514	0.501	0.0127	0.00219	3
CrCrCpD	0.0395	0.0115	0.514	0.534	-0.0207	0.984	3
CrCrCtD	0.155	0.0115	0.754	0.588	0.166	2.7e-08	3
CrCtDrD	0.136	0.0112	0.648	0.503	0.145	9.38e-08	3
CrCuGaD	0.362	0.0141	0.602	0.558	0.0438	0.000522	3
CrCuGdD	0.191	0.02	0.536	0.522	0.014	0.00514	3
CrCuGuD	0.211	0.0213	0.535	0.523	0.0127	0.00332	3
CtDaGaD	0.858	0.0196	0.609	0.498	0.111	2.97e-06	3
CtDaGdD	0.408	0.017	0.606	0.586	0.0208	0.00769	3
CtDaGuD	0.403	0.0196	0.59	0.594	-0.00443	0.711	3
CtDdGaD	0.462	0.0143	0.705	0.68	0.0245	0.00539	3
CtDdGdD	0.261	0.025	0.558	0.525	0.0323	0.00184	3
CtDdGuD	0.253	0.0229	0.534	0.624	-0.0901	1	3
CtDlAlD	0.754	0.0129	0.592	0.477	0.115	4.61e-07	3
CtDpCpD	0.0673	0.0117	0.577	0.532	0.0456	0.000117	3
CtDpCtD	0.0691	0.0111	0.548	0.595	-0.0471	0.995	3
CtDpSpD	0.754	0.0131	0.602	0.471	0.131	7.16e-06	3
CtDrDrD	0.295	0.0114	0.684	0.509	0.175	2.91e-08	3
CtDtCpD	0.0532	0.011	0.535	0.564	-0.0295	0.954	3
CtDtCtD	0.287	0.0114	0.749	0.55	0.199	2.98e-06	3
CtDuGaD	0.504	0.0152	0.699	0.687	0.0122	0.109	3
CtDuGdD	0.268	0.0227	0.534	0.619	-0.0847	1	3
CtDuGuD	0.268	0.0261	0.545	0.53	0.0149	0.0228	3
CuG<rGaD	0.644	0.0378	0.625	0.619	0.0054	0.00105	3
CuG<rGdD	0.313	0.0458	0.584	0.573	0.0114	0.00281	3
CuG<rGuD	0.31	0.0541	0.588	0.585	0.00275	0.144	3
CuGaDrD	0.344	0.0128	0.575	0.555	0.0198	0.000341	3
CuGbCpD	0.0442	0.0117	0.534	0.529	0.00499	0.0547	3
CuGbCtD	0.14	0.0121	0.592	0.576	0.0158	0.00285	3
CuGcGaD	0.242	0.0154	0.591	0.593	-0.00133	0.675	3
CuGcGdD	0.188	0.0251	0.563	0.55	0.0131	0.00143	3
CuGcGuD	0.188	0.0248	0.565	0.551	0.0138	0.000584	3
CuGdAlD	0.483	0.0333	0.586	0.591	-0.00434	0.711	3
CuGdCpD	0.0739	0.0112	0.541	0.535	0.00578	0.00716	3
CuGdCtD	0.323	0.0156	0.599	0.636	-0.0369	1	3
CuGdDrD	0.31	0.0192	0.562	0.545	0.0176	0.084	3
CuGeAlD	0.645	0.111	0.598	0.59	0.0083	0.023	3
CuGiGaD	0.491	0.027	0.615	0.619	-0.0034	0.972	3
CuGiGdD	0.247	0.0346	0.571	0.565	0.00581	0.0306	3
CuGiGuD	0.261	0.0376	0.571	0.571	1.93e-05	0.497	3
CuGr>GaD	0.549	0.0286	0.612	0.616	-0.00462	0.916	3
CuGr>GdD	0.275	0.0417	0.576	0.571	0.00521	0.0788	3
CuGr>GuD	0.29	0.0528	0.579	0.578	0.00159	0.169	3
CuGuAlD	0.483	0.0321	0.583	0.588	-0.00588	0.777	3
CuGuCpD	0.144	0.0124	0.563	0.555	0.00798	0.0435	3
CuGuCtD	0.463	0.0185	0.665	0.638	0.0277	0.000654	3
CuGuDrD	0.322	0.021	0.544	0.548	-0.00324	0.61	3
CbG<rG<rGaD	0.869	0.057	0.652	0.591	0.0604	3.44e-06	4
CbG<rG<rGdD	0.416	0.0767	0.583	0.566	0.0168	0.00506	4
CbG<rG<rGuD	0.421	0.0958	0.587	0.581	0.00544	0.00333	4
CbG<rGaDrD	0.716	0.017	0.566	0.519	0.0471	0.00037	4
CbG<rGbCpD	0.123	0.0123	0.563	0.548	0.0149	0.00315	4
CbG<rGbCtD	0.403	0.0128	0.651	0.603	0.0474	0.00104	4
CbG<rGcGaD	0.602	0.016	0.629	0.591	0.0381	0.000632	4
CbG<rGcGdD	0.353	0.0275	0.571	0.551	0.0194	0.0012	4
CbG<rGcGuD	0.349	0.0269	0.561	0.553	0.00847	0.00751	4
CbG<rGdAlD	0.733	0.0422	0.595	0.548	0.0467	0.00255	4
CbG<rGdCpD	0.205	0.0119	0.561	0.566	-0.00551	0.942	4
CbG<rGdCtD	0.69	0.0221	0.656	0.636	0.0197	0.0121	4
CbG<rGdDrD	0.58	0.0232	0.524	0.513	0.0112	0.256	4
CbG<rGeAlD	0.864	0.186	0.608	0.547	0.0609	0.000167	4
CbG<rGiGaD	0.855	0.0406	0.646	0.595	0.0506	8.81e-05	4
CbG<rGiGdD	0.42	0.0592	0.582	0.566	0.0157	0.00547	4
CbG<rGiGuD	0.416	0.0686	0.588	0.58	0.00789	0.0106	4
CbG<rGr>GaD	0.879	0.0786	0.663	0.597	0.0657	3.01e-06	4
CbG<rGr>GdD	0.424	0.174	0.585	0.571	0.0144	0.0034	4
CbG<rGr>GuD	0.448	0.244	0.597	0.587	0.00992	0.0114	4
CbG<rGuAlD	0.732	0.0402	0.59	0.55	0.0397	0.00451	4
CbG<rGuCpD	0.19	0.0121	0.573	0.553	0.0201	0.0198	4
CbG<rGuCtD	0.668	0.0219	0.66	0.637	0.0228	0.00237	4
CbG<rGuDrD	0.577	0.0247	0.532	0.513	0.0182	0.138	4
CbGaDaGaD	0.975	0.0411	0.693	0.634	0.0592	3.12e-06	4
CbGaDaGdD	0.473	0.0304	0.576	0.566	0.00981	0.000221	4
CbGaDaGuD	0.472	0.0346	0.583	0.578	0.00519	0.172	4
CbGaDdGaD	0.94	0.0284	0.663	0.632	0.0309	0.000214	4
CbGaDdGdD	0.474	0.0598	0.582	0.571	0.011	0.00017	4
CbGaDdGuD	0.484	0.0493	0.589	0.584	0.00505	0.0546	4
CbGaDlAlD	0.955	0.0234	0.646	0.568	0.0776	5.99e-06	4
CbGaDpCpD	0.259	0.0113	0.582	0.572	0.01	0.0411	4
CbGaDpCtD	0.34	0.0118	0.639	0.637	0.00187	0.4	4
CbGaDpSpD	0.961	0.0242	0.634	0.562	0.0728	9.7e-07	4
CbGaDrDrD	0.796	0.0132	0.603	0.519	0.0838	4.99e-05	4
CbGaDtCpD	0.176	0.0112	0.57	0.575	-0.00425	0.653	4
CbGaDtCtD	0.73	0.013	0.719	0.667	0.0522	0.00047	4
CbGaDuGaD	0.94	0.0293	0.663	0.63	0.0331	0.000156	4
CbGaDuGdD	0.474	0.0491	0.578	0.57	0.00792	0.000889	4
CbGaDuGuD	0.478	0.0724	0.591	0.586	0.00511	0.0109	4
CbGbCbGaD	0.905	0.0382	0.686	0.651	0.0349	0.000326	4
CbGbCbGdD	0.401	0.0324	0.552	0.563	-0.0108	0.994	4
CbGbCbGuD	0.417	0.0295	0.566	0.567	-0.000703	0.589	4
CbGbCdGaD	0.89	0.0353	0.658	0.648	0.0102	0.0103	4
CbGbCdGdD	0.42	0.068	0.562	0.567	-0.00426	0.989	4
CbGbCdGuD	0.47	0.101	0.591	0.581	0.0104	0.0106	4
CbGbCpDrD	0.619	0.0157	0.535	0.496	0.0393	0.000176	4
CbGbCrCpD	0.359	0.0157	0.6	0.607	-0.00698	0.771	4
CbGbCrCtD	0.744	0.0217	0.881	0.702	0.179	1.89e-08	4
CbGbCtDrD	0.791	0.0201	0.696	0.526	0.169	9.39e-06	4
CbGbCuGaD	0.917	0.0389	0.667	0.653	0.0139	0.0272	4
CbGbCuGdD	0.448	0.0636	0.576	0.568	0.00737	0.0202	4
CbGbCuGuD	0.456	0.0785	0.583	0.579	0.00388	0.0247	4
CbGcG<rGaD	0.768	0.0344	0.594	0.6	-0.00556	0.883	4
CbGcG<rGdD	0.365	0.0429	0.531	0.55	-0.019	0.992	4
CbGcG<rGuD	0.374	0.0514	0.543	0.56	-0.0165	0.987	4
CbGcGaDrD	0.472	0.0132	0.502	0.509	-0.0069	0.875	4
CbGcGbCpD	0.0207	0.0118	0.504	0.517	-0.0138	0.95	4
CbGcGbCtD	0.155	0.0124	0.547	0.558	-0.0111	0.985	4
CbGcGcGaD	0.648	0.0167	0.587	0.619	-0.0315	0.997	4
CbGcGcGdD	0.37	0.0255	0.547	0.559	-0.0118	0.996	4
CbGcGcGuD	0.37	0.0248	0.54	0.563	-0.0229	1	4
CbGcGdAlD	0.746	0.0339	0.57	0.554	0.0168	0.144	4
CbGcGdCpD	0.0514	0.0112	0.513	0.518	-0.00421	0.825	4
CbGcGdCtD	0.309	0.0146	0.558	0.632	-0.074	1	4
CbGcGdDrD	0.501	0.0215	0.483	0.507	-0.0238	0.886	4
CbGcGeAlD	0.917	0.139	0.573	0.556	0.0164	0.0817	4
CbGcGiGaD	0.761	0.0271	0.612	0.615	-0.00307	0.783	4
CbGcGiGdD	0.362	0.037	0.539	0.55	-0.0114	0.995	4
CbGcGiGuD	0.355	0.0401	0.53	0.557	-0.0261	0.999	4
CbGcGr>GaD	0.726	0.028	0.607	0.608	-0.000362	0.529	4
CbGcGr>GdD	0.363	0.0425	0.55	0.555	-0.00481	0.858	4
CbGcGr>GuD	0.356	0.0551	0.545	0.566	-0.0211	0.996	4
CbGcGuAlD	0.753	0.033	0.571	0.552	0.0189	0.136	4
CbGcGuCpD	0.0673	0.0123	0.519	0.513	0.00597	0.151	4
CbGcGuCtD	0.43	0.0145	0.582	0.634	-0.0516	1	4
CbGcGuDrD	0.52	0.0217	0.482	0.51	-0.0281	0.926	4
CbGdAdGaD	0.971	0.0972	0.663	0.643	0.0196	0.00316	4
CbGdAdGdD	0.5	0.343	0.578	0.573	0.00508	0.0321	4
CbGdAdGuD	0.51	0.351	0.592	0.587	0.00422	0.032	4
CbGdAeGaD	0.971	0.246	0.653	0.642	0.0113	0.0183	4
CbGdAeGdD	0.501	0.961	0.576	0.573	0.00371	0.0746	4
CbGdAeGuD	0.51	1.02	0.59	0.589	0.00102	0.335	4
CbGdAlDrD	0.872	0.0162	0.503	0.515	-0.0122	0.947	4
CbGdAuGaD	0.971	0.0836	0.651	0.643	0.00819	0.0411	4
CbGdAuGdD	0.501	0.303	0.577	0.573	0.00401	0.0558	4
CbGdAuGuD	0.509	0.322	0.591	0.588	0.00375	0.0429	4
CbGdCbGaD	0.439	0.0131	0.606	0.563	0.0426	0.000431	4
CbGdCbGdD	0.208	0.0141	0.552	0.525	0.0264	0.000456	4
CbGdCbGuD	0.232	0.0148	0.552	0.529	0.0237	0.00114	4
CbGdCdGaD	0.647	0.0198	0.631	0.566	0.0646	1.12e-05	4
CbGdCdGdD	0.312	0.0279	0.581	0.554	0.0276	6.85e-05	4
CbGdCdGuD	0.335	0.0339	0.587	0.561	0.026	4.49e-05	4
CbGdCpDrD	0.0442	0.011	0.508	0.501	0.00692	0.0338	4
CbGdCrCpD	0.0506	0.0116	0.534	0.522	0.0124	0.00492	4
CbGdCrCtD	0.197	0.0114	0.644	0.562	0.0821	0.000211	4
CbGdCtDrD	0.253	0.0111	0.58	0.514	0.0653	9.59e-05	4
CbGdCuGaD	0.668	0.0208	0.64	0.566	0.074	4.83e-06	4
CbGdCuGdD	0.32	0.0276	0.58	0.555	0.025	0.000301	4
CbGdCuGuD	0.331	0.0307	0.578	0.561	0.0173	0.000936	4
CbGdDaGaD	0.976	0.0305	0.645	0.636	0.00945	0.0571	4
CbGdDaGdD	0.459	0.0258	0.565	0.563	0.00201	0.129	4
CbGdDaGuD	0.451	0.03	0.567	0.572	-0.00488	0.816	4
CbGdDdGaD	0.98	0.0453	0.667	0.651	0.0159	0.00173	4
CbGdDdGdD	0.502	0.157	0.576	0.573	0.00366	0.0614	4
CbGdDdGuD	0.509	0.126	0.589	0.587	0.00208	0.248	4
CbGdDlAlD	0.951	0.017	0.612	0.569	0.0426	0.000343	4
CbGdDpCpD	0.197	0.0113	0.552	0.556	-0.00488	0.75	4
CbGdDpCtD	0.274	0.0118	0.591	0.636	-0.0446	0.994	4
CbGdDpSpD	0.948	0.0214	0.591	0.565	0.0257	0.0018	4
CbGdDrDrD	0.776	0.0136	0.551	0.52	0.0306	0.0033	4
CbGdDtCpD	0.108	0.0112	0.534	0.549	-0.0152	0.906	4
CbGdDtCtD	0.596	0.0124	0.602	0.673	-0.071	1	4
CbGdDuGaD	0.98	0.0527	0.67	0.651	0.0186	0.000872	4
CbGdDuGdD	0.504	0.128	0.575	0.572	0.00309	0.0697	4
CbGdDuGuD	0.498	0.188	0.585	0.589	-0.00422	0.931	4
CbGeAdGaD	0.984	0.162	0.668	0.651	0.0172	0.000361	4
CbGeAdGdD	0.507	0.627	0.583	0.573	0.01	0.00332	4
CbGeAdGuD	0.517	0.627	0.597	0.587	0.0091	0.00315	4
CbGeAeGaD	0.984	0.837	0.685	0.649	0.0364	7.17e-06	4
CbGeAeGdD	0.508	3.1	0.58	0.573	0.00711	0.00825	4
CbGeAeGuD	0.517	3.35	0.594	0.59	0.00388	0.0719	4
CbGeAlDrD	0.943	0.0241	0.587	0.519	0.0677	9.22e-06	4
CbGeAuGaD	0.984	0.163	0.678	0.651	0.027	5.13e-05	4
CbGeAuGdD	0.507	0.595	0.583	0.572	0.0107	0.00261	4
CbGeAuGuD	0.517	0.67	0.597	0.588	0.00892	0.00285	4
CbGiG<rGaD	0.941	0.0464	0.646	0.623	0.0228	0.00116	4
CbGiG<rGdD	0.452	0.0595	0.572	0.566	0.00604	0.0557	4
CbGiG<rGuD	0.447	0.0735	0.575	0.581	-0.00646	0.939	4
CbGiGaDrD	0.809	0.0155	0.573	0.522	0.051	0.00016	4
CbGiGbCpD	0.194	0.0117	0.576	0.548	0.0279	0.000891	4
CbGiGbCtD	0.531	0.0133	0.727	0.618	0.109	2.45e-05	4
CbGiGcGaD	0.701	0.0189	0.621	0.622	-0.00101	0.553	4
CbGiGcGdD	0.395	0.0267	0.563	0.56	0.00281	0.174	4
CbGiGcGuD	0.416	0.0269	0.565	0.558	0.00683	0.019	4
CbGiGdAlD	0.818	0.0421	0.577	0.559	0.0173	0.143	4
CbGiGdCpD	0.15	0.0119	0.536	0.554	-0.018	0.991	4
CbGiGdCtD	0.655	0.0203	0.649	0.666	-0.0168	0.988	4
CbGiGdDrD	0.638	0.0229	0.499	0.515	-0.0152	0.827	4
CbGiGeAlD	0.966	0.183	0.608	0.563	0.0449	0.00339	4
CbGiGiGaD	0.968	0.0571	0.691	0.64	0.0505	6.08e-05	4
CbGiGiGdD	0.487	0.118	0.575	0.574	0.000777	0.351	4
CbGiGiGuD	0.489	0.141	0.594	0.593	0.000956	0.316	4
CbGiGr>GaD	0.924	0.0379	0.643	0.63	0.0122	0.0237	4
CbGiGr>GdD	0.437	0.0678	0.573	0.572	0.000478	0.419	4
CbGiGr>GuD	0.454	0.0921	0.579	0.587	-0.00759	0.95	4
CbGiGuAlD	0.816	0.039	0.599	0.562	0.0375	0.0253	4
CbGiGuCpD	0.163	0.0122	0.55	0.547	0.0022	0.32	4
CbGiGuCtD	0.638	0.0192	0.612	0.667	-0.0551	1	4
CbGiGuDrD	0.641	0.0245	0.513	0.517	-0.00337	0.576	4
CbGpBPpGaD	0.985	0.236	0.68	0.643	0.0373	4.11e-05	4
CbGpBPpGdD	0.491	0.282	0.577	0.573	0.00445	0.0246	4
CbGpBPpGuD	0.487	0.336	0.581	0.588	-0.00671	0.999	4
CbGpCCpGaD	0.954	0.0323	0.649	0.638	0.0108	0.0168	4
CbGpCCpGdD	0.479	0.0478	0.572	0.57	0.00246	0.0835	4
CbGpCCpGuD	0.46	0.0533	0.573	0.582	-0.00854	0.996	4
CbGpMFpGaD	0.97	0.0361	0.687	0.651	0.0354	6.16e-05	4
CbGpMFpGdD	0.481	0.0662	0.572	0.572	0.000284	0.408	4
CbGpMFpGuD	0.485	0.0699	0.586	0.585	0.00193	0.165	4
CbGpPWpGaD	0.964	0.0337	0.699	0.644	0.0555	1.17e-05	4
CbGpPWpGdD	0.46	0.0337	0.574	0.568	0.00676	3.62e-06	4
CbGpPWpGuD	0.461	0.0385	0.582	0.582	0.000264	0.437	4
CbGr>G<rGaD	0.883	0.133	0.651	0.61	0.0412	1.09e-05	4
CbGr>G<rGdD	0.423	0.204	0.583	0.569	0.0145	0.00638	4
CbGr>G<rGuD	0.436	0.255	0.591	0.587	0.00416	0.0499	4
CbGr>GaDrD	0.745	0.0161	0.57	0.522	0.0488	0.000469	4
CbGr>GbCpD	0.109	0.0122	0.555	0.544	0.011	0.134	4
CbGr>GbCtD	0.459	0.0128	0.642	0.625	0.0169	0.0174	4
CbGr>GcGaD	0.713	0.0179	0.632	0.601	0.0315	1.08e-06	4
CbGr>GcGdD	0.364	0.0269	0.576	0.557	0.0191	5.5e-05	4
CbGr>GcGuD	0.374	0.0269	0.576	0.559	0.0167	3.33e-05	4
CbGr>GdAlD	0.741	0.0414	0.59	0.553	0.0371	0.0136	4
CbGr>GdCpD	0.298	0.0122	0.584	0.596	-0.012	0.98	4
CbGr>GdCtD	0.817	0.0274	0.67	0.655	0.0157	0.00789	4
CbGr>GdDrD	0.613	0.0237	0.532	0.514	0.0176	0.152	4
CbGr>GeAlD	0.872	0.191	0.608	0.553	0.0554	0.000711	4
CbGr>GiGaD	0.859	0.0366	0.647	0.608	0.0391	1.79e-05	4
CbGr>GiGdD	0.412	0.053	0.581	0.567	0.014	0.000423	4
CbGr>GiGuD	0.415	0.0612	0.587	0.582	0.00566	0.0061	4
CbGr>Gr>GaD	0.871	0.0468	0.645	0.608	0.0371	3.82e-05	4
CbGr>Gr>GdD	0.414	0.0911	0.582	0.571	0.011	0.00628	4
CbGr>Gr>GuD	0.433	0.125	0.59	0.587	0.00277	0.194	4
CbGr>GuAlD	0.741	0.041	0.59	0.554	0.0365	0.0123	4
CbGr>GuCpD	0.3	0.0124	0.59	0.576	0.0138	0.0692	4
CbGr>GuCtD	0.78	0.0256	0.658	0.653	0.00486	0.137	4
CbGr>GuDrD	0.619	0.0258	0.527	0.516	0.0116	0.247	4
CbGrPBrGaD	0.985	0.0857	0.692	0.648	0.0442	4.11e-06	4
CbGrPBrGdD	0.498	0.192	0.581	0.573	0.00785	0.00358	4
CbGrPBrGuD	0.512	0.234	0.593	0.59	0.0034	0.107	4
CbGuAdGaD	0.972	0.0726	0.658	0.646	0.0114	0.0047	4
CbGuAdGdD	0.501	0.268	0.579	0.573	0.00578	0.0239	4
CbGuAdGuD	0.51	0.259	0.593	0.588	0.00463	0.0286	4
CbGuAeGaD	0.972	0.194	0.67	0.646	0.0244	0.00032	4
CbGuAeGdD	0.501	0.784	0.579	0.573	0.00534	0.0234	4
CbGuAeGuD	0.51	0.846	0.593	0.59	0.00216	0.191	4
CbGuAlDrD	0.863	0.0145	0.581	0.518	0.0629	7.83e-05	4
CbGuAuGaD	0.972	0.0749	0.677	0.646	0.0306	0.000124	4
CbGuAuGdD	0.501	0.249	0.58	0.573	0.00676	0.0181	4
CbGuAuGuD	0.509	0.278	0.593	0.588	0.00479	0.0155	4
CbGuCbGaD	0.524	0.0142	0.63	0.584	0.0458	0.000102	4
CbGuCbGdD	0.237	0.0141	0.55	0.538	0.0118	0.0357	4
CbGuCbGuD	0.253	0.0157	0.541	0.537	0.00401	0.0196	4
CbGuCdGaD	0.704	0.0205	0.635	0.587	0.0488	0.000242	4
CbGuCdGdD	0.343	0.028	0.573	0.565	0.00767	0.00108	4
CbGuCdGuD	0.369	0.0342	0.589	0.577	0.0125	0.00862	4
CbGuCpDrD	0.0657	0.011	0.518	0.5	0.0184	0.000604	4
CbGuCrCpD	0.0673	0.0114	0.541	0.534	0.0067	0.047	4
CbGuCrCtD	0.251	0.0121	0.608	0.587	0.0213	0.0117	4
CbGuCtDrD	0.321	0.0116	0.546	0.525	0.021	0.00451	4
CbGuCuGaD	0.73	0.0224	0.652	0.587	0.0645	0.000155	4
CbGuCuGdD	0.353	0.0284	0.586	0.566	0.0201	0.000588	4
CbGuCuGuD	0.361	0.0312	0.581	0.575	0.00586	0.0501	4
CbGuDaGaD	0.959	0.0269	0.639	0.627	0.0116	0.0198	4
CbGuDaGdD	0.434	0.0229	0.567	0.562	0.00549	0.0483	4
CbGuDaGuD	0.436	0.0253	0.566	0.572	-0.00611	0.858	4
CbGuDdGaD	0.98	0.0383	0.654	0.644	0.0106	0.00427	4
CbGuDdGdD	0.499	0.123	0.579	0.573	0.00584	0.0274	4
CbGuDdGuD	0.505	0.102	0.59	0.587	0.00294	0.185	4
CbGuDlAlD	0.913	0.0161	0.59	0.563	0.0276	0.00442	4
CbGuDpCpD	0.164	0.0111	0.549	0.546	0.00235	0.4	4
CbGuDpCtD	0.23	0.0119	0.586	0.62	-0.0343	0.996	4
CbGuDpSpD	0.918	0.0193	0.598	0.564	0.0345	0.000213	4
CbGuDrDrD	0.694	0.0129	0.546	0.516	0.0301	0.0021	4
CbGuDtCpD	0.117	0.0106	0.534	0.548	-0.0133	0.838	4
CbGuDtCtD	0.541	0.0122	0.622	0.665	-0.0429	1	4
CbGuDuGaD	0.98	0.0447	0.67	0.644	0.026	0.000249	4
CbGuDuGdD	0.501	0.103	0.579	0.573	0.00639	0.0133	4
CbGuDuGuD	0.497	0.149	0.588	0.59	-0.0016	0.718	4
CcSEcCbGaD	0.961	0.745	0.658	0.658	-0.000305	0.525	4
CcSEcCbGdD	0.457	0.508	0.562	0.562	-0.000115	0.515	4
CcSEcCbGuD	0.428	0.414	0.551	0.569	-0.0172	0.992	4
CcSEcCdGaD	0.949	0.727	0.65	0.66	-0.0106	0.98	4
CcSEcCdGdD	0.443	1.73	0.553	0.566	-0.0131	1	4
CcSEcCdGuD	0.473	2.66	0.58	0.581	-0.00169	0.701	4
CcSEcCpDrD	0.748	0.111	0.524	0.494	0.0295	0.00478	4
CcSEcCrCpD	0.464	0.0819	0.601	0.606	-0.00555	0.689	4
CcSEcCrCtD	0.869	0.193	0.817	0.721	0.096	4.96e-06	4
CcSEcCtDrD	0.915	0.179	0.627	0.522	0.106	3.16e-05	4
CcSEcCuGaD	0.952	0.876	0.661	0.662	-0.00103	0.638	4
CcSEcCuGdD	0.46	1.68	0.565	0.567	-0.0017	0.699	4
CcSEcCuGuD	0.486	2.13	0.582	0.579	0.00304	0.15	4
CdG<rG<rGaD	0.682	0.993	0.61	0.613	-0.00344	0.908	4
CdG<rG<rGdD	0.334	1.34	0.584	0.575	0.00934	0.0129	4
CdG<rG<rGuD	0.345	1.69	0.588	0.592	-0.00467	0.996	4
CdG<rGaDrD	0.656	0.0984	0.566	0.568	-0.00173	0.623	4
CdG<rGbCpD	0.292	0.0299	0.598	0.593	0.00534	0.19	4
CdG<rGbCtD	0.612	0.0516	0.635	0.641	-0.00576	0.909	4
CdG<rGcGaD	0.674	0.0565	0.606	0.616	-0.0095	0.994	4
CdG<rGcGdD	0.331	0.121	0.579	0.575	0.00397	0.132	4
CdG<rGcGuD	0.343	0.118	0.587	0.585	0.00205	0.231	4
CdG<rGdAlD	0.573	0.329	0.574	0.581	-0.00679	0.832	4
CdG<rGdCpD	0.284	0.0318	0.576	0.599	-0.0226	0.996	4
CdG<rGdCtD	0.657	0.183	0.618	0.643	-0.0255	0.999	4
CdG<rGdDrD	0.518	0.118	0.54	0.545	-0.00456	0.667	4
CdG<rGeAlD	0.673	1.87	0.586	0.583	0.00292	0.0701	4
CdG<rGiGaD	0.683	0.561	0.609	0.616	-0.00653	0.987	4
CdG<rGiGdD	0.354	0.836	0.585	0.579	0.00635	0.0446	4
CdG<rGiGuD	0.36	1.03	0.592	0.596	-0.00338	0.901	4
CdG<rGr>GaD	0.683	1.89	0.608	0.615	-0.00685	0.989	4
CdG<rGr>GdD	0.335	4.23	0.585	0.579	0.00527	0.0829	4
CdG<rGr>GuD	0.353	5.86	0.592	0.596	-0.00362	0.935	4
CdG<rGuAlD	0.573	0.335	0.573	0.582	-0.00916	0.897	4
CdG<rGuCpD	0.263	0.0319	0.578	0.592	-0.014	0.98	4
CdG<rGuCtD	0.649	0.16	0.617	0.644	-0.0275	0.999	4
CdG<rGuDrD	0.519	0.139	0.541	0.546	-0.00469	0.664	4
CdGaDaGaD	0.596	0.0629	0.612	0.604	0.00789	0.0189	4
CdGaDaGdD	0.288	0.0441	0.587	0.572	0.0151	0.000899	4
CdGaDaGuD	0.287	0.0553	0.59	0.581	0.0091	0.0651	4
CdGaDdGaD	0.558	0.045	0.606	0.601	0.00547	0.0476	4
CdGaDdGdD	0.289	0.113	0.591	0.572	0.0181	0.00212	4
CdGaDdGuD	0.29	0.0885	0.587	0.584	0.00304	0.211	4
CdGaDlAlD	0.565	0.0235	0.595	0.585	0.00947	0.00145	4
CdGaDpCpD	0.149	0.0123	0.571	0.564	0.00713	0.0195	4
CdGaDpCtD	0.169	0.0117	0.571	0.611	-0.0391	1	4
CdGaDpSpD	0.567	0.0295	0.594	0.585	0.00866	0.00642	4
CdGaDrDrD	0.452	0.0168	0.582	0.569	0.0126	0.0173	4
CdGaDtCpD	0.103	0.0111	0.556	0.56	-0.00418	0.762	4
CdGaDtCtD	0.415	0.0172	0.609	0.627	-0.0184	0.994	4
CdGaDuGaD	0.564	0.0446	0.612	0.602	0.00977	0.0168	4
CdGaDuGdD	0.288	0.089	0.586	0.572	0.0138	0.00572	4
CdGaDuGuD	0.289	0.135	0.591	0.585	0.00574	0.057	4
CdGbCbGaD	0.315	0.0149	0.599	0.592	0.00749	0.00244	4
CdGbCbGdD	0.153	0.015	0.558	0.545	0.0127	0.00415	4
CdGbCbGuD	0.159	0.0142	0.56	0.544	0.0162	0.00116	4
CdGbCdGaD	0.281	0.0159	0.585	0.576	0.00883	0.00956	4
CdGbCdGdD	0.15	0.022	0.568	0.547	0.0201	0.000582	4
CdGbCdGuD	0.161	0.0236	0.564	0.553	0.0107	0.00458	4
CdGbCpDrD	0.0313	0.0111	0.501	0.531	-0.0294	1	4
CdGbCrCpD	0.0336	0.0108	0.508	0.544	-0.0359	0.999	4
CdGbCrCtD	0.159	0.0114	0.615	0.595	0.0192	0.000265	4
CdGbCtDrD	0.191	0.0117	0.573	0.55	0.0227	0.00189	4
CdGbCuGaD	0.294	0.0167	0.59	0.576	0.0137	0.000827	4
CdGbCuGdD	0.155	0.0208	0.569	0.548	0.0213	0.000965	4
CdGbCuGuD	0.155	0.022	0.566	0.553	0.0134	0.00113	4
CdGcG<rGaD	0.525	0.041	0.599	0.602	-0.00239	0.834	4
CdGcG<rGdD	0.268	0.0476	0.565	0.565	1.08e-05	0.498	4
CdGcG<rGuD	0.266	0.0563	0.565	0.577	-0.0117	0.999	4
CdGcGaDrD	0.358	0.016	0.557	0.56	-0.00272	0.7	4
CdGcGbCpD	0.0707	0.0125	0.544	0.55	-0.00615	0.987	4
CdGcGbCtD	0.179	0.0139	0.592	0.6	-0.0084	0.973	4
CdGcGcGaD	0.494	0.0252	0.608	0.611	-0.00265	0.832	4
CdGcGcGdD	0.275	0.0563	0.566	0.573	-0.00699	0.968	4
CdGcGcGuD	0.28	0.0536	0.569	0.579	-0.00959	0.976	4
CdGcGdAlD	0.522	0.0395	0.571	0.583	-0.0112	0.974	4
CdGcGdCpD	0.0787	0.0121	0.538	0.547	-0.00905	0.954	4
CdGcGdCtD	0.319	0.0189	0.596	0.629	-0.033	1	4
CdGcGdDrD	0.377	0.0218	0.54	0.547	-0.00696	0.757	4
CdGcGeAlD	0.639	0.149	0.586	0.582	0.00389	0.0289	4
CdGcGiGaD	0.532	0.0333	0.611	0.607	0.00357	0.0492	4
CdGcGiGdD	0.272	0.0437	0.567	0.569	-0.0028	0.754	4
CdGcGiGuD	0.273	0.0467	0.568	0.577	-0.00885	0.999	4
CdGcGr>GaD	0.482	0.0325	0.604	0.604	0.000196	0.461	4
CdGcGr>GdD	0.253	0.0476	0.574	0.57	0.0045	0.109	4
CdGcGr>GuD	0.264	0.0615	0.572	0.579	-0.00713	0.983	4
CdGcGuAlD	0.508	0.0388	0.575	0.582	-0.00685	0.923	4
CdGcGuCpD	0.0797	0.0126	0.549	0.54	0.00842	0.0638	4
CdGcGuCtD	0.321	0.0179	0.595	0.633	-0.038	1	4
CdGcGuDrD	0.383	0.0236	0.543	0.544	-0.00135	0.548	4
CdGdAdGaD	0.672	0.566	0.612	0.614	-0.00178	0.878	4
CdGdAdGdD	0.351	2.12	0.589	0.581	0.00862	0.0111	4
CdGdAdGuD	0.359	2.11	0.598	0.595	0.00339	0.137	4
CdGdAeGaD	0.672	1.32	0.609	0.613	-0.00411	0.98	4
CdGdAeGdD	0.352	5.31	0.589	0.581	0.00848	0.0131	4
CdGdAeGuD	0.359	5.72	0.597	0.597	-7.85e-05	0.512	4
CdGdAlDrD	0.603	0.0267	0.565	0.569	-0.00457	0.867	4
CdGdAuGaD	0.672	0.478	0.608	0.613	-0.00551	0.993	4
CdGdAuGdD	0.352	1.78	0.589	0.581	0.00798	0.0149	4
CdGdAuGuD	0.359	1.93	0.597	0.595	0.00234	0.217	4
CdGdCbGaD	0.66	0.0571	0.618	0.616	0.00208	0.144	4
CdGdCbGdD	0.298	0.0463	0.559	0.568	-0.00957	0.941	4
CdGdCbGuD	0.305	0.045	0.571	0.572	-0.00117	0.61	4
CdGdCdGaD	0.669	0.32	0.606	0.616	-0.00941	0.993	4
CdGdCdGdD	0.321	0.915	0.577	0.578	-0.000876	0.653	4
CdGdCdGuD	0.347	1.41	0.591	0.593	-0.00229	0.734	4
CdGdCpDrD	0.388	0.018	0.547	0.54	0.00739	0.131	4
CdGdCrCpD	0.254	0.0167	0.575	0.589	-0.0146	0.952	4
CdGdCrCtD	0.53	0.0286	0.688	0.644	0.0437	0.000255	4
CdGdCtDrD	0.61	0.0317	0.6	0.568	0.0325	0.00217	4
CdGdCuGaD	0.673	0.388	0.613	0.616	-0.00314	0.903	4
CdGdCuGdD	0.331	0.858	0.587	0.578	0.00822	0.042	4
CdGdCuGuD	0.349	1.07	0.591	0.589	0.00172	0.292	4
CdGdDaGaD	0.673	0.0905	0.608	0.608	0.000695	0.365	4
CdGdDaGdD	0.318	0.0554	0.575	0.573	0.00273	0.19	4
CdGdDaGuD	0.323	0.0752	0.581	0.58	0.000769	0.442	4
CdGdDdGaD	0.677	0.209	0.611	0.613	-0.00245	0.909	4
CdGdDdGdD	0.352	0.867	0.588	0.581	0.00687	0.028	4
CdGdDdGuD	0.36	0.719	0.595	0.595	1.23e-06	0.5	4
CdGdDlAlD	0.657	0.0306	0.589	0.587	0.00122	0.293	4
CdGdDpCpD	0.158	0.0123	0.558	0.565	-0.00725	0.818	4
CdGdDpCtD	0.216	0.0139	0.573	0.625	-0.0512	1	4
CdGdDpSpD	0.654	0.0431	0.584	0.588	-0.00444	0.922	4
CdGdDrDrD	0.553	0.0197	0.575	0.569	0.00605	0.15	4
CdGdDtCpD	0.0977	0.0125	0.533	0.554	-0.0212	0.979	4
CdGdDtCtD	0.43	0.0191	0.609	0.637	-0.028	1	4
CdGdDuGaD	0.677	0.261	0.611	0.613	-0.00167	0.81	4
CdGdDuGdD	0.352	0.701	0.589	0.58	0.00861	0.02	4
CdGdDuGuD	0.35	1.01	0.592	0.598	-0.00508	0.928	4
CdGeAdGaD	0.683	1.91	0.612	0.615	-0.00336	0.962	4
CdGeAdGdD	0.358	7.46	0.588	0.581	0.00732	0.0274	4
CdGeAdGuD	0.365	7.29	0.597	0.595	0.00229	0.231	4
CdGeAeGaD	0.683	9.55	0.612	0.614	-0.00199	0.869	4
CdGeAeGdD	0.358	35.6	0.588	0.581	0.00699	0.0314	4
CdGeAeGuD	0.365	36.9	0.596	0.598	-0.00145	0.691	4
CdGeAlDrD	0.657	0.111	0.576	0.573	0.0026	0.18	4
CdGeAuGaD	0.683	1.86	0.611	0.615	-0.00383	0.974	4
CdGeAuGdD	0.358	7.06	0.589	0.581	0.00765	0.0228	4
CdGeAuGuD	0.365	7.52	0.597	0.595	0.00187	0.267	4
CdGiG<rGaD	0.66	0.165	0.607	0.611	-0.00364	0.888	4
CdGiG<rGdD	0.327	0.203	0.579	0.574	0.0053	0.0715	4
CdGiG<rGuD	0.331	0.265	0.582	0.589	-0.00712	0.997	4
CdGiGaDrD	0.594	0.033	0.575	0.566	0.00868	0.0418	4
CdGiGbCpD	0.156	0.0168	0.557	0.575	-0.0175	0.996	4
CdGiGbCtD	0.392	0.0242	0.62	0.633	-0.0134	0.999	4
CdGiGcGaD	0.54	0.0284	0.597	0.613	-0.0161	0.999	4
CdGiGcGdD	0.293	0.0473	0.577	0.571	0.00565	0.0522	4
CdGiGcGuD	0.302	0.047	0.576	0.576	-9.08e-05	0.511	4
CdGiGdAlD	0.572	0.0952	0.575	0.584	-0.00906	0.921	4
CdGiGdCpD	0.16	0.0169	0.554	0.579	-0.025	0.996	4
CdGiGdCtD	0.533	0.0519	0.602	0.642	-0.0396	1	4
CdGiGdDrD	0.476	0.0419	0.544	0.546	-0.0023	0.587	4
CdGiGeAlD	0.673	0.525	0.589	0.584	0.00521	0.0334	4
CdGiGiGaD	0.683	0.447	0.611	0.614	-0.00325	0.92	4
CdGiGiGdD	0.355	1.21	0.587	0.58	0.00629	0.0314	4
CdGiGiGuD	0.356	1.45	0.594	0.598	-0.00396	0.903	4
CdGiGr>GaD	0.668	0.147	0.607	0.611	-0.00447	0.903	4
CdGiGr>GdD	0.325	0.288	0.582	0.579	0.0038	0.142	4
CdGiGr>GuD	0.339	0.413	0.588	0.593	-0.00556	0.954	4
CdGiGuAlD	0.569	0.0993	0.572	0.584	-0.012	0.964	4
CdGiGuCpD	0.156	0.0177	0.56	0.57	-0.0102	0.986	4
CdGiGuCtD	0.515	0.0388	0.605	0.644	-0.0397	1	4
CdGiGuDrD	0.481	0.0501	0.544	0.549	-0.00475	0.67	4
CdGpBPpGaD	0.677	0.914	0.612	0.613	-0.000864	0.657	4
CdGpBPpGdD	0.343	1.33	0.588	0.581	0.00756	0.0151	4
CdGpBPpGuD	0.345	1.66	0.591	0.594	-0.00312	0.871	4
CdGpCCpGaD	0.646	0.0867	0.604	0.611	-0.00652	0.977	4
CdGpCCpGdD	0.325	0.206	0.586	0.578	0.00834	0.0136	4
CdGpCCpGuD	0.319	0.241	0.583	0.588	-0.00535	0.887	4
CdGpMFpGaD	0.65	0.11	0.61	0.613	-0.00282	0.892	4
CdGpMFpGdD	0.331	0.224	0.586	0.58	0.00624	0.0339	4
CdGpMFpGuD	0.328	0.246	0.588	0.593	-0.00496	0.916	4
CdGpPWpGaD	0.63	0.095	0.617	0.608	0.00941	0.0104	4
CdGpPWpGdD	0.314	0.102	0.583	0.575	0.00829	0.0435	4
CdGpPWpGuD	0.313	0.152	0.584	0.588	-0.00366	0.908	4
CdGr>G<rGaD	0.672	1.25	0.609	0.612	-0.0032	0.918	4
CdGr>G<rGdD	0.33	1.83	0.584	0.576	0.00794	0.024	4
CdGr>G<rGuD	0.34	2.28	0.588	0.593	-0.00536	0.997	4
CdGr>GaDrD	0.627	0.0478	0.568	0.569	-0.00104	0.574	4
CdGr>GbCpD	0.188	0.022	0.573	0.579	-0.00581	0.792	4
CdGr>GbCtD	0.482	0.0327	0.624	0.633	-0.00947	0.996	4
CdGr>GcGaD	0.624	0.0387	0.606	0.615	-0.00958	0.998	4
CdGr>GcGdD	0.311	0.0735	0.574	0.574	-1.36e-05	0.502	4
CdGr>GcGuD	0.317	0.0724	0.575	0.581	-0.00596	0.963	4
CdGr>GdAlD	0.566	0.189	0.574	0.584	-0.0101	0.943	4
CdGr>GdCpD	0.265	0.0253	0.57	0.599	-0.0295	0.999	4
CdGr>GdCtD	0.649	0.166	0.618	0.639	-0.0208	0.999	4
CdGr>GdDrD	0.498	0.0695	0.538	0.549	-0.0109	0.869	4
CdGr>GeAlD	0.664	1.06	0.585	0.585	7.42e-05	0.478	4
CdGr>GiGaD	0.671	0.204	0.604	0.613	-0.00845	0.997	4
CdGr>GiGdD	0.335	0.296	0.582	0.579	0.00278	0.106	4
CdGr>GiGuD	0.342	0.368	0.586	0.595	-0.00915	0.996	4
CdGr>Gr>GaD	0.67	0.338	0.604	0.612	-0.00788	0.994	4
CdGr>Gr>GdD	0.326	0.725	0.583	0.58	0.00316	0.148	4
CdGr>Gr>GuD	0.346	1.01	0.59	0.595	-0.00504	0.985	4
CdGr>GuAlD	0.566	0.192	0.572	0.585	-0.0127	0.97	4
CdGr>GuCpD	0.257	0.0253	0.58	0.594	-0.0138	0.983	4
CdGr>GuCtD	0.627	0.123	0.621	0.641	-0.0194	0.999	4
CdGr>GuDrD	0.5	0.0891	0.542	0.549	-0.00764	0.775	4
CdGrPBrGaD	0.683	0.641	0.617	0.615	0.00237	0.153	4
CdGrPBrGdD	0.353	1.6	0.59	0.581	0.00895	0.0155	4
CdGrPBrGuD	0.355	2.28	0.595	0.597	-0.00242	0.786	4
CdGuAdGaD	0.672	0.551	0.61	0.614	-0.0042	0.982	4
CdGuAdGdD	0.351	2.17	0.588	0.58	0.0081	0.0177	4
CdGuAdGuD	0.359	2.03	0.598	0.595	0.00334	0.148	4
CdGuAeGaD	0.672	1.52	0.612	0.613	-0.00146	0.832	4
CdGuAeGdD	0.352	6.07	0.59	0.581	0.00901	0.01	4
CdGuAeGuD	0.359	6.59	0.598	0.597	0.000859	0.374	4
CdGuAlDrD	0.597	0.0312	0.578	0.571	0.00756	0.0505	4
CdGuAuGaD	0.672	0.563	0.613	0.614	-0.000896	0.73	4
CdGuAuGdD	0.351	2.01	0.59	0.581	0.00931	0.0102	4
CdGuAuGuD	0.358	2.29	0.596	0.595	0.00138	0.318	4
CdGuCbGaD	0.575	0.0253	0.602	0.608	-0.006	0.981	4
CdGuCbGdD	0.261	0.024	0.561	0.56	0.00143	0.344	4
CdGuCbGuD	0.268	0.0232	0.566	0.561	0.00524	0.13	4
CdGuCdGaD	0.645	0.0807	0.606	0.609	-0.00278	0.893	4
CdGuCdGdD	0.309	0.212	0.575	0.577	-0.00244	0.869	4
CdGuCdGuD	0.334	0.307	0.59	0.592	-0.0015	0.687	4
CdGuCpDrD	0.196	0.0129	0.545	0.537	0.00713	0.078	4
CdGuCrCpD	0.141	0.0123	0.567	0.57	-0.0028	0.656	4
CdGuCrCtD	0.374	0.0164	0.607	0.631	-0.0238	0.999	4
CdGuCtDrD	0.488	0.0175	0.551	0.569	-0.0183	0.98	4
CdGuCuGaD	0.654	0.102	0.615	0.609	0.00611	0.0168	4
CdGuCuGdD	0.321	0.214	0.587	0.578	0.00848	0.0345	4
CdGuCuGuD	0.335	0.268	0.587	0.588	-0.00145	0.7	4
CdGuDaGaD	0.677	0.154	0.606	0.611	-0.00515	0.977	4
CdGuDaGdD	0.329	0.0895	0.581	0.572	0.00838	0.0187	4
CdGuDaGuD	0.326	0.128	0.581	0.582	-0.000854	0.561	4
CdGuDdGaD	0.681	0.316	0.611	0.615	-0.00404	0.977	4
CdGuDdGdD	0.355	1.26	0.588	0.581	0.00659	0.0343	4
CdGuDdGuD	0.361	0.996	0.597	0.596	0.00166	0.302	4
CdGuDlAlD	0.662	0.0419	0.59	0.588	0.00258	0.113	4
CdGuDpCpD	0.17	0.0129	0.555	0.566	-0.0114	0.914	4
CdGuDpCtD	0.217	0.0149	0.571	0.628	-0.0577	1	4
CdGuDpSpD	0.661	0.0631	0.587	0.589	-0.00263	0.817	4
CdGuDrDrD	0.556	0.0248	0.578	0.571	0.00688	0.0982	4
CdGuDtCpD	0.105	0.0126	0.535	0.557	-0.0227	0.979	4
CdGuDtCtD	0.451	0.0266	0.602	0.638	-0.0359	1	4
CdGuDuGaD	0.681	0.414	0.612	0.615	-0.0028	0.945	4
CdGuDuGdD	0.355	1.06	0.589	0.581	0.0084	0.017	4
CdGuDuGuD	0.351	1.65	0.593	0.598	-0.00493	0.93	4
CpDaG<rGaD	0.152	0.0213	0.527	0.526	0.000331	0.414	4
CpDaG<rGdD	0.0702	0.0214	0.535	0.522	0.0134	0.00162	4
CpDaG<rGuD	0.0715	0.0228	0.535	0.527	0.00795	0.0114	4
CpDaGaDrD	0.149	0.0131	0.528	0.523	0.0054	0.00513	4
CpDaGbCpD	0.0615	0.0111	0.534	0.524	0.0098	0.00649	4
CpDaGbCtD	0.127	0.0111	0.532	0.535	-0.00238	0.94	4
CpDaGcGaD	0.132	0.0126	0.523	0.529	-0.00561	0.995	4
CpDaGcGdD	0.0738	0.0162	0.541	0.525	0.0161	0.00549	4
