compound_id	CbG	CcSE	CdG	CiPC	CpD	CrC	CtD	CuG
DB00014	2	249	0	1	0	7	2	1
DB00035	5	142	0	3	0	11	0	0
DB00050	2	38	0	2	0	5	0	0
DB00091	30	344	250	2	0	0	4	233
DB00093	1	0	0	0	0	9	0	0
DB00104	6	295	0	1	3	7	1	0
DB00115	13	0	0	1	0	1	0	0
DB00116	12	0	0	0	0	6	0	0
DB00117	5	0	0	0	0	7	0	0
DB00118	9	0	0	0	0	12	0	0
DB00119	16	0	0	0	0	3	0	0
DB00120	8	0	0	0	0	38	0	0
DB00121	11	0	6	0	0	1	0	8
DB00122	31	1	0	0	1	2	0	0
DB00123	7	0	0	0	0	12	0	0
DB00125	12	36	0	0	0	8	0	0
DB00126	23	0	0	0	0	0	1	0
DB00127	14	0	0	0	0	1	0	0
DB00128	21	0	0	0	0	14	0	0
DB00129	14	0	0	0	0	12	0	0
DB00130	26	72	8	0	0	15	0	12
DB00131	18	0	6	0	0	14	0	3
DB00132	7	14	14	0	0	5	0	21
DB00133	9	0	0	0	0	17	0	0
DB00134	16	0	0	0	0	11	0	0
DB00135	6	0	0	0	0	13	0	0
DB00136	4	106	19	1	1	7	2	38
DB00137	1	0	0	0	0	0	0	0
DB00138	5	0	0	0	0	4	0	0
DB00139	27	0	0	0	0	4	0	0
DB00140	5	0	2	0	0	1	0	5
DB00141	8	0	0	0	0	1	0	0
DB00143	43	0	0	0	0	4	0	0
DB00144	10	0	0	0	0	0	0	0
DB00145	31	43	0	0	0	5	0	0
DB00146	3	0	5	0	0	7	0	1
DB00147	1	0	0	0	0	1	0	0
DB00148	8	0	0	0	0	0	0	0
DB00149	8	0	0	0	0	14	0	0
DB00150	9	0	0	0	0	5	0	1
DB00151	15	0	0	0	0	18	0	0
DB00152	6	21	0	0	0	0	0	0
DB00153	7	30	0	1	0	7	2	0
DB00154	3	0	20	0	0	6	0	15
DB00155	12	0	0	0	0	12	0	0
DB00156	4	0	0	0	0	7	0	0
DB00158	12	31	0	0	0	6	0	0
DB00159	11	17	5	0	0	3	0	7
DB00160	14	0	0	1	0	13	0	0
DB00161	4	0	0	0	0	8	0	0
DB00162	22	2	38	1	0	4	0	42
DB00163	19	0	6	0	0	1	0	1
DB00165	2	5	0	0	0	1	0	1
DB00166	5	0	0	0	0	2	0	0
DB00167	6	0	0	0	0	7	0	0
DB00168	5	0	0	0	0	16	0	0
DB00169	14	0	0	1	1	7	3	0
DB00170	21	0	250	0	0	4	0	250
DB00171	36	0	0	0	0	10	0	0
DB00172	22	0	0	0	0	1	0	0
DB00173	7	0	0	0	0	3	0	0
DB00174	7	0	0	0	0	12	0	0
DB00175	19	184	1	0	0	2	2	4
DB00176	15	458	5	0	2	1	0	1
DB00177	5	110	3	1	0	6	3	4
DB00178	4	206	0	0	0	13	4	0
DB00179	5	0	0	0	0	7	0	0
DB00180	3	133	31	0	0	31	2	35
DB00181	3	235	0	2	1	3	0	0
DB00182	12	77	0	1	2	27	0	0
DB00183	2	0	0	0	0	5	0	0
DB00184	32	185	7	1	1	0	1	2
DB00185	5	444	0	1	0	0	0	0
DB00186	5	131	1	1	1	28	0	0
DB00187	2	118	13	0	0	16	1	5
DB00188	17	618	250	1	0	3	1	250
DB00189	3	0	0	0	0	0	0	0
DB00190	1	162	16	1	2	10	0	6
DB00191	8	48	1	2	0	21	1	2
DB00192	1	0	0	0	0	14	0	0
DB00193	11	625	9	1	1	2	0	14
DB00194	4	110	8	0	0	16	0	0
DB00195	4	263	1	0	0	11	2	0
DB00196	8	158	10	4	0	1	0	5
DB00198	6	124	0	1	0	0	0	0
DB00199	11	69	4	2	0	7	0	3
DB00200	11	78	0	0	0	1	0	0
DB00201	22	58	4	2	1	6	0	2
DB00202	10	43	0	1	0	2	0	0
DB00203	17	341	5	0	3	2	0	1
DB00204	4	62	7	0	0	2	0	1
DB00205	4	15	38	1	0	1	1	15
DB00206	8	43	104	1	0	4	1	54
DB00207	4	201	11	1	0	7	0	4
DB00208	11	84	1	1	0	1	0	0
DB00209	4	125	0	1	0	11	0	0
DB00210	6	59	2	1	0	0	0	2
DB00211	5	71	1	0	0	3	0	1
DB00212	1	0	0	0	0	1	0	0
DB00213	9	369	2	0	0	4	0	1
DB00214	5	58	6	1	1	0	1	2
DB00215	14	823	8	0	3	1	1	2
DB00216	14	257	0	2	1	8	0	0
DB00217	2	0	0	0	0	18	0	0
DB00218	1	438	0	1	1	10	0	0
DB00219	2	0	0	0	0	8	0	0
DB00220	14	130	5	0	0	3	1	42
DB00221	2	0	0	0	0	11	1	0
DB00222	4	126	0	1	0	7	1	0
DB00223	1	15	39	0	0	31	0	34
DB00224	13	223	18	0	0	4	1	3
DB00225	0	109	0	1	0	5	0	0
DB00226	1	0	0	0	0	0	1	0
DB00227	19	121	152	0	0	2	2	58
DB00228	13	18	0	1	0	2	0	0
DB00229	1	0	22	0	0	21	0	18
DB00230	4	839	0	0	3	2	1	0
DB00231	25	94	0	1	0	29	0	0
DB00232	5	53	0	2	0	10	0	0
DB00233	6	57	5	0	0	7	0	7
DB00234	6	177	4	0	0	7	0	5
DB00235	1	23	0	0	0	1	0	0
DB00236	0	0	0	0	0	0	0	0
DB00237	8	35	0	0	0	12	0	0
DB00238	7	120	0	4	0	0	1	0
DB00239	2	14	4	1	0	7	0	4
DB00240	3	16	0	1	0	29	0	0
DB00241	13	0	0	1	1	9	0	0
DB00242	15	186	53	0	0	16	2	48
DB00243	4	110	4	4	0	10	0	5
DB00244	7	394	27	4	0	11	2	10
DB00245	6	32	1	1	4	22	0	1
DB00246	34	387	1	0	3	4	0	0
DB00247	11	72	2	0	0	6	0	0
DB00248	21	133	6	1	1	2	0	2
DB00249	0	6	2	1	0	8	0	6
DB00250	14	50	2	1	0	19	3	1
DB00251	0	29	0	1	0	3	0	2
DB00252	21	300	7	8	0	18	1	4
DB00253	2	23	13	1	0	21	0	18
DB00254	8	0	0	1	1	9	1	0
DB00255	14	0	1	0	0	3	0	1
DB00256	0	0	0	0	0	9	0	0
DB00257	20	33	0	1	0	10	0	3
DB00258	0	44	0	0	1	2	1	0
DB00259	10	2	0	0	0	20	0	0
DB00260	2	24	1	0	0	0	0	2
DB00261	2	179	34	2	0	0	1	17
DB00262	2	177	0	1	0	1	5	0
DB00263	2	0	2	1	0	17	0	0
DB00264	6	181	2	0	0	14	1	5
DB00265	0	3	3	0	0	2	0	2
DB00266	5	0	2	0	0	3	0	0
DB00267	0	0	0	0	0	26	0	0
DB00268	17	682	9	0	3	0	0	7
DB00270	8	106	5	2	0	9	1	1
DB00271	0	139	0	1	0	2	0	0
DB00272	1	0	2	0	0	0	0	2
DB00273	25	535	4	3	1	0	3	2
DB00274	3	0	3	0	0	11	0	0
DB00275	4	167	0	0	0	8	2	0
DB00276	5	108	0	0	0	1	0	0
DB00277	21	86	2	1	0	6	1	1
DB00278	3	76	0	1	0	0	0	0
DB00279	16	12	0	1	0	7	1	2
DB00280	10	118	0	0	0	12	0	2
DB00281	20	150	4	2	4	8	0	0
DB00282	1	185	0	1	0	7	2	0
DB00283	3	54	8	0	0	14	0	6
DB00284	7	42	6	1	0	6	1	2
DB00285	11	584	0	2	2	3	0	0
DB00286	26	255	2	2	1	11	2	2
DB00287	1	186	0	1	0	5	1	0
DB00288	2	26	11	1	0	30	0	17
DB00289	12	171	4	1	2	34	0	0
DB00290	3	105	0	0	0	0	6	0
DB00291	2	83	19	1	0	1	4	27
DB00292	8	23	2	1	0	6	0	1
DB00293	2	56	7	0	0	6	0	2
DB00294	4	195	0	1	0	14	0	0
DB00295	14	313	0	1	1	12	0	0
DB00296	12	225	28	2	0	6	0	16
DB00297	7	222	0	2	0	6	0	0
DB00298	3	0	0	0	0	1	0	0
DB00299	0	56	7	2	0	5	0	3
DB00300	11	91	18	0	0	7	0	12
DB00301	1	74	5	0	0	19	0	1
DB00302	2	99	4	1	0	0	0	1
DB00303	0	318	0	1	0	1	0	0
DB00304	3	45	0	1	1	11	0	0
DB00305	2	66	250	1	0	0	2	250
DB00306	21	0	0	0	0	12	0	0
DB00307	5	288	0	1	0	1	1	0
DB00308	10	27	0	0	0	2	0	0
DB00309	2	0	31	0	0	4	0	17
DB00310	10	65	2	1	0	8	1	3
DB00312	17	37	12	0	0	12	0	5
DB00313	29	326	0	1	3	1	2	0
DB00314	0	35	0	0	0	1	0	0
DB00315	6	260	6	2	1	5	0	0
DB00316	23	186	6	0	2	4	0	3
DB00317	25	126	84	0	0	8	1	47
DB00318	11	110	0	0	1	9	0	0
DB00319	1	112	6	0	0	24	0	8
DB00320	8	126	5	1	1	3	0	0
DB00321	46	134	11	0	4	31	1	6
DB00322	2	72	47	1	0	9	1	23
DB00323	2	275	2	0	1	3	0	0
DB00324	3	42	18	1	0	34	0	22
DB00325	7	0	0	0	0	0	0	0
DB00326	0	39	0	0	0	2	0	0
DB00327	8	311	0	1	0	14	0	0
DB00328	31	200	3	1	4	6	1	2
DB00330	0	64	1	0	0	0	0	1
DB00331	56	139	22	1	0	0	3	8
DB00332	8	153	22	0	0	10	1	22
DB00333	19	119	0	1	0	40	0	0
DB00334	39	0	4	0	4	6	0	7
DB00335	3	135	0	0	0	15	0	1
DB00336	2	0	12	0	0	2	0	13
DB00337	3	124	0	0	0	4	1	0
DB00338	15	302	2	2	4	4	1	1
DB00339	4	48	2	0	0	0	0	0
DB00340	6	0	4	0	0	18	0	3
DB00341	1	255	2	1	0	23	1	2
DB00343	12	243	2	1	1	14	1	1
DB00344	4	105	17	0	0	13	0	11
DB00345	15	13	5	0	0	10	0	7
DB00346	5	109	3	0	0	3	0	2
DB00347	6	62	3	1	0	1	1	2
DB00348	1	61	0	1	0	2	0	0
DB00349	10	111	0	2	0	30	1	0
DB00350	4	0	0	1	0	0	1	2
DB00351	3	0	0	1	1	19	0	0
DB00352	4	31	0	0	0	2	1	0
DB00353	7	41	28	1	1	6	0	19
DB00354	2	0	0	0	0	16	0	0
DB00355	0	94	1	1	0	5	0	0
DB00356	7	20	0	1	0	0	0	0
DB00357	5	35	2	1	0	2	0	0
DB00358	10	153	4	0	0	1	0	8
DB00359	4	78	0	1	0	19	1	0
DB00360	5	57	6	1	0	0	0	2
DB00361	12	164	98	1	0	4	4	113
DB00362	0	130	0	1	0	2	0	0
DB00363	41	0	4	0	2	29	0	1
DB00364	7	10	0	1	0	0	0	0
DB00366	2	111	4	0	0	30	0	1
DB00367	7	227	226	2	1	19	0	111
DB00368	20	22	0	3	0	12	0	1
DB00369	2	283	0	0	0	1	0	0
DB00370	25	352	1	0	0	8	0	1
DB00371	11	56	0	0	0	1	0	0
DB00373	6	218	3	0	0	3	4	3
DB00374	4	101	250	2	0	3	0	218
DB00375	0	71	0	1	0	1	0	0
DB00376	5	41	0	0	1	9	0	0
DB00377	4	128	0	1	0	1	0	0
DB00378	1	0	0	0	0	16	0	1
DB00379	11	109	1	0	0	1	0	1
DB00380	2	104	1	0	0	0	0	2
DB00381	21	155	32	2	1	9	1	60
DB00383	3	0	0	0	0	8	0	0
DB00384	5	28	4	2	0	1	1	1
DB00385	1	52	0	0	0	4	1	0
DB00387	4	0	6	0	1	9	0	2
DB00388	5	90	0	1	0	9	0	0
DB00389	2	53	10	0	0	0	0	6
DB00390	22	66	250	1	2	4	0	250
DB00391	7	0	6	0	0	4	0	3
DB00392	4	0	11	0	0	34	0	15
DB00393	12	56	0	2	0	10	0	1
DB00394	3	43	9	0	0	27	2	16
DB00395	1	29	0	1	0	1	0	0
DB00396	28	315	10	1	0	31	1	5
DB00397	9	43	14	0	0	14	1	2
DB00398	52	198	156	0	0	2	3	151
DB00399	6	232	0	0	0	6	2	0
DB00400	3	36	1	2	0	0	0	0
DB00401	11	155	9	3	0	10	1	9
DB00402	13	259	4	0	2	1	0	4
DB00403	1	0	0	0	0	6	0	0
DB00404	12	222	21	1	2	25	0	7
DB00405	2	0	3	0	0	18	0	0
DB00406	1	0	0	0	0	0	0	0
DB00407	2	71	0	0	0	1	0	0
DB00408	32	107	9	0	1	24	0	3
DB00409	6	0	18	0	0	3	0	19
DB00410	1	46	0	1	0	0	0	0
DB00411	5	51	8	0	0	3	1	3
DB00412	11	76	24	3	0	5	1	30
DB00413	16	648	0	0	2	0	0	0
DB00415	5	30	9	1	0	27	0	6
DB00417	0	23	41	1	0	22	0	6
DB00418	16	39	0	0	0	11	0	0
DB00419	2	91	0	1	0	1	0	0
DB00420	19	0	15	0	0	53	0	10
DB00421	11	56	4	1	0	17	2	3
DB00422	4	332	0	1	1	8	0	0
DB00423	1	45	2	1	0	7	0	3
DB00424	4	208	2	0	2	13	1	0
DB00425	15	326	0	3	1	1	0	0
DB00426	2	85	17	2	0	0	0	10
DB00427	2	0	3	0	1	2	0	6
DB00428	5	58	2	1	0	2	0	1
DB00429	2	94	0	1	0	5	0	0
DB00430	1	0	0	0	0	17	0	0
DB00431	5	11	0	0	0	0	0	0
DB00432	4	15	10	2	0	8	0	14
DB00433	7	141	0	1	1	48	0	4
DB00434	12	68	29	0	2	18	1	61
DB00435	7	25	0	1	0	0	0	0
DB00436	6	34	2	2	0	6	1	1
DB00437	4	255	0	1	0	0	1	0
DB00438	4	91	0	0	0	21	0	0
DB00440	6	116	0	3	0	3	0	0
DB00441	15	189	250	1	0	5	6	250
DB00442	0	63	0	0	0	5	1	2
DB00443	8	249	164	1	5	35	11	196
DB00444	9	70	250	1	0	2	3	250
DB00445	8	511	250	2	0	4	14	250
DB00446	9	59	14	1	0	0	0	17
DB00448	15	426	9	1	0	5	0	2
DB00449	7	9	6	0	0	2	1	1
DB00450	4	48	1	1	0	5	0	0
DB00451	16	71	8	1	0	3	1	11
DB00452	1	24	0	0	0	7	0	0
DB00453	0	0	0	0	0	9	0	0
DB00454	16	92	0	1	0	11	0	0
DB00455	8	73	2	0	0	4	3	2
DB00456	9	0	19	0	0	26	0	16
DB00457	18	66	1	0	0	3	1	1
DB00458	36	170	1	0	3	39	0	0
DB00459	9	284	2	1	0	4	1	4
DB00460	0	117	0	2	0	0	0	0
DB00461	4	127	5	1	2	4	0	0
DB00462	4	30	0	1	0	7	0	0
DB00464	2	14	0	0	0	5	0	0
DB00465	2	319	6	1	0	9	0	9
DB00467	2	0	3	0	0	13	0	6
DB00468	21	171	3	0	0	2	1	3
DB00469	4	67	0	0	0	3	0	0
DB00470	10	60	0	1	0	1	0	0
DB00471	8	132	0	1	0	0	3	2
DB00472	15	549	15	0	2	9	0	7
DB00473	5	0	3	0	0	9	0	1
DB00474	3	36	0	1	0	8	0	0
DB00475	9	0	0	1	1	22	0	0
DB00476	9	332	2	2	2	9	0	3
DB00477	33	104	35	1	3	42	0	45
DB00478	0	68	0	1	0	1	0	0
DB00479	0	31	0	1	0	9	0	0
DB00480	5	502	3	0	0	2	1	4
DB00481	11	98	250	0	0	3	2	244
DB00482	17	344	4	1	9	2	0	3
DB00483	3	90	0	0	0	0	0	0
DB00484	4	164	0	0	0	3	1	2
DB00485	4	81	3	1	0	19	0	8
DB00486	2	156	0	1	0	1	0	0
DB00487	2	0	0	0	0	11	0	1
DB00488	0	25	1	1	0	0	1	1
DB00489	3	132	0	1	0	8	0	0
DB00490	11	188	2	0	1	0	0	2
DB00491	5	23	0	1	0	1	1	0
DB00492	3	264	0	0	0	7	1	1
DB00493	6	61	1	1	0	27	0	1
DB00494	2	263	4	0	1	1	0	5
DB00495	20	186	9	2	0	5	1	1
DB00496	7	95	6	1	0	14	0	6
DB00497	8	305	0	1	0	11	0	0
DB00498	1	0	0	0	0	28	0	0
DB00499	8	90	10	1	0	2	1	7
DB00500	6	52	3	1	3	9	0	1
DB00501	26	77	3	1	0	0	1	0
DB00502	26	164	1	0	4	10	0	0
DB00503	18	349	2	7	0	3	1	1
DB00504	1	0	0	0	0	6	0	0
DB00507	0	61	21	0	0	3	0	26
DB00508	7	0	32	0	0	32	0	26
DB00509	8	71	8	0	0	3	1	11
DB00511	8	0	0	0	0	4	0	0
DB00512	1	92	0	1	0	2	0	0
DB00513	3	55	5	1	0	6	0	8
DB00514	26	33	1	2	2	10	0	6
DB00515	25	169	0	1	0	0	8	0
DB00516	0	10	0	0	0	0	0	0
DB00517	3	0	0	0	0	3	0	0
DB00518	6	33	63	1	0	1	0	77
DB00519	4	198	0	0	0	13	2	0
DB00520	6	277	0	1	0	3	0	0
DB00521	3	46	1	0	0	8	1	1
DB00523	10	453	93	1	0	4	2	92
DB00524	7	111	1	1	0	6	1	0
DB00525	0	0	5	0	0	3	0	2
DB00526	21	0	0	1	0	0	0	0
DB00527	6	0	8	3	0	9	0	3
DB00528	8	170	0	0	0	7	0	0
DB00529	2	182	0	2	0	0	0	0
DB00530	31	152	83	0	0	2	3	61
DB00531	12	316	11	0	0	2	0	0
DB00534	2	21	0	0	0	0	0	0
DB00535	4	112	1	1	0	22	0	0
DB00536	50	56	0	1	0	0	0	0
DB00537	7	512	2	1	1	12	0	1
DB00538	0	203	0	1	0	3	0	0
DB00539	5	93	42	0	0	15	1	77
DB00540	26	152	25	0	4	22	0	28
DB00541	24	142	145	1	0	4	7	130
DB00542	4	101	1	1	0	17	1	0
DB00543	23	113	0	0	0	18	0	8
DB00544	19	169	9	1	0	1	7	4
DB00545	3	84	0	0	0	2	0	3
DB00546	20	0	0	0	0	25	0	0
DB00547	1	36	34	1	0	33	0	32
DB00548	3	28	0	2	0	7	0	0
DB00549	11	76	0	2	0	3	1	0
DB00550	4	54	11	1	0	0	1	8
DB00551	1	37	0	1	0	3	0	0
DB00552	1	179	0	1	0	9	1	0
DB00553	5	53	15	3	0	0	3	31
DB00554	8	0	0	1	3	5	0	0
DB00555	11	367	4	1	2	2	1	2
DB00556	0	144	0	1	0	1	0	0
DB00557	2	16	0	1	0	22	0	0
DB00558	1	70	0	1	0	0	0	0
DB00559	5	209	1	0	0	0	0	0
DB00560	0	0	0	1	0	8	0	0
DB00561	2	48	5	1	0	16	0	9
DB00562	6	0	0	0	0	9	0	0
DB00563	31	319	97	1	0	6	19	47
DB00564	16	337	4	6	4	22	1	2
DB00565	4	45	1	1	0	3	0	2
DB00566	0	57	1	1	0	1	0	2
DB00567	9	83	6	1	0	33	0	2
DB00568	16	0	6	0	0	19	0	4
DB00569	2	193	0	1	0	1	0	0
DB00570	23	59	250	1	0	4	7	250
DB00571	16	112	2	0	0	29	2	1
DB00572	6	208	2	1	2	13	0	0
DB00573	3	100	0	1	1	29	0	0
DB00575	18	186	12	1	4	5	2	2
DB00576	2	0	10	0	0	17	0	10
DB00577	6	131	5	2	0	4	0	0
DB00578	2	31	0	1	0	24	0	0
DB00579	4	0	0	0	0	15	0	0
DB00581	0	21	0	3	0	6	0	0
DB00582	10	410	0	4	0	1	0	1
DB00583	14	78	0	1	0	4	0	0
DB00584	8	200	28	1	0	13	2	7
DB00585	3	71	70	1	0	1	0	38
DB00586	30	413	3	2	5	8	0	0
DB00587	1	0	2	0	0	0	0	1
DB00588	9	166	42	1	0	25	1	44
DB00589	19	67	0	0	0	6	0	1
DB00590	11	256	0	0	0	4	1	1
DB00591	3	143	42	1	0	29	2	20
DB00592	2	0	0	0	0	0	0	0
DB00593	7	74	1	1	0	1	0	2
DB00594	12	90	0	2	0	0	1	0
DB00595	4	0	0	1	0	9	0	0
DB00596	2	0	0	0	0	25	0	0
DB00597	0	76	0	1	0	1	0	0
DB00598	4	133	0	0	0	23	1	0
DB00599	16	0	0	0	0	8	0	0
DB00600	1	3	6	2	1	18	0	3
DB00601	2	132	4	1	0	1	0	5
DB00602	8	102	156	0	0	0	0	91
DB00603	10	403	9	1	1	22	1	9
DB00604	18	0	7	0	0	4	0	1
DB00605	10	145	0	1	1	0	0	0
DB00606	6	0	0	0	0	9	0	0
DB00607	3	61	3	1	0	19	0	1
DB00608	9	76	2	0	0	6	0	0
DB00609	0	43	4	0	0	0	0	6
DB00610	1	0	2	0	0	9	0	0
DB00611	3	133	0	2	0	8	0	0
DB00612	4	220	0	0	0	12	0	0
DB00613	6	0	70	0	0	4	0	39
DB00614	2	0	0	0	0	3	0	0
DB00615	4	81	1	1	0	3	0	3
DB00616	2	0	0	0	0	0	0	0
DB00617	7	0	0	0	0	1	0	0
DB00618	0	0	0	1	0	9	0	0
DB00619	37	356	8	0	0	4	1	6
DB00620	5	179	29	1	1	34	12	32
DB00621	1	30	6	0	1	13	0	6
DB00622	26	108	4	2	0	10	1	5
DB00623	16	97	1	1	1	27	0	32
DB00624	27	405	30	2	1	37	0	27
DB00625	6	257	5	7	0	0	1	2
DB00626	2	7	4	1	0	9	0	8
DB00627	10	177	3	1	0	2	2	2
DB00628	9	23	0	1	0	26	0	0
DB00629	5	181	3	1	0	1	1	4
DB00630	5	94	6	1	0	7	2	16
DB00631	5	177	86	1	0	12	1	71
DB00632	0	7	0	0	0	4	0	0
DB00633	10	140	4	2	0	0	0	4
DB00634	0	21	5	1	0	27	0	2
DB00635	7	258	2	1	2	31	15	5
DB00636	8	0	0	0	0	5	0	1
DB00637	9	0	5	0	0	5	0	16
DB00638	0	0	0	0	0	0	0	0
DB00639	0	9	1	1	0	7	0	2
DB00640	7	110	8	1	0	16	0	0
DB00641	18	143	250	0	0	2	2	159
DB00642	7	124	0	1	0	6	1	0
DB00643	5	13	250	0	0	8	0	250
DB00644	1	51	0	0	0	9	0	0
DB00645	1	0	0	0	0	8	0	1
DB00646	0	0	0	1	0	2	0	0
DB00647	9	77	4	1	0	32	0	9
DB00648	5	118	9	1	0	8	0	3
DB00649	2	131	10	2	0	5	1	6
DB00650	4	59	0	1	0	6	0	0
DB00651	9	27	0	0	0	6	1	0
DB00652	5	72	0	2	0	4	0	0
DB00653	6	17	0	0	0	0	0	0
DB00654	3	64	0	1	0	6	1	2
DB00655	18	74	4	0	1	16	1	1
DB00656	15	211	1	0	3	17	0	0
DB00657	3	27	6	1	1	0	1	9
DB00658	0	28	0	1	0	0	0	0
DB00659	12	229	0	0	0	0	1	0
DB00660	0	20	6	1	0	0	0	8
DB00661	41	138	1	1	0	4	2	6
DB00662	0	17	0	1	0	7	0	1
DB00663	2	6	0	0	0	24	0	0
DB00664	0	0	0	0	0	18	0	0
DB00665	5	89	0	1	0	3	1	0
DB00666	1	125	0	1	0	8	0	0
DB00667	13	158	0	0	0	3	0	0
DB00668	18	80	3	1	3	17	0	8
DB00669	11	407	5	2	1	6	0	7
DB00670	2	0	0	0	0	13	0	3
DB00671	3	64	37	0	0	24	0	17
DB00672	9	38	0	1	0	10	1	0
DB00673	9	237	0	4	2	1	0	0
DB00674	21	184	2	0	0	6	1	3
DB00675	31	222	75	0	0	24	2	74
DB00676	0	5	0	0	0	55	0	0
DB00677	3	0	0	0	0	0	0	0
DB00678	20	187	2	1	0	9	3	5
DB00679	19	101	250	1	1	33	0	250
DB00680	1	0	3	0	0	24	0	2
DB00681	0	348	0	1	0	2	0	0
DB00682	10	0	0	1	0	17	0	1
DB00683	29	188	2	1	0	27	1	0
DB00684	0	178	0	1	0	8	0	0
DB00685	1	212	0	0	0	5	0	0
DB00686	3	89	0	1	0	0	0	0
DB00687	3	86	0	0	1	31	0	0
DB00688	20	488	90	0	0	1	3	45
DB00689	1	0	0	0	0	34	0	0
DB00690	24	70	0	1	0	27	0	0
DB00691	4	0	1	0	0	10	1	0
DB00692	8	40	2	0	1	3	0	3
DB00693	4	93	0	1	0	0	0	0
DB00694	19	177	250	2	0	4	1	250
DB00695	19	171	0	1	1	2	3	0
DB00696	18	24	0	1	1	7	0	0
DB00697	5	231	11	1	2	3	0	1
DB00698	2	94	0	1	0	3	0	0
DB00699	2	0	3	0	0	1	0	3
DB00700	6	134	5	1	0	12	2	0
DB00701	9	73	0	3	0	2	1	0
DB00703	16	59	5	0	0	1	1	0
DB00704	5	263	12	1	0	10	1	6
DB00705	9	287	0	2	0	0	1	0
DB00706	11	118	0	0	1	4	0	0
DB00707	2	0	0	2	1	0	0	0
DB00708	4	36	0	1	0	5	0	0
DB00709	19	216	4	2	0	5	2	0
DB00710	1	201	0	1	0	5	1	0
DB00711	3	0	1	0	0	0	0	5
DB00712	11	257	7	1	1	23	0	7
DB00713	2	52	1	1	0	21	0	0
DB00714	17	55	0	0	1	0	0	0
DB00715	15	624	173	0	3	0	0	86
DB00716	5	58	0	1	0	0	1	0
DB00717	9	110	97	1	1	25	0	48
DB00718	10	67	0	0	0	1	1	0
DB00719	2	0	0	0	0	14	0	0
DB00720	4	65	1	0	0	4	0	0
DB00721	6	74	5	0	0	9	0	3
DB00722	4	263	1	0	0	12	4	0
DB00723	3	0	0	0	0	3	0	0
DB00724	4	268	0	2	0	0	1	4
DB00725	5	0	0	0	0	12	0	0
DB00726	19	101	1	0	0	35	0	17
DB00727	5	119	0	2	1	1	0	0
DB00728	8	31	0	1	0	3	0	0
DB00729	2	0	1	0	0	7	0	1
DB00730	2	53	6	0	0	1	0	11
DB00731	18	46	0	1	0	15	1	0
DB00732	4	45	1	1	0	3	0	2
DB00733	2	17	5	0	0	0	0	7
DB00734	25	666	1	0	5	3	0	1
DB00735	2	19	1	1	0	19	0	0
DB00736	4	302	2	1	4	4	1	1
DB00737	2	9	3	1	0	18	0	4
DB00738	11	204	50	0	0	1	0	45
DB00739	0	0	0	0	0	19	0	0
DB00740	5	408	15	1	0	0	1	8
DB00741	13	231	13	1	2	40	8	13
DB00742	1	136	0	2	1	2	0	0
DB00743	1	262	0	0	0	2	0	0
DB00744	8	52	5	2	0	2	1	2
DB00745	8	211	6	2	4	35	0	3
DB00746	1	115	0	1	1	0	0	0
DB00747	7	87	0	0	0	6	0	1
DB00748	8	54	27	1	0	22	0	4
DB00749	10	181	4	1	1	0	0	3
DB00750	4	90	0	2	0	4	0	0
DB00751	10	15	0	3	0	11	0	0
DB00752	9	84	3	0	0	12	0	3
DB00753	34	44	0	1	0	3	0	0
DB00754	11	27	9	1	0	10	0	4
DB00755	24	453	93	1	0	4	1	92
DB00756	3	5	7	0	0	0	0	15
DB00757	4	148	0	1	0	2	0	2
DB00758	10	238	55	2	0	2	1	45
DB00759	7	0	0	1	0	9	0	0
DB00760	0	150	0	0	0	1	0	0
DB00761	6	53	0	0	0	1	0	0
DB00762	20	177	236	1	0	1	6	232
DB00763	9	36	3	1	0	0	1	2
DB00764	2	107	0	0	0	34	3	0
DB00765	1	43	0	1	0	5	0	0
DB00766	0	27	0	1	0	0	0	0
DB00768	7	108	8	2	0	10	1	3
DB00769	2	0	0	0	0	25	0	0
DB00770	8	192	0	4	0	8	0	1
DB00771	2	0	0	4	0	20	0	0
DB00772	3	5	0	0	0	0	0	0
DB00773	19	153	127	1	0	2	11	76
DB00774	12	40	9	2	0	7	1	8
DB00775	2	33	0	1	0	0	1	0
DB00776	5	304	4	1	2	27	1	3
DB00777	14	0	0	0	0	34	0	0
DB00778	4	49	16	0	0	7	0	12
DB00779	2	50	5	0	0	5	0	4
DB00780	14	72	9	0	0	20	0	4
DB00781	0	19	0	1	0	10	0	0
DB00782	3	39	6	0	0	2	1	0
DB00783	36	445	83	2	1	16	2	119
DB00784	7	149	5	1	0	15	0	1
DB00786	24	0	0	0	0	0	0	0
DB00787	6	177	43	2	0	5	0	31
DB00788	11	358	4	1	5	10	1	3
DB00789	1	196	0	1	0	4	0	0
DB00790	5	239	2	0	0	7	2	4
DB00791	0	0	0	0	0	1	0	0
DB00792	2	0	0	0	0	34	0	0
DB00793	1	0	14	0	0	0	0	27
DB00794	19	45	2	1	0	7	1	0
DB00795	15	0	4	1	0	6	4	2
DB00796	6	83	8	0	0	10	1	8
DB00797	6	0	1	0	1	15	0	0
DB00798	2	82	8	1	0	4	0	0
DB00799	5	45	0	1	0	0	1	0
DB00800	9	47	1	0	0	0	1	2
DB00801	19	0	0	0	0	25	0	0
DB00802	8	79	0	1	0	3	0	0
DB00803	0	0	0	0	0	3	0	0
DB00804	4	106	0	0	0	0	0	0
DB00805	10	0	1	0	0	4	0	1
DB00806	8	111	7	1	0	4	2	1
DB00807	4	17	3	1	0	8	0	3
DB00808	11	243	0	1	0	5	1	0
DB00809	4	42	0	0	0	9	0	0
DB00810	5	0	62	0	1	6	0	62
DB00811	6	449	7	1	0	11	0	4
DB00812	8	0	1	0	0	19	0	1
DB00813	8	521	0	1	2	37	0	0
DB00814	7	226	0	1	5	4	0	0
DB00815	1	108	0	0	0	5	0	0
DB00816	1	55	1	1	0	7	1	8
DB00817	0	0	0	0	0	5	0	0
DB00818	25	178	1	1	0	1	1	0
DB00819	14	74	0	1	0	1	2	0
DB00820	3	156	0	0	1	0	0	0
DB00821	3	0	5	0	0	6	0	2
DB00822	6	39	91	1	0	0	1	68
DB00823	2	0	5	1	0	13	0	3
DB00824	5	0	0	0	0	2	0	0
DB00825	4	0	0	0	0	0	0	0
DB00826	0	13	0	1	0	2	0	0
DB00827	1	31	0	0	0	0	0	0
DB00828	0	63	0	0	0	0	0	0
DB00829	32	235	0	1	2	36	1	0
DB00830	2	0	0	0	0	5	0	0
DB00831	21	121	28	1	1	36	0	44
DB00832	4	0	4	0	0	13	0	4
DB00833	3	159	1	0	0	30	0	1
DB00834	10	92	11	1	0	0	0	16
DB00835	14	0	3	0	0	18	0	0
DB00836	13	52	28	1	0	25	0	35
DB00837	2	0	0	0	0	1	0	0
DB00838	1	15	0	0	0	27	0	0
DB00839	3	38	4	1	0	7	1	2
DB00841	6	16	1	0	0	8	0	0
DB00842	27	45	0	1	0	26	0	0
DB00843	7	348	11	0	0	3	1	9
DB00844	3	75	11	2	0	10	0	5
DB00845	3	57	1	0	0	0	0	2
DB00846	2	17	27	1	0	23	0	41
DB00847	3	95	0	1	0	0	0	0
DB00849	13	0	0	0	0	12	0	0
DB00850	21	133	15	1	1	37	0	39
DB00851	5	0	1	1	0	0	7	4
DB00852	12	56	1	1	2	16	0	0
DB00853	1	241	6	1	0	0	4	3
DB00854	3	60	64	1	0	11	0	14
DB00855	3	94	15	1	0	7	0	16
DB00856	5	0	0	0	0	9	0	0
DB00857	10	151	146	1	0	4	0	88
DB00858	3	0	0	0	0	12	0	0
DB00859	1	122	0	0	0	6	1	0
DB00860	7	134	8	2	1	38	13	5
DB00861	6	85	5	1	2	7	0	1
DB00862	8	167	1	0	0	2	0	1
DB00863	9	105	7	1	0	1	0	2
DB00864	11	568	11	0	0	4	1	9
DB00865	8	23	0	2	0	50	1	0
DB00866	5	0	32	0	0	14	0	4
DB00867	3	0	6	0	0	11	0	5
DB00868	1	26	1	1	0	1	0	0
DB00869	12	184	3	0	0	1	1	7
DB00870	5	15	8	0	0	12	0	7
DB00871	2	32	0	0	0	10	1	1
DB00872	3	65	0	1	0	4	0	0
DB00873	1	0	0	1	0	34	0	0
DB00874	0	10	2	0	0	9	0	0
DB00875	7	0	0	0	0	7	0	0
DB00876	3	144	1	1	0	1	1	1
DB00877	11	327	250	3	0	4	0	250
DB00878	6	59	25	1	0	0	0	12
DB00879	1	143	0	2	0	4	0	0
DB00880	5	62	0	2	0	11	1	1
DB00881	3	97	0	0	0	16	1	0
DB00882	12	236	66	0	0	9	1	75
DB00883	6	24	2	2	1	1	0	2
DB00884	2	163	0	1	0	6	2	0
DB00885	0	16	0	1	0	0	0	0
DB00887	19	66	1	1	1	4	1	0
DB00888	0	49	0	1	0	1	2	0
DB00889	5	127	11	1	0	2	0	3
DB00890	1	0	8	0	0	2	0	12
DB00891	1	0	3	0	0	21	0	1
DB00892	5	0	0	0	0	8	0	1
DB00894	1	16	0	1	0	27	0	0
DB00895	2	0	0	0	0	0	0	0
DB00896	2	31	4	1	0	35	0	9
DB00897	26	105	0	1	0	25	0	0
DB00898	15	0	0	0	0	0	0	0
DB00899	3	148	0	1	0	5	0	0
DB00900	4	92	1	2	0	2	1	8
DB00902	1	0	0	0	0	40	0	0
DB00903	5	43	41	1	1	0	1	26
DB00904	16	136	3	1	1	1	0	2
DB00905	4	121	0	1	0	8	1	2
DB00906	2	287	1	1	1	0	0	2
DB00907	16	12	0	0	0	4	0	0
DB00908	29	171	3	1	0	2	1	3
DB00909	34	269	5	4	0	0	1	1
DB00910	4	193	0	1	1	7	0	0
DB00911	1	94	2	1	0	1	0	1
DB00912	7	66	1	1	0	0	1	0
DB00913	1	0	0	0	0	16	0	0
DB00914	5	0	0	0	0	13	0	1
DB00915	14	132	2	1	2	1	0	3
DB00916	3	249	0	1	0	1	0	1
DB00917	27	96	3	1	0	8	0	4
DB00918	10	137	0	2	1	6	0	0
DB00919	0	12	1	0	0	0	0	0
DB00920	10	48	3	1	0	4	1	0
DB00921	18	228	0	1	0	6	0	0
DB00922	4	24	0	0	0	0	0	0
DB00923	0	0	38	0	0	23	0	12
DB00924	4	144	0	1	2	27	0	0
DB00925	14	10	4	0	0	32	0	11
DB00927	5	130	6	1	0	0	0	2
DB00928	3	235	222	1	0	16	0	231
DB00929	3	121	1	1	0	3	0	2
DB00931	1	0	0	0	0	8	0	0
DB00932	3	0	0	1	0	1	0	0
DB00933	10	0	8	1	1	31	0	2
DB00934	16	169	26	0	1	10	0	38
DB00935	13	0	1	0	1	1	0	1
DB00936	13	49	0	2	1	14	0	0
DB00937	2	68	0	2	0	13	1	0
DB00938	6	167	14	1	0	5	1	17
DB00939	8	52	1	0	0	7	0	2
DB00940	2	0	3	0	0	3	0	1
DB00941	2	0	0	0	0	0	0	0
DB00942	1	0	0	0	0	9	0	0
DB00943	12	325	12	0	0	6	0	8
DB00944	2	0	0	0	0	1	0	0
DB00945	16	86	1	2	5	7	2	1
DB00946	6	0	0	1	0	21	0	0
DB00947	6	90	250	1	0	1	1	250
DB00948	0	0	0	0	0	24	0	0
DB00949	6	255	2	1	0	4	1	2
DB00950	7	66	2	1	0	15	0	3
DB00951	9	54	0	0	0	0	0	0
DB00952	5	207	0	2	1	3	0	0
DB00953	6	174	0	2	1	4	0	0
DB00954	0	0	8	0	0	7	0	7
DB00955	0	0	0	1	0	1	0	0
DB00956	5	81	0	1	0	14	0	0
DB00957	3	0	4	1	0	13	0	3
DB00958	15	7	0	1	0	0	9	0
DB00959	3	216	5	1	3	37	10	11
DB00960	6	93	62	0	0	17	1	20
DB00961	8	61	4	2	0	5	0	3
DB00962	11	288	0	2	0	0	0	1
DB00963	2	40	8	2	0	10	0	9
DB00964	4	112	0	0	0	4	1	0
DB00966	7	207	0	1	0	5	2	0
DB00967	6	73	0	1	0	3	1	0
DB00968	4	86	76	0	0	12	1	33
DB00969	5	124	0	1	0	1	0	0
DB00970	5	75	250	0	0	0	10	250
DB00971	0	0	0	0	0	0	0	0
DB00972	16	125	19	1	0	10	0	16
DB00973	15	127	5	1	0	3	2	7
DB00974	4	59	0	3	0	0	0	0
DB00975	26	156	1	1	1	0	0	1
DB00976	6	158	0	1	0	5	0	0
DB00977	12	153	4	1	2	17	2	2
DB00978	4	205	0	0	0	13	0	0
DB00979	3	45	0	0	0	13	0	2
DB00980	5	22	0	1	1	0	0	0
DB00981	2	6	0	0	0	0	1	0
DB00982	6	453	93	1	0	4	1	92
DB00983	6	188	3	1	0	7	2	1
DB00984	2	0	0	0	0	12	0	0
DB00985	2	57	0	0	1	9	2	0
DB00986	5	121	3	0	0	11	0	0
DB00987	13	0	103	1	0	15	2	59
DB00988	24	24	1	2	0	12	0	1
DB00989	4	468	8	0	1	3	1	7
DB00990	2	128	18	0	0	12	1	31
DB00991	3	138	0	2	2	18	0	0
DB00992	1	58	0	1	0	1	0	0
DB00993	6	104	13	3	0	1	6	9
DB00994	0	24	0	1	0	7	0	0
DB00995	3	50	37	0	0	0	2	23
DB00996	5	521	7	1	6	1	2	6
DB00997	32	511	250	2	0	4	17	250
DB00998	4	162	0	2	1	0	0	0
DB00999	9	246	28	2	0	10	2	10
DB01000	3	0	0	0	0	17	0	0
DB01001	3	217	0	1	1	14	2	0
DB01002	4	222	0	0	0	6	0	0
DB01003	2	122	4	1	0	0	1	5
DB01004	4	299	4	2	0	4	0	3
DB01005	3	130	0	1	0	1	4	0
DB01006	3	172	2	0	0	1	1	2
DB01007	9	0	0	1	0	6	0	0
DB01008	6	254	99	1	0	0	1	43
DB01009	13	159	4	1	1	25	0	2
DB01010	2	31	1	0	0	5	0	2
DB01011	6	24	2	1	0	2	0	0
DB01012	4	64	0	1	1	11	0	0
DB01013	3	68	30	0	0	31	1	36
DB01014	4	0	26	1	0	6	2	5
DB01015	8	120	3	2	0	18	0	1
DB01016	24	102	31	1	0	10	2	17
DB01017	11	0	0	1	0	9	0	0
DB01018	6	107	0	1	1	3	1	0
DB01019	2	33	0	1	0	4	0	2
DB01020	4	241	0	2	1	1	0	0
DB01021	12	0	12	0	0	10	0	7
DB01022	2	27	1	3	0	1	0	0
DB01023	23	111	1	2	0	10	1	2
DB01024	7	405	250	0	0	1	2	249
DB01025	8	13	2	1	0	0	0	1
DB01026	27	127	2	4	0	4	0	17
DB01028	29	0	0	0	0	0	0	0
DB01029	10	241	8	1	0	6	2	4
DB01030	5	111	250	1	0	1	4	250
DB01031	2	0	0	0	0	1	0	0
DB01032	29	28	11	0	0	5	1	0
DB01033	12	57	0	0	0	2	3	0
DB01034	1	0	250	0	0	0	0	250
DB01035	20	83	0	0	0	14	0	0
DB01036	10	51	0	1	1	12	0	0
DB01037	12	443	0	1	3	17	0	0
DB01039	4	228	2	2	0	4	1	8
DB01040	0	0	0	0	0	0	0	0
DB01041	12	400	11	1	0	3	2	10
DB01042	2	117	0	1	0	5	4	4
DB01043	10	443	1	1	1	0	1	5
DB01044	1	194	25	0	0	11	0	19
DB01045	26	0	1	1	0	3	1	0
DB01046	2	86	0	1	0	3	0	0
DB01047	3	44	11	1	0	27	2	25
DB01048	3	136	0	2	0	2	1	0
DB01049	4	0	0	0	0	3	0	0
DB01050	26	336	0	1	1	13	0	0
DB01051	5	0	8	0	0	0	0	7
DB01053	11	160	49	1	0	23	0	28
DB01054	13	0	6	0	0	10	0	11
DB01055	3	0	0	0	0	2	0	0
DB01056	12	0	3	0	0	7	0	2
DB01057	2	14	0	1	0	0	1	0
DB01058	8	42	5	0	0	1	0	3
DB01059	10	179	4	1	0	13	0	2
DB01060	4	92	4	1	0	25	0	3
DB01061	0	0	1	0	0	24	0	2
DB01062	8	229	1	1	0	7	0	2
DB01063	2	0	0	0	1	33	0	0
DB01064	9	29	8	0	0	22	1	6
DB01065	20	134	8	0	0	8	0	5
DB01066	0	0	0	0	0	18	0	0
DB01067	5	106	15	1	0	8	1	4
DB01068	9	295	0	1	7	24	1	0
DB01069	17	97	0	1	0	43	0	0
DB01070	1	0	0	0	0	7	0	0
DB01071	4	0	0	0	0	32	0	0
DB01072	5	237	0	5	0	3	0	0
DB01073	5	145	0	0	0	13	2	0
DB01074	5	50	250	0	0	0	0	250
DB01075	12	57	0	1	2	58	2	0
DB01076	24	0	7	0	0	3	2	10
DB01077	2	63	10	1	0	6	2	7
DB01078	8	0	0	0	0	4	0	0
DB01080	3	226	1	0	0	2	1	1
DB01081	2	0	1	0	0	18	0	0
DB01082	1	27	0	1	0	2	0	0
DB01083	10	170	4	1	0	2	2	25
DB01084	1	39	3	1	0	1	0	6
DB01085	6	212	4	1	1	0	1	1
DB01086	12	17	1	3	0	8	0	2
DB01087	8	9	2	0	0	2	0	0
DB01088	10	0	0	1	0	3	0	0
DB01089	1	0	0	1	0	4	0	0
DB01090	3	0	0	0	0	0	0	0
DB01091	1	6	6	1	0	10	0	2
DB01092	9	0	250	0	0	4	0	250
DB01093	4	2	0	0	0	0	0	0
DB01094	6	0	0	0	0	0	0	0
DB01095	17	163	149	0	0	3	0	58
DB01096	1	0	0	0	0	0	0	0
DB01097	6	240	6	0	0	1	3	2
DB01098	15	80	26	0	0	2	2	8
DB01099	1	64	11	1	0	0	0	8
DB01100	23	125	22	0	1	9	0	43
DB01101	6	483	0	1	0	0	6	1
DB01102	3	0	0	0	0	13	0	0
DB01103	8	0	250	0	0	5	0	250
DB01104	13	429	21	0	4	1	0	42
DB01105	4	369	6	4	0	0	1	1
DB01106	2	22	3	0	0	0	0	2
DB01107	4	0	0	0	0	1	0	0
DB01108	4	0	0	0	0	8	0	0
DB01110	27	70	5	1	0	7	0	3
DB01111	0	84	0	1	0	3	0	0
DB01112	2	138	8	1	0	25	0	4
DB01113	4	20	15	0	0	5	0	8
DB01114	11	66	5	1	0	24	0	0
DB01115	25	273	18	2	2	10	1	14
DB01116	4	0	0	0	0	11	0	0
DB01117	2	0	0	0	0	5	0	0
DB01118	20	250	9	5	0	5	0	37
DB01119	8	90	35	0	1	1	0	15
DB01120	6	267	10	0	0	8	1	5
DB01121	1	0	0	0	0	26	0	0
DB01122	2	0	0	0	0	0	0	0
DB01123	1	0	0	0	0	0	0	0
DB01124	12	30	6	1	0	8	1	9
DB01125	1	0	0	0	0	7	0	0
DB01126	4	47	0	0	0	1	0	0
DB01127	5	6	2	1	0	9	0	3
DB01128	5	201	1	1	0	1	1	2
DB01129	9	338	1	0	0	4	0	0
DB01130	1	24	7	1	0	27	0	8
DB01131	7	28	0	1	0	0	1	1
DB01132	9	118	1	4	0	1	1	5
DB01133	2	20	0	1	0	0	1	0
DB01135	6	0	0	0	0	3	0	0
DB01136	26	249	2	2	0	9	1	2
DB01137	7	490	22	1	1	11	0	5
DB01138	13	0	3	0	0	5	0	4
DB01139	0	0	0	0	0	24	0	0
DB01140	5	65	1	0	0	23	0	2
DB01141	2	170	0	1	0	2	0	0
DB01142	30	278	4	0	1	25	0	1
DB01143	3	60	3	0	0	0	0	1
DB01144	11	48	1	1	0	5	1	1
DB01145	0	0	0	0	0	1	0	0
DB01146	2	0	6	0	0	34	0	7
DB01147	4	0	1	0	0	19	0	0
DB01148	10	20	2	1	0	6	0	1
DB01149	15	259	16	0	1	14	0	8
DB01150	0	62	0	1	0	21	0	0
DB01151	31	114	4	0	1	30	0	9
DB01153	1	10	1	1	0	6	0	0
DB01154	19	0	0	0	0	9	0	0
DB01155	0	169	0	1	0	12	0	0
DB01156	12	520	26	3	2	0	1	4
DB01157	1	25	0	0	0	2	0	0
DB01158	2	37	6	0	0	1	0	7
DB01159	43	0	0	0	0	1	0	0
DB01160	14	98	2	0	0	8	0	2
DB01161	6	38	0	2	0	8	0	0
DB01162	7	122	1	0	0	3	1	7
DB01164	0	55	0	0	0	1	0	0
DB01165	7	490	22	1	1	11	0	5
DB01166	8	191	12	0	1	1	0	5
DB01167	10	230	3	3	0	3	0	2
DB01168	2	137	2	1	0	2	2	1
DB01169	12	0	0	0	0	0	0	0
DB01170	2	0	0	0	0	0	1	0
DB01171	6	98	25	0	0	5	0	12
DB01172	0	27	5	1	0	10	0	5
DB01173	16	28	3	1	1	50	0	0
DB01174	28	84	0	0	0	15	1	0
DB01175	10	823	8	1	2	1	0	2
DB01176	3	57	5	0	0	39	0	9
DB01177	4	98	250	2	0	4	2	250
DB01178	1	0	11	0	0	0	0	2
DB01179	6	46	250	1	0	2	0	225
DB01180	2	76	0	0	0	4	0	4
DB01181	11	311	3	1	0	1	3	4
DB01182	9	329	2	0	0	20	0	1
DB01183	11	57	1	2	0	10	0	2
DB01184	12	51	6	0	0	11	0	0
DB01185	5	31	0	2	0	30	1	0
DB01186	20	341	2	1	2	4	0	0
DB01187	0	0	0	0	0	0	0	0
DB01188	1	29	127	4	0	0	0	96
DB01189	29	129	0	1	0	2	0	0
DB01190	1	163	0	2	0	1	1	0
DB01191	9	0	3	0	0	3	0	3
DB01192	5	115	0	1	0	10	0	0
DB01193	5	130	0	0	0	11	1	0
DB01194	11	192	0	0	0	1	1	4
DB01195	4	148	7	0	0	1	0	8
DB01196	6	66	0	3	0	9	1	0
DB01197	11	148	16	0	0	1	3	4
DB01198	14	259	4	0	2	1	0	4
DB01199	9	0	18	0	0	1	0	11
DB01200	23	163	9	1	1	6	1	15
DB01201	8	0	0	1	0	3	0	3
DB01202	4	194	11	1	0	0	1	2
DB01203	4	102	3	0	0	8	1	1
DB01204	11	177	250	1	0	0	6	250
DB01205	8	108	5	0	0	0	0	1
DB01206	3	44	0	1	0	1	2	0
DB01207	2	0	0	0	0	3	0	0
DB01208	4	235	11	0	0	8	0	4
DB01209	2	0	0	0	0	8	0	0
DB01210	2	53	6	0	0	8	1	4
DB01211	8	226	32	4	0	7	0	23
DB01212	7	116	0	1	0	24	0	0
DB01213	6	52	0	0	0	0	0	0
DB01214	2	38	0	0	0	9	1	0
DB01215	17	139	0	1	0	26	0	0
DB01216	7	49	2	0	0	7	0	2
DB01217	4	172	1	0	0	0	1	5
DB01218	5	57	2	0	0	1	0	1
DB01219	3	103	0	2	1	3	0	0
DB01220	2	143	0	1	0	3	0	1
DB01221	19	32	0	1	0	0	0	0
DB01222	2	235	56	1	0	30	2	63
DB01223	9	95	0	1	0	1	2	0
DB01224	34	421	23	0	4	24	0	16
DB01225	3	71	0	1	0	0	0	0
DB01226	7	26	0	0	0	3	0	0
DB01227	8	0	0	0	0	25	0	0
DB01228	2	0	0	0	0	10	0	0
DB01229	29	442	101	1	0	2	4	83
DB01231	3	0	2	1	0	32	0	1
DB01232	18	384	2	1	0	6	1	4
DB01233	9	118	0	1	3	10	0	0
DB01234	31	249	164	1	5	35	11	196
DB01235	12	166	5	1	2	20	0	5
DB01236	32	132	0	1	0	1	0	0
DB01237	3	0	0	0	0	37	0	0
DB01238	36	827	4	0	4	7	0	6
DB01239	14	0	24	0	0	39	0	22
DB01240	5	141	0	2	1	5	0	0
DB01241	7	116	19	2	0	1	1	7
DB01242	15	431	0	0	1	36	0	1
DB01243	0	0	51	0	0	1	0	57
DB01244	16	76	0	0	0	15	1	0
DB01245	10	0	0	0	0	3	0	0
DB01246	2	52	7	0	0	44	0	27
DB01247	2	47	1	0	1	6	0	0
DB01248	29	297	40	1	0	2	9	11
DB01249	0	151	5	1	0	1	0	4
DB01250	6	0	0	1	0	6	1	0
DB01251	3	0	2	0	0	4	0	2
DB01252	5	0	0	0	0	10	0	0
DB01253	5	40	3	0	0	6	0	6
DB01254	64	288	250	0	0	0	1	250
DB01255	4	83	0	1	1	13	0	0
DB01256	1	0	0	1	0	0	0	0
DB01259	11	73	14	0	0	1	1	11
DB01260	1	52	0	1	0	31	1	0
DB01261	4	127	44	1	0	0	1	6
DB01262	3	217	10	1	0	17	0	9
DB01263	2	458	0	1	0	3	0	0
DB01264	1	279	0	1	0	2	0	0
DB01265	0	103	0	2	0	8	1	0
DB01267	18	369	0	0	1	2	0	0
DB01268	132	327	44	1	0	2	2	33
DB01273	6	297	219	1	0	0	1	222
DB01274	6	188	3	1	0	7	2	1
DB01275	4	90	0	1	0	0	1	0
DB01280	4	150	0	1	0	14	1	0
DB01282	1	0	0	0	0	7	0	0
DB01283	6	0	0	0	0	5	0	0
DB01288	3	0	2	0	0	11	0	3
DB01289	3	0	0	0	0	9	0	0
DB01291	2	59	0	1	0	6	1	0
DB01294	4	58	0	1	0	0	0	0
DB01295	3	0	0	0	0	11	0	0
DB01296	6	0	10	0	1	7	0	4
DB01297	1	0	0	0	0	14	0	1
DB01298	0	0	0	0	0	17	0	0
DB01299	0	0	13	1	0	17	0	8
DB01301	1	0	0	0	0	9	0	0
DB01303	12	1	0	0	0	3	0	0
DB01319	1	71	0	0	0	2	0	0
DB01320	7	212	0	1	0	7	1	0
DB01321	1	0	0	0	0	6	0	0
DB01324	1	41	0	2	0	9	0	0
DB01325	5	0	3	0	0	9	0	2
DB01326	5	0	0	0	0	29	0	0
DB01327	7	96	0	1	0	21	0	0
DB01328	1	0	0	0	0	24	0	0
DB01329	5	0	0	1	0	18	0	0
DB01330	1	42	0	1	0	12	0	0
DB01331	0	66	0	1	0	9	0	0
DB01332	1	45	0	1	0	16	0	0
DB01333	5	0	0	0	0	20	0	0
DB01336	5	0	0	0	0	1	0	0
DB01337	9	22	2	1	0	3	0	2
DB01338	7	0	0	0	0	3	0	0
DB01339	6	44	0	1	0	3	0	1
DB01340	4	156	0	0	0	12	0	0
DB01342	1	0	0	0	0	6	0	0
DB01346	8	221	0	0	0	3	1	0
DB01347	1	0	0	0	0	0	0	0
DB01348	3	0	0	0	0	12	0	0
DB01349	3	0	0	0	0	7	0	0
DB01351	12	41	0	0	0	11	1	0
DB01352	11	0	0	0	0	11	0	0
DB01353	11	0	0	0	0	10	0	0
DB01354	11	0	0	0	0	7	0	0
DB01355	17	0	0	0	0	2	0	0
DB01356	5	135	0	0	1	0	0	0
DB01357	2	0	2	1	0	16	0	3
DB01359	5	39	0	0	0	9	2	0
DB01361	9	0	1	0	0	6	0	1
DB01362	0	99	3	1	0	1	0	3
DB01364	6	56	1	0	2	16	0	0
DB01365	1	0	3	0	0	19	0	2
DB01366	1	0	56	0	0	2	0	26
DB01367	3	292	0	0	1	0	0	0
DB01369	1	0	0	1	0	0	0	0
DB01370	2	0	0	0	0	0	0	0
DB01375	4	49	0	0	0	0	0	0
DB01377	0	0	0	0	0	0	0	0
DB01380	2	0	2	1	0	26	0	1
DB01382	2	0	0	0	0	4	0	0
DB01384	3	0	0	0	0	32	0	0
DB01390	5	115	0	0	0	1	0	0
DB01392	17	0	1	0	0	3	0	2
DB01393	8	62	1	0	0	11	0	0
DB01394	11	88	44	2	1	2	2	36
DB01395	5	30	0	1	1	16	0	0
DB01396	7	0	250	0	0	4	0	250
DB01397	3	66	0	0	1	12	0	0
DB01398	2	142	0	0	1	7	0	0
DB01399	2	21	0	0	1	27	0	0
DB01400	3	84	3	0	0	4	0	2
DB01401	2	67	0	0	2	2	0	0
DB01403	22	21	4	0	0	32	0	3
DB01406	8	110	89	2	0	21	0	73
DB01407	7	0	6	0	0	5	0	6
DB01408	2	0	2	0	0	3	0	1
DB01409	8	110	0	0	0	2	2	0
DB01410	5	96	0	0	0	20	1	0
DB01411	9	0	0	0	0	2	0	0
DB01412	5	0	4	0	0	5	0	3
DB01413	3	105	4	1	0	13	0	4
DB01414	2	0	0	0	0	21	0	0
DB01415	2	68	0	1	0	12	0	0
DB01416	0	193	0	0	0	27	0	0
DB01418	7	28	5	0	0	5	0	3
DB01419	2	0	0	0	0	5	0	0
DB01420	4	106	38	0	1	31	0	14
DB01421	0	4	6	0	0	8	0	4
DB01422	1	0	0	0	0	1	0	0
DB01423	0	0	0	0	0	1	0	0
DB01424	11	0	0	0	0	2	0	0
DB01425	1	0	4	0	0	3	0	3
DB01426	3	0	0	0	0	0	0	0
DB01427	3	0	0	0	1	2	0	0
DB01428	0	0	1	0	0	21	0	1
DB01429	6	0	0	0	0	12	0	0
DB01430	1	0	0	0	0	3	0	0
DB01431	3	0	0	0	0	10	0	0
DB01433	1	0	0	0	0	25	0	0
DB01435	14	0	0	0	1	5	0	0
DB01436	3	0	5	0	0	7	0	7
DB01437	5	0	0	0	0	9	0	0
DB01438	10	22	5	0	0	0	0	0
DB01440	5	189	0	0	1	0	0	0
DB01452	3	0	0	0	0	6	0	0
DB01463	1	0	0	0	0	3	0	0
DB01466	7	0	0	0	0	8	0	0
DB01482	0	21	0	0	0	6	0	0
DB01489	0	0	0	0	0	25	0	0
DB01501	1	0	0	0	0	15	0	0
DB01511	0	0	0	0	0	34	0	0
DB01544	17	43	0	0	0	22	0	0
DB01545	0	0	0	0	0	20	0	0
DB01550	0	0	0	0	0	18	0	0
DB01551	3	45	0	1	0	12	0	0
DB01553	0	0	0	0	0	12	0	0
DB01558	23	69	0	0	0	8	0	0
DB01559	20	0	0	0	0	13	0	0
DB01567	16	0	0	0	0	32	0	0
DB01576	7	77	0	1	2	27	0	0
DB01577	14	21	0	4	2	28	1	0
DB01578	0	0	17	0	0	2	0	5
DB01579	4	29	0	2	0	4	1	0
DB01580	4	33	8	0	0	14	0	4
DB01581	1	0	1	0	0	18	0	1
DB01582	1	0	0	0	0	17	0	0
DB01583	17	153	3	0	0	3	1	3
DB01586	9	230	5	1	0	3	1	0
DB01587	9	0	0	0	0	14	0	0
DB01588	17	0	0	0	0	32	0	0
DB01589	18	11	0	1	1	18	0	0
DB01590	3	417	250	4	0	4	1	250
DB01591	6	91	0	1	1	2	0	0
DB01592	0	176	0	0	0	0	0	0
DB01593	0	3	0	0	0	0	0	0
DB01594	16	0	0	0	0	20	0	0
DB01595	23	115	2	0	0	21	0	0
DB01597	3	0	0	1	0	0	0	0
DB01598	0	0	4	0	0	0	0	2
DB01599	2	0	0	0	0	0	0	1
DB01600	2	96	6	0	0	15	0	6
DB01601	7	0	1	2	0	5	1	3
DB01602	0	0	4	0	0	21	0	4
DB01603	0	0	0	0	0	19	0	0
DB01604	0	0	0	0	0	22	0	0
DB01605	0	0	2	0	0	2	0	1
DB01606	0	0	0	1	0	0	0	0
DB01607	0	27	3	1	0	19	0	2
DB01608	3	90	0	0	0	30	0	0
DB01609	1	0	0	4	0	5	0	0
DB01610	3	218	0	2	0	4	0	0
DB01611	3	137	1	0	0	4	0	1
DB01612	2	0	0	0	0	0	0	0
DB01613	2	0	0	0	0	1	0	0
DB01614	8	0	6	0	0	34	0	0
DB01615	1	0	0	0	0	33	0	0
DB01616	1	0	3	0	0	20	0	1
DB01618	6	46	14	0	0	0	0	8
DB01619	1	0	0	0	0	15	0	0
DB01620	1	0	1	0	0	38	0	0
DB01621	10	0	0	0	0	30	0	0
DB01622	8	0	17	0	0	36	0	10
DB01623	12	83	47	0	1	25	0	51
DB01624	9	189	0	0	0	23	0	3
DB01625	3	0	0	0	0	20	0	0
DB01626	2	0	0	0	0	18	0	0
DB01627	0	61	2	0	0	1	0	2
DB01628	8	244	7	0	0	3	0	12
DB01656	4	69	0	1	0	0	1	0
DB01764	1	0	0	1	0	0	0	0
DB02187	2	0	4	0	0	7	0	3
DB02300	3	21	29	1	0	7	1	24
DB02546	10	67	250	0	0	2	1	250
DB02638	3	48	0	0	0	10	0	0
DB02703	2	67	0	0	0	0	0	0
DB02959	0	0	0	0	0	7	0	0
DB03147	25	0	0	0	0	4	0	0
DB03166	2	5	0	0	0	4	0	0
DB03255	0	0	0	0	0	19	0	0
DB04552	8	0	1	0	0	5	0	1
DB04570	0	0	5	0	0	9	0	2
DB04571	0	0	10	1	0	0	0	10
DB04572	2	184	31	1	0	0	4	6
DB04573	5	121	51	0	0	9	0	87
DB04574	8	181	2	0	0	11	1	2
DB04575	1	0	0	0	0	16	0	0
DB04711	1	24	2	1	0	1	0	0
DB04786	10	0	42	0	0	0	0	9
DB04794	7	0	0	0	0	14	0	1
DB04835	2	254	1	1	0	0	0	3
DB04837	1	0	0	0	0	48	0	0
DB04838	2	0	0	0	0	11	0	0
DB04839	3	193	5	0	0	3	0	2
DB04840	4	0	0	0	0	0	0	0
DB04841	13	0	3	0	0	13	0	3
DB04842	10	0	28	0	0	10	0	39
DB04843	3	31	7	1	0	23	0	7
DB04844	4	81	9	1	0	1	0	4
DB04845	10	148	0	1	0	0	1	0
DB04855	26	45	0	0	0	3	0	0
DB04861	4	50	0	0	0	0	1	0
DB04865	1	0	250	0	0	0	0	250
DB04868	47	351	43	1	0	2	1	65
DB04876	2	42	0	0	0	1	0	0
DB04877	1	0	0	0	0	7	0	0
DB04878	3	0	0	0	0	0	0	0
DB04880	1	0	0	0	0	0	0	0
DB04890	1	8	0	0	0	13	0	0
DB04894	3	0	0	0	0	10	0	0
DB04896	2	138	3	1	0	3	0	0
DB04898	2	0	0	0	0	0	0	0
DB04911	0	50	0	5	0	2	0	0
DB04920	11	15	0	2	0	9	0	0
DB04930	3	19	0	1	0	2	0	0
DB04938	5	18	0	1	0	9	0	0
DB04942	2	0	5	0	0	1	0	8
DB04946	22	148	8	0	0	4	0	1
DB04948	2	0	0	0	0	2	0	1
DB04953	10	83	0	1	0	1	0	0
DB04967	3	0	0	0	0	4	0	0
DB05013	2	32	0	1	0	0	0	0
DB05039	5	54	0	1	0	1	1	0
DB05109	7	94	0	1	0	0	0	0
DB05245	0	0	0	1	0	17	0	0
DB05246	4	44	0	1	0	12	0	0
DB05260	5	40	0	0	0	0	0	0
DB05265	1	0	0	0	0	0	0	0
DB05266	5	0	2	0	0	0	0	4
DB05271	10	128	0	0	1	0	0	0
DB05294	44	222	0	1	0	4	1	0
DB05389	2	10	0	0	0	0	1	0
DB05521	8	70	0	5	0	1	0	0
DB05630	1	111	0	0	0	0	0	0
DB05812	8	71	0	0	0	1	1	0
DB06144	20	0	11	0	0	3	0	4
DB06147	1	0	10	0	0	17	0	10
DB06148	24	71	2	0	0	18	0	0
DB06150	1	0	4	0	0	17	0	6
DB06151	12	63	4	3	1	4	0	3
DB06155	6	78	1	0	0	0	0	6
DB06196	2	10	0	0	0	2	0	0
DB06201	15	88	0	0	0	0	1	0
DB06203	3	17	0	1	0	1	0	0
DB06204	11	124	0	1	0	4	0	0
DB06207	7	55	0	0	0	1	0	0
DB06209	7	65	0	2	0	1	0	0
DB06210	6	0	0	13	0	0	0	0
DB06212	4	75	0	0	0	3	0	0
DB06213	1	122	0	1	0	12	0	0
DB06216	27	125	1	0	0	2	0	0
DB06218	11	103	0	1	0	16	1	0
DB06228	5	118	4	0	0	1	0	3
DB06237	2	113	0	1	0	0	0	0
DB06255	1	0	0	0	0	0	0	0
DB06262	13	15	0	2	0	12	0	0
DB06267	3	0	0	0	0	2	0	0
DB06268	5	417	0	0	0	0	0	0
DB06274	3	12	0	0	0	5	0	0
DB06287	8	199	250	1	0	4	1	223
DB06288	5	88	0	0	0	4	0	1
DB06290	6	24	0	5	0	0	0	0
DB06292	14	92	0	1	0	1	0	0
DB06335	8	58	0	0	0	1	0	0
DB06402	0	21	0	1	0	2	0	0
DB06414	5	134	0	2	0	1	0	0
DB06439	1	0	0	0	0	0	0	0
DB06589	40	231	68	4	0	1	1	59
DB06590	0	46	0	0	0	8	0	0
DB06594	6	60	0	0	0	7	0	0
DB06605	10	101	0	0	0	0	0	0
DB06614	0	0	0	1	0	0	0	0
DB06616	104	121	21	2	0	2	0	41
DB06623	1	0	3	0	0	1	0	0
DB06637	41	43	0	0	1	0	0	0
DB06663	4	52	0	1	0	5	0	0
DB06684	6	64	0	0	1	2	0	0
DB06689	4	21	0	0	0	9	0	0
DB06691	4	1	0	0	0	14	0	1
DB06694	8	0	2	0	0	2	0	0
DB06695	8	141	0	0	0	0	0	0
DB06696	0	0	0	0	0	7	0	0
DB06697	6	0	0	0	0	0	1	1
DB06698	2	46	4	0	0	0	0	4
DB06699	1	118	0	0	0	5	1	0
DB06700	3	109	0	3	0	2	0	0
DB06701	4	332	0	1	0	8	0	0
DB06702	8	78	0	0	0	2	0	0
DB06703	0	44	0	1	0	1	0	0
DB06704	1	10	4	0	0	0	0	3
DB06705	1	215	0	1	0	2	0	0
DB06706	2	0	2	0	0	0	0	7
DB06707	5	0	0	0	0	13	0	0
DB06708	2	0	0	0	0	1	0	0
DB06709	2	29	0	0	0	3	0	0
DB06710	8	30	26	2	1	32	0	12
DB06711	5	31	3	0	0	8	0	4
DB06712	13	0	0	0	0	10	0	0
DB06713	2	0	0	1	0	15	0	0
DB06714	2	0	0	0	0	0	0	0
DB06715	0	123	0	0	0	0	0	0
DB06716	15	26	0	0	0	1	0	0
DB06717	1	157	0	1	0	1	0	0
DB06718	1	0	4	0	0	10	0	7
DB06723	0	10	0	0	0	0	0	0
DB06725	3	0	0	0	0	3	0	0
DB06729	5	0	0	0	0	19	0	0
DB06730	3	0	0	0	0	9	0	0
DB06738	10	0	0	0	0	1	0	0
DB06751	2	0	0	0	0	0	0	0
DB06766	1	9	0	0	0	4	0	0
DB06768	0	20	0	1	0	2	0	0
DB06770	8	22	0	0	0	23	0	0
DB06771	0	6	0	1	0	11	0	0
DB06772	17	137	0	1	0	2	1	0
DB06775	1	35	0	1	0	9	0	0
DB06777	4	230	5	0	0	3	1	0
DB06781	1	42	0	0	0	25	0	0
DB06782	0	26	0	1	0	0	0	0
DB06795	5	30	2	1	0	3	0	0
DB06800	3	19	0	2	0	8	0	0
DB06802	2	69	0	2	0	17	0	0
DB06803	3	0	250	0	0	5	0	250
DB06804	1	0	47	0	0	1	0	37
DB06809	1	60	2	1	0	0	0	0
DB06810	0	0	0	0	0	0	0	0
DB06811	0	0	0	2	0	5	0	0
DB06813	4	39	0	0	0	6	0	0
DB06817	2	270	2	0	0	0	0	3
DB06827	0	0	0	0	0	1	0	2
DB07402	1	0	0	0	0	0	0	0
DB08604	1	1	54	0	0	4	0	68
DB08792	0	0	2	0	0	0	0	0
DB08795	3	0	0	0	0	23	0	0
DB08796	0	0	0	0	0	18	0	0
DB08797	0	0	0	0	0	13	0	0
DB08798	1	0	0	0	0	17	0	0
DB08799	1	0	0	0	0	24	0	0
DB08800	2	0	5	0	0	16	0	4
DB08801	3	0	0	0	0	28	0	0
DB08802	1	0	0	0	0	23	0	0
DB08803	0	0	0	0	0	3	0	0
DB08804	4	46	0	0	0	12	0	0
DB08806	1	0	6	0	0	2	0	4
DB08807	5	0	0	0	0	8	0	0
DB08808	3	0	0	0	0	12	0	0
DB08810	3	0	0	0	0	0	0	0
DB08811	5	0	0	0	0	3	0	0
DB08815	7	153	0	0	0	1	0	0
DB08816	3	123	0	6	0	0	1	0
DB08819	2	40	0	3	0	6	0	0
DB08820	5	51	0	5	0	0	0	0
DB08822	1	21	0	2	0	5	0	0
DB08823	0	0	0	0	0	0	0	0
DB08824	1	17	0	0	0	1	0	0
DB08826	1	119	2	1	0	0	0	2
DB08827	3	126	0	3	0	3	0	0
DB08828	10	54	0	1	0	5	1	0
DB08834	2	0	0	0	0	2	0	0
DB08835	1	0	1	0	0	3	0	2
DB08842	1	0	0	0	0	3	0	0
DB08847	1	0	0	0	0	1	0	0
DB08860	14	49	248	0	0	3	1	197
DB08864	9	74	0	2	0	2	0	0
DB08865	85	99	250	6	0	0	1	250
DB08866	1	104	49	0	1	6	1	40
DB08868	10	90	0	1	0	0	1	0
DB08871	9	0	0	1	0	0	1	0
DB08873	8	298	0	3	0	1	0	0
DB08874	1	38	0	1	0	0	0	0
DB08877	43	44	77	1	0	0	1	64
DB08881	9	90	225	3	0	1	2	218
DB08882	3	39	0	1	0	1	1	0
DB08884	5	152	0	0	0	3	0	0
DB08887	1	112	0	0	0	3	0	0
DB08889	7	65	0	1	0	3	0	0
DB08890	1	0	0	1	0	5	0	0
DB08893	8	75	0	2	0	3	0	0
DB08896	28	87	0	2	0	1	0	0
DB08897	6	29	0	1	0	4	0	0
DB08899	10	63	0	4	0	2	0	3
DB08901	22	197	164	0	0	2	0	106
DB08903	1	35	0	1	0	8	0	0
DB08905	0	0	0	0	0	15	0	0
DB08906	3	65	0	0	0	21	1	0
DB08907	9	93	0	1	0	1	0	0
DB08909	1	21	0	0	0	1	0	0
DB08910	6	110	0	0	0	2	0	0
DB08911	4	142	181	0	0	0	0	115
DB08912	14	154	250	10	0	0	0	250
DB08913	0	21	0	0	0	0	0	0
DB08916	13	83	240	1	0	2	0	178
DB08918	8	138	3	2	0	3	0	0
DB08924	0	0	0	0	0	12	0	0
DB08928	0	0	0	0	0	0	0	0
DB08930	2	51	0	2	0	0	0	0
DB08932	5	18	0	0	0	0	0	0
DB08933	2	4	0	1	0	0	0	0
DB08934	1	65	0	2	0	0	0	0
DB08936	1	0	0	0	0	29	0	2
DB08941	0	15	3	0	0	13	0	2
DB08943	0	0	0	0	0	6	0	0
DB08944	1	33	0	0	0	3	0	0
DB08946	0	0	5	0	0	0	0	10
DB08947	0	209	8	1	0	0	0	6
DB08954	6	0	1	0	0	13	0	2
DB08957	0	0	0	0	0	5	0	0
DB08958	0	0	11	0	0	0	0	7
DB08965	0	0	0	0	0	0	0	0
DB08966	0	0	5	0	0	0	0	0
DB08967	0	0	0	0	0	18	0	0
DB08968	0	0	0	0	0	0	0	0
DB08970	0	0	0	0	0	34	0	0
DB08971	0	0	0	0	0	28	0	0
DB08974	0	0	17	0	0	1	0	16
DB08976	2	0	0	0	0	5	0	0
DB08979	0	0	0	0	0	4	0	0
DB08981	2	0	2	0	0	19	0	2
DB08982	0	0	0	0	0	0	0	0
DB08983	0	0	0	0	0	4	0	0
DB08984	0	0	5	0	0	7	0	1
DB08987	3	0	0	0	0	1	0	0
DB08990	0	21	0	0	0	24	0	0
DB08991	0	0	0	0	0	0	0	2
DB08992	0	0	0	0	0	4	0	0
DB08993	0	0	0	0	0	0	0	0
DB08994	0	0	0	0	0	6	0	0
DB08995	0	0	3	0	0	0	0	4
DB08996	1	0	0	0	0	37	0	0
DB08998	0	0	0	0	0	14	0	0
DB09000	3	0	0	0	0	30	0	0
DB09002	0	0	1	0	0	32	0	1
DB09003	0	0	0	0	0	10	0	0
DB09006	0	0	0	0	0	0	0	0
DB09008	1	0	0	0	0	2	0	0
DB09009	3	81	1	2	0	1	0	2
DB09014	3	0	0	0	0	12	0	0
DB09015	0	48	2	0	0	17	0	1
DB09017	1	0	0	0	0	9	0	0
DB09018	1	0	0	0	0	4	0	0
DB09019	0	16	2	0	0	0	0	1
DB09020	1	28	250	2	0	4	0	227
DB09028	6	0	0	0	0	0	0	0
