feature	pdwpc_auroc	rdwpc_auroc	nonzero	dwpc_auroc	pdwpc_primary_auroc	delta_auroc	pval_delta_auroc
CbG<rG<rGaD	0.61395	0.57445	0.84662	0.63605	0.56577	0.070275	2.0386e-05
CbG<rG<rGdD	0.57085	0.5367	0.38146	0.58014	0.54954	0.0306	0.00010263
CbG<rG<rGuD	0.58991	0.50829	0.38384	0.58155	0.55863	0.02292	0.0044294
CbG<rGaD	0.60045	0.55514	0.47205	0.60329	0.56593	0.037355	0.00062999
CbG<rGaDrD	0.51533	0.55342	0.63073	0.54814	0.51175	0.036387	0.010564
CbG<rGbCpD	0.57062	0.51597	0.13351	0.56346	0.53233	0.031127	0.00087125
CbG<rGbCtD	0.64596	0.52756	0.38199	0.60579	0.57259	0.0332	0.003098
CbG<rGcGaD	0.60085	0.55229	0.56742	0.6131	0.56584	0.047255	0.00017342
CbG<rGcGdD	0.55995	0.53902	0.28185	0.56199	0.53428	0.027712	0.00052455
CbG<rGcGuD	0.57826	0.5226	0.27364	0.56228	0.54273	0.01955	0.0045808
CbG<rGdAlD	0.54574	0.54781	0.72079	0.5777	0.52512	0.052576	0.0006905
CbG<rGdCpD	0.58068	0.51472	0.18119	0.56342	0.53846	0.024959	0.0084294
CbG<rGdCtD	0.65651	0.52201	0.60556	0.61676	0.58328	0.033477	0.0013278
CbG<rGdD	0.55248	0.53358	0.21033	0.55498	0.52538	0.0296	0.0011684
CbG<rGdDrD	0.5114	0.54104	0.44397	0.53347	0.50207	0.031402	0.046445
CbG<rGeAlD	0.55306	0.55606	0.8755	0.59161	0.53101	0.0606	7.3068e-05
CbG<rGiGaD	0.60615	0.56994	0.8106	0.62947	0.56435	0.065123	1.9618e-05
CbG<rGiGdD	0.57051	0.52749	0.37377	0.56644	0.54814	0.018298	2.2692e-05
CbG<rGiGuD	0.58482	0.52545	0.36795	0.5836	0.55468	0.028912	4.9777e-06
CbG<rGr>GaD	0.61444	0.57364	0.85113	0.63992	0.56913	0.070783	1.9126e-05
CbG<rGr>GdD	0.57163	0.51927	0.38252	0.57304	0.55388	0.019153	6.9627e-05
CbG<rGr>GuD	0.59034	0.52554	0.39815	0.59079	0.56374	0.027046	1.6006e-05
CbG<rGuAlD	0.54485	0.54695	0.71894	0.57879	0.52665	0.052143	0.00048034
CbG<rGuCpD	0.56982	0.49921	0.1645	0.5545	0.52951	0.024993	0.0070275
CbG<rGuCtD	0.66524	0.54383	0.58834	0.6419	0.58933	0.052564	8.7963e-05
CbG<rGuD	0.56112	0.53009	0.21404	0.55144	0.52772	0.023716	0.0002588
CbG<rGuDrD	0.5035	0.5582	0.45536	0.5356	0.50404	0.031557	0.064112
CbGaD	0.62807	0.66936	0.32238	0.71284	0.56754	0.1453	6.114e-07
CbGaDaGaD	0.6462	0.61769	0.97722	0.69353	0.61876	0.074769	1.5334e-05
CbGaDaGdD	0.571	0.52803	0.44132	0.57303	0.56063	0.012401	0.00024635
CbGaDaGuD	0.58385	0.51555	0.44106	0.58338	0.57026	0.013123	6.6263e-05
CbGaDdGaD	0.65463	0.54201	0.90755	0.65824	0.61488	0.043364	0.00014065
CbGaDdGdD	0.57253	0.50525	0.4151	0.57593	0.56262	0.013308	0.00027613
CbGaDdGuD	0.58934	0.48114	0.41086	0.56923	0.56877	0.00045804	0.90625
CbGaDlAlD	0.57195	0.60246	0.95709	0.63947	0.5582	0.081278	2.1469e-05
CbGaDpCpD	0.60255	0.52113	0.26993	0.57613	0.57298	0.0031491	0.31408
CbGaDpCtD	0.67363	0.52581	0.35232	0.62496	0.6062	0.01876	0.12896
CbGaDpSpD	0.56088	0.60899	0.95974	0.62883	0.54964	0.079194	4.3195e-05
CbGaDrD	0.52821	0.63142	0.57536	0.63885	0.51132	0.12753	0.00037442
CbGaDrDrD	0.50975	0.62262	0.8045	0.60011	0.51182	0.088284	0.00010196
CbGaDtCpD	0.57979	0.52021	0.18993	0.5617	0.54552	0.016178	0.029532
CbGaDtCtD	0.6981	0.59012	0.73695	0.69615	0.62964	0.066515	1.792e-05
CbGaDuGaD	0.64645	0.53729	0.91338	0.65033	0.61726	0.033073	0.0013359
CbGaDuGdD	0.57124	0.49103	0.40132	0.56389	0.56194	0.0019568	0.15796
CbGaDuGuD	0.58813	0.49708	0.41536	0.57801	0.57529	0.0027217	0.35687
CbGbCbGaD	0.66376	0.62248	0.90675	0.68847	0.63906	0.049412	0.00011707
CbGbCbGdD	0.56945	0.44812	0.3706	0.5466	0.56169	-0.015087	0.027491
CbGbCbGuD	0.57271	0.48421	0.38119	0.58122	0.56256	0.018669	0.0019158
CbGbCdGaD	0.66344	0.57463	0.86993	0.65893	0.63597	0.022962	0.0028629
CbGbCdGdD	0.56932	0.48839	0.38093	0.56023	0.56097	-0.00074125	0.80219
CbGbCdGuD	0.59098	0.53904	0.42834	0.6	0.57393	0.026071	0.00014506
CbGbCpD	0.60034	0.5159	0.31709	0.59414	0.58236	0.011777	0.015618
CbGbCpDrD	0.53726	0.50325	0.61775	0.54008	0.52101	0.019067	0.38231
CbGbCrCpD	0.59816	0.5147	0.35285	0.60391	0.58158	0.022331	0.027689
CbGbCrCtD	0.73592	0.79331	0.73934	0.83513	0.65895	0.17619	1.4138e-06
CbGbCtD	0.72281	0.83556	0.72132	0.86621	0.64934	0.21687	3.1904e-07
CbGbCtDrD	0.5132	0.71657	0.78967	0.69688	0.50837	0.18852	4.8151e-05
CbGbCuGaD	0.66381	0.59404	0.90649	0.66897	0.63998	0.028989	0.0029186
CbGbCuGdD	0.57282	0.51688	0.41483	0.57515	0.56242	0.012726	0.00054294
CbGbCuGuD	0.5902	0.53895	0.40609	0.58759	0.5736	0.013989	0.0019476
CbGcG<rGaD	0.63656	0.50443	0.72159	0.59514	0.59578	-0.0006464	0.84728
CbGcG<rGdD	0.56623	0.45866	0.32053	0.53265	0.54466	-0.012007	0.046721
CbGcG<rGuD	0.57998	0.45261	0.32636	0.54128	0.55666	-0.015375	0.035372
CbGcGaD	0.60932	0.4819	0.23868	0.55512	0.55263	0.0024881	0.57674
CbGcGaDrD	0.52346	0.48098	0.48795	0.49679	0.50885	-0.012056	0.078825
CbGcGbCpD	0.53855	0.47606	0.026225	0.50765	0.51196	-0.0043138	0.42238
CbGcGbCtD	0.62707	0.45454	0.15841	0.54576	0.55316	-0.0073984	0.31974
CbGcGcGaD	0.6468	0.47937	0.67762	0.5859	0.60611	-0.020205	0.0022125
CbGcGcGdD	0.5762	0.45453	0.33536	0.54903	0.55766	-0.0086294	0.0061095
CbGcGcGuD	0.58971	0.42186	0.33616	0.53561	0.56817	-0.03256	0.0020046
CbGcGdAlD	0.5617	0.52419	0.7653	0.5612	0.54315	0.018044	0.055077
CbGcGdCpD	0.52717	0.49702	0.048212	0.51615	0.51072	0.0054323	0.015438
CbGcGdCtD	0.68004	0.41481	0.27629	0.54602	0.59613	-0.050104	0.0013678
CbGcGdD	0.54152	0.46763	0.1102	0.50155	0.51741	-0.015856	0.0041925
CbGcGdDrD	0.53426	0.46497	0.33801	0.48373	0.50363	-0.019897	0.070453
CbGcGeAlD	0.57321	0.51576	0.92821	0.5654	0.55411	0.011283	0.050993
CbGcGiGaD	0.63418	0.51576	0.77987	0.61239	0.58947	0.022915	0.0041103
CbGcGiGdD	0.56583	0.47211	0.32901	0.53868	0.54911	-0.01043	0.062805
CbGcGiGuD	0.57812	0.4567	0.31497	0.53382	0.55252	-0.018696	0.0081916
CbGcGr>GaD	0.63991	0.49532	0.70278	0.60072	0.59304	0.0076778	0.24065
CbGcGr>GdD	0.56742	0.45705	0.32874	0.54199	0.54961	-0.0076275	0.09702
CbGcGr>GuD	0.57624	0.47501	0.32927	0.54395	0.55435	-0.010403	0.14311
CbGcGuAlD	0.55869	0.52165	0.77404	0.56361	0.54304	0.020574	0.043486
CbGcGuCpD	0.51886	0.51116	0.068344	0.51768	0.51049	0.0071971	0.05239
CbGcGuCtD	0.68045	0.45933	0.40795	0.57439	0.59568	-0.02129	0.018297
CbGcGuD	0.53962	0.49481	0.12874	0.51478	0.51612	-0.0013379	0.68399
CbGcGuDrD	0.52646	0.4695	0.34861	0.48808	0.50644	-0.018352	0.19952
CbGdAdGaD	0.64894	0.57048	0.97377	0.65606	0.62263	0.033426	0.00016993
CbGdAdGdD	0.57158	0.52426	0.47285	0.57789	0.5666	0.011292	0.0041264
CbGdAdGuD	0.58992	0.5178	0.48079	0.59559	0.58316	0.01243	0.0048973
CbGdAeGaD	0.64832	0.53965	0.97377	0.64627	0.62244	0.023834	0.00051986
CbGdAeGdD	0.57187	0.51608	0.47285	0.57713	0.56668	0.010444	0.0052831
CbGdAeGuD	0.59017	0.49605	0.48079	0.59285	0.58352	0.0093234	0.0099224
CbGdAlD	0.55247	0.52155	0.72503	0.55933	0.53775	0.021576	0.019575
CbGdAlDrD	0.50525	0.50438	0.88901	0.49612	0.51225	-0.016133	0.059126
CbGdAuGaD	0.64911	0.54538	0.97377	0.64485	0.6227	0.022143	0.00076961
CbGdAuGdD	0.57137	0.51505	0.47285	0.57757	0.56598	0.011589	0.0029903
CbGdAuGuD	0.59021	0.50804	0.48026	0.59344	0.58361	0.0098379	0.0083727
CbGdCbGaD	0.59214	0.54392	0.35603	0.58848	0.54964	0.038838	0.0010116
CbGdCbGdD	0.54637	0.52788	0.14066	0.53842	0.51816	0.020254	0.0029215
CbGdCbGuD	0.54214	0.52985	0.13722	0.53927	0.5164	0.02287	0.0038236
CbGdCdGaD	0.59648	0.55791	0.44954	0.61018	0.54612	0.064053	4.1497e-05
CbGdCdGdD	0.5696	0.50387	0.21139	0.55069	0.53666	0.014023	0.0053995
CbGdCdGuD	0.5751	0.50759	0.22437	0.55627	0.53931	0.016952	0.0082784
CbGdCpD	0.50821	0.50484	0.017748	0.50961	0.50382	0.0057867	0.013837
CbGdCpDrD	0.52125	0.50471	0.055894	0.51543	0.50467	0.010762	0.076522
CbGdCrCpD	0.54771	0.50896	0.052715	0.53446	0.51369	0.020771	0.018382
CbGdCrCtD	0.60834	0.56852	0.17483	0.62835	0.53577	0.09258	7.7525e-05
CbGdCtD	0.61142	0.50564	0.12265	0.57935	0.54028	0.039069	8.8384e-05
CbGdCtDrD	0.52359	0.57175	0.21987	0.57132	0.50557	0.065756	0.0001726
CbGdCuGaD	0.5969	0.55398	0.47046	0.60055	0.54254	0.058009	1.6898e-05
CbGdCuGdD	0.56972	0.51262	0.21695	0.54785	0.53629	0.011561	0.04143
CbGdCuGuD	0.57798	0.50357	0.21113	0.54601	0.53747	0.0085412	0.059677
CbGdD	0.52201	0.48612	0.058543	0.5038	0.5068	-0.0030012	0.029719
CbGdDaGaD	0.61721	0.54082	0.8302	0.6111	0.57705	0.034052	0.0030247
CbGdDaGdD	0.5653	0.50638	0.3245	0.55018	0.54008	0.010108	0.032465
CbGdDaGuD	0.57056	0.51318	0.32927	0.55507	0.54601	0.0090531	0.14217
CbGdDdGaD	0.62312	0.56892	0.77483	0.63276	0.59017	0.042596	0.00030975
CbGdDdGdD	0.56887	0.52526	0.35762	0.55974	0.55337	0.0063653	0.10124
CbGdDdGuD	0.57177	0.52122	0.34543	0.56015	0.55198	0.0081667	0.11282
CbGdDlAlD	0.56208	0.54918	0.76795	0.5839	0.53728	0.046627	0.00052194
CbGdDpCpD	0.5658	0.50675	0.14199	0.54167	0.53209	0.0095854	0.12202
CbGdDpCtD	0.615	0.48506	0.18914	0.5767	0.55807	0.018628	0.09786
CbGdDpSpD	0.54895	0.5473	0.77987	0.56777	0.53257	0.035207	0.0026956
CbGdDrD	0.48489	0.53562	0.21589	0.52148	0.49535	0.026132	0.0025318
CbGdDrDrD	0.50321	0.52524	0.50887	0.5191	0.50079	0.018305	0.0011426
CbGdDtCpD	0.53197	0.50904	0.064371	0.531	0.51218	0.018815	0.0083055
CbGdDtCtD	0.67136	0.4593	0.4143	0.57595	0.60082	-0.024874	0.020789
CbGdDuGaD	0.62412	0.55961	0.79417	0.62569	0.58824	0.037453	7.9397e-05
CbGdDuGdD	0.5689	0.52872	0.35285	0.55882	0.54954	0.0092763	0.049392
CbGdDuGuD	0.58322	0.51664	0.36318	0.5719	0.55938	0.012519	0.023425
CbGeAdGaD	0.65196	0.53669	0.98411	0.65626	0.62801	0.028246	8.6275e-05
CbGeAdGdD	0.57209	0.51251	0.47709	0.58162	0.56719	0.014424	0.00047996
CbGeAdGuD	0.59007	0.49726	0.48556	0.59818	0.58385	0.014333	0.0005302
CbGeAeGaD	0.65009	0.5854	0.98411	0.67459	0.62572	0.048874	2.2209e-05
CbGeAeGdD	0.57189	0.5276	0.47762	0.57988	0.56733	0.012549	0.00043906
CbGeAeGuD	0.58998	0.51196	0.48583	0.5969	0.58409	0.012813	0.00057127
CbGeAlD	0.57244	0.60277	0.94172	0.63621	0.5519	0.084312	6.4968e-06
CbGeAlDrD	0.50136	0.59897	0.94728	0.57245	0.51104	0.06141	0.00020273
CbGeAuGaD	0.65157	0.55106	0.98411	0.66577	0.62771	0.038063	4.1106e-05
CbGeAuGdD	0.57171	0.52462	0.47735	0.58255	0.56681	0.015734	0.00011462
CbGeAuGuD	0.59019	0.49499	0.48583	0.59836	0.58409	0.014272	0.00032127
CbGiG<rGaD	0.63932	0.54417	0.93457	0.63701	0.60119	0.035816	0.0020326
CbGiG<rGdD	0.5703	0.53596	0.41801	0.57325	0.55825	0.015004	0.0027622
CbGiG<rGuD	0.58692	0.50683	0.41563	0.57162	0.56814	0.0034823	0.33688
CbGiGaD	0.62011	0.62915	0.63311	0.66986	0.58003	0.089828	3.884e-05
CbGiGaDrD	0.52333	0.56362	0.82596	0.56501	0.51533	0.04968	0.017767
CbGiGbCpD	0.56838	0.54504	0.20265	0.57762	0.53225	0.045376	0.0011789
CbGiGbCtD	0.6614	0.6632	0.53192	0.69808	0.58945	0.10863	4.2791e-05
CbGiGcGaD	0.62473	0.51295	0.72344	0.60782	0.59354	0.014281	0.013861
CbGiGcGdD	0.56385	0.51508	0.36397	0.56227	0.54639	0.015878	0.014768
CbGiGcGuD	0.57222	0.5161	0.37722	0.56599	0.55093	0.015053	0.021596
CbGiGdAlD	0.55332	0.51894	0.82834	0.55988	0.53665	0.023237	0.018718
CbGiGdCpD	0.58162	0.46179	0.15709	0.53292	0.5371	-0.0041763	0.33631
CbGiGdCtD	0.68774	0.52374	0.64026	0.63234	0.61562	0.016727	0.15194
CbGiGdD	0.55478	0.52391	0.26119	0.54387	0.53471	0.0091671	0.07671
CbGiGdDrD	0.52104	0.51155	0.54464	0.5114	0.50413	0.0072721	0.66788
CbGiGeAlD	0.56599	0.54849	0.97007	0.59218	0.54634	0.045847	0.00021641
CbGiGiGaD	0.6425	0.61524	0.97166	0.68141	0.61115	0.070256	8.7754e-06
CbGiGiGdD	0.57219	0.52797	0.46119	0.57193	0.56635	0.0055785	0.01976
CbGiGiGuD	0.59076	0.52991	0.46225	0.5953	0.58164	0.013661	0.0025908
CbGiGr>GaD	0.64356	0.53508	0.91762	0.63215	0.60351	0.02864	0.0020987
CbGiGr>GdD	0.57101	0.51424	0.41404	0.56689	0.56165	0.0052411	0.11843
CbGiGr>GuD	0.5856	0.51616	0.41192	0.56988	0.57093	-0.0010481	0.69263
CbGiGuAlD	0.55523	0.55135	0.8257	0.58991	0.53565	0.054263	0.001103
CbGiGuCpD	0.55548	0.50303	0.16556	0.54571	0.53133	0.01438	0.046702
CbGiGuCtD	0.69463	0.48137	0.6249	0.58656	0.61635	-0.029784	0.0050863
CbGiGuD	0.56707	0.52365	0.25801	0.55624	0.53469	0.02155	0.0015721
CbGiGuDrD	0.51883	0.529	0.54887	0.52491	0.50218	0.022726	0.24104
CbGpBPpGaD	0.65048	0.59694	0.9857	0.67325	0.62408	0.049163	0.00014944
CbGpBPpGdD	0.57216	0.48053	0.46543	0.57278	0.56734	0.0054481	0.00054379
CbGpBPpGuD	0.58972	0.48855	0.45854	0.58511	0.58055	0.0045596	0.070188
CbGpCCpGaD	0.65105	0.54057	0.9555	0.63718	0.619	0.018189	0.017572
CbGpCCpGdD	0.57281	0.48238	0.45642	0.56794	0.56613	0.0018105	0.31141
CbGpCCpGuD	0.58993	0.46748	0.43417	0.57188	0.57773	-0.0058497	0.0076397
CbGpMFpGaD	0.65476	0.61484	0.97166	0.6821	0.63188	0.050222	0.00011177
CbGpMFpGdD	0.57158	0.48748	0.45219	0.57189	0.56638	0.0055123	0.0095173
CbGpMFpGuD	0.58907	0.50261	0.45457	0.59385	0.57886	0.014989	5.3793e-05
CbGpPWpGaD	0.65055	0.65406	0.97642	0.70155	0.62547	0.076082	1.3725e-08
CbGpPWpGdD	0.57152	0.50809	0.44	0.57252	0.56478	0.007744	0.033425
CbGpPWpGuD	0.59107	0.49688	0.44212	0.58457	0.57905	0.0055208	0.049636
CbGr>G<rGaD	0.62536	0.58105	0.89642	0.64255	0.58543	0.057124	0.00016246
CbGr>G<rGdD	0.56994	0.55551	0.40159	0.58063	0.55792	0.022707	0.001755
CbGr>G<rGuD	0.58981	0.52345	0.41245	0.586	0.56811	0.017894	0.014755
CbGr>GaD	0.62257	0.55059	0.60053	0.63016	0.58324	0.04692	0.0015632
CbGr>GaDrD	0.51098	0.56972	0.76132	0.55919	0.51305	0.046132	0.026392
CbGr>GbCpD	0.5663	0.471	0.1155	0.53698	0.54101	-0.0040312	0.41016
CbGr>GbCtD	0.6709	0.51589	0.47921	0.61575	0.59983	0.015924	0.014377
CbGr>GcGaD	0.62734	0.53895	0.72715	0.62397	0.58555	0.03842	0.00065286
CbGr>GcGdD	0.568	0.53542	0.34146	0.56529	0.54787	0.017421	0.0025579
CbGr>GcGuD	0.58349	0.53914	0.34887	0.57172	0.55479	0.016923	0.010058
CbGr>GdAlD	0.54373	0.54291	0.76026	0.57587	0.5274	0.048465	0.001932
CbGr>GdCpD	0.59011	0.53482	0.31126	0.57784	0.56055	0.017287	0.074224
CbGr>GdCtD	0.68118	0.52917	0.82808	0.65074	0.60797	0.042766	0.002906
CbGr>GdD	0.55874	0.53247	0.28291	0.54985	0.53355	0.016298	0.011244
CbGr>GdDrD	0.51164	0.54861	0.57907	0.52735	0.49784	0.029507	0.14575
CbGr>GeAlD	0.55367	0.55699	0.88795	0.59359	0.53419	0.059396	0.00041661
CbGr>GiGaD	0.62535	0.57003	0.88053	0.63394	0.58368	0.050258	0.00039133
CbGr>GiGdD	0.57049	0.53977	0.39762	0.57253	0.55627	0.016259	0.006879
CbGr>GiGuD	0.58551	0.53735	0.39179	0.57415	0.56486	0.0092934	0.0069849
CbGr>Gr>GaD	0.62588	0.56143	0.8747	0.63523	0.58596	0.049271	0.00028038
CbGr>Gr>GdD	0.57051	0.52744	0.39629	0.56996	0.55819	0.011769	0.015243
CbGr>Gr>GuD	0.58754	0.52549	0.40212	0.5768	0.56719	0.0096112	0.044178
CbGr>GuAlD	0.54561	0.54821	0.75868	0.5812	0.52862	0.05258	0.0017374
CbGr>GuCpD	0.58584	0.54354	0.30649	0.58863	0.54833	0.040301	0.00093815
CbGr>GuCtD	0.67782	0.52387	0.7894	0.6393	0.60754	0.031759	0.0065444
CbGr>GuD	0.56649	0.54875	0.29934	0.55793	0.53595	0.021987	3.6245e-05
CbGr>GuDrD	0.50544	0.56054	0.57775	0.52694	0.49853	0.028412	0.16243
CbGuAdGaD	0.64856	0.54244	0.97377	0.64695	0.62329	0.023658	0.00085691
CbGuAdGdD	0.57215	0.523	0.47205	0.57885	0.56697	0.011878	0.00033996
CbGuAdGuD	0.59019	0.51553	0.48026	0.59442	0.58353	0.010887	0.0015609
CbGuAeGaD	0.64713	0.55433	0.97377	0.65979	0.62246	0.037326	0.00037226
CbGuAeGdD	0.57207	0.52027	0.47285	0.57885	0.56682	0.012032	0.00012322
CbGuAeGuD	0.59026	0.49634	0.48053	0.59505	0.58367	0.011383	0.00045561
CbGuAlD	0.55497	0.59159	0.7155	0.61861	0.54248	0.076129	0.0002627
CbGuAlDrD	0.50591	0.60036	0.87841	0.57108	0.512	0.059081	6.5799e-05
CbGuAuGaD	0.64776	0.58345	0.97377	0.66714	0.6233	0.043833	0.00015553
CbGuAuGdD	0.57196	0.52988	0.47179	0.58005	0.56632	0.013724	0.00014495
CbGuAuGuD	0.59034	0.5158	0.47894	0.59649	0.5837	0.012785	0.00042672
CbGuCbGaD	0.61545	0.54472	0.47576	0.61102	0.55786	0.053156	1.5963e-07
CbGuCbGdD	0.5572	0.5347	0.17245	0.55068	0.52603	0.024654	0.00030082
CbGuCbGuD	0.56158	0.48832	0.16848	0.53409	0.52631	0.0077772	0.012646
CbGuCdGaD	0.61255	0.5518	0.57669	0.62114	0.55659	0.064551	6.691e-05
CbGuCdGdD	0.56875	0.53862	0.27073	0.57473	0.54058	0.034151	0.00021402
CbGuCdGuD	0.58045	0.52935	0.2755	0.57783	0.54672	0.031112	0.0002733
CbGuCpD	0.52302	0.49474	0.020662	0.51346	0.50533	0.0081261	0.0020577
CbGuCpDrD	0.54682	0.47543	0.068609	0.51566	0.51467	0.00099471	0.84236
CbGuCrCpD	0.56848	0.48545	0.069404	0.53387	0.52558	0.0082947	0.18206
CbGuCrCtD	0.64547	0.52857	0.22861	0.59556	0.56349	0.032069	4.903e-06
CbGuCtD	0.63963	0.50558	0.17695	0.58698	0.56219	0.024796	0.00061875
CbGuCtDrD	0.53231	0.55746	0.3057	0.55401	0.51345	0.040563	0.0031046
CbGuCuGaD	0.6104	0.58881	0.61748	0.64349	0.5569	0.086593	1.8419e-05
CbGuCuGdD	0.57333	0.54166	0.27682	0.58345	0.54323	0.040221	2.7681e-05
CbGuCuGuD	0.58206	0.51713	0.27682	0.57192	0.54782	0.024099	0.0013474
CbGuD	0.51788	0.50973	0.049536	0.51525	0.50614	0.009111	0.00020534
CbGuDaGaD	0.61344	0.57351	0.75947	0.63602	0.57205	0.063969	0.00056621
CbGuDaGdD	0.56523	0.52515	0.28424	0.55317	0.53954	0.013627	0.011369
CbGuDaGuD	0.56711	0.52053	0.29854	0.56435	0.54582	0.018535	0.0021459
CbGuDdGaD	0.61826	0.5466	0.70623	0.6211	0.58196	0.039136	0.0056571
CbGuDdGdD	0.5686	0.5084	0.33563	0.5641	0.54902	0.015076	0.0016715
CbGuDdGuD	0.57188	0.50878	0.32106	0.55634	0.55043	0.0059142	0.0078494
CbGuDlAlD	0.55626	0.54593	0.69113	0.5868	0.5356	0.0512	0.0014598
CbGuDpCpD	0.55434	0.49215	0.08106	0.53206	0.52442	0.0076322	0.1135
CbGuDpCtD	0.6177	0.4356	0.096954	0.52552	0.55576	-0.030249	0.017995
CbGuDpSpD	0.54201	0.57399	0.71391	0.58798	0.52987	0.058115	0.00041006
CbGuDrD	0.50253	0.5285	0.17483	0.52276	0.50183	0.020925	0.019046
CbGuDrDrD	0.49994	0.55679	0.41113	0.54892	0.50183	0.047095	6.841e-05
CbGuDtCpD	0.52408	0.52443	0.042384	0.5312	0.51218	0.019015	0.0011764
CbGuDtCtD	0.65696	0.52871	0.33007	0.62299	0.58509	0.0379	0.0033915
CbGuDuGaD	0.62023	0.57902	0.74066	0.64116	0.58211	0.059057	0.0011452
CbGuDuGdD	0.56751	0.52321	0.33139	0.56152	0.54485	0.016677	0.0040753
CbGuDuGuD	0.5836	0.50968	0.33881	0.5742	0.55642	0.017785	0.00016562
CcSEcCbGaD	0.67347	0.56697	0.95285	0.65984	0.64748	0.012355	0.021406
CcSEcCbGdD	0.57316	0.46783	0.43444	0.56045	0.56543	-0.0049865	0.32262
CcSEcCbGuD	0.5719	0.46684	0.4098	0.57087	0.56475	0.0061186	0.15311
CcSEcCdGaD	0.67449	0.52797	0.92742	0.6517	0.65098	0.00072708	0.888
CcSEcCdGdD	0.57005	0.43394	0.40848	0.55371	0.56301	-0.0093004	0.018513
CcSEcCdGuD	0.59103	0.54868	0.43788	0.59311	0.57574	0.017364	0.0060573
CcSEcCpD	0.60111	0.50689	0.4694	0.60755	0.59184	0.015703	0.01812
CcSEcCpDrD	0.54935	0.48453	0.73987	0.52568	0.53047	-0.0047932	0.8227
CcSEcCrCpD	0.60204	0.51966	0.45775	0.60393	0.58658	0.017345	0.036172
CcSEcCrCtD	0.74194	0.75036	0.87179	0.77998	0.67186	0.10812	1.2025e-05
CcSEcCtD	0.74083	0.81756	0.9494	0.81875	0.67899	0.13975	1.7324e-07
CcSEcCtDrD	0.52018	0.63358	0.90755	0.63386	0.51303	0.12083	0.00037027
CcSEcCuGaD	0.67311	0.57906	0.94225	0.66777	0.65154	0.016229	0.006165
CcSEcCuGdD	0.57184	0.51537	0.43656	0.56952	0.56316	0.0063625	0.03829
CcSEcCuGuD	0.59053	0.53275	0.41404	0.58686	0.57687	0.0099959	0.0089575
CdG<rG<rGaD	0.61884	0.52742	0.67073	0.6164	0.60952	0.0068794	0.0026849
CdG<rG<rGdD	0.58769	0.48886	0.30331	0.58612	0.56962	0.016492	0.00043724
CdG<rG<rGuD	0.59799	0.47787	0.31311	0.58871	0.57989	0.0088232	0.11836
CdG<rGaD	0.61818	0.52353	0.64874	0.61885	0.60871	0.010134	0.0021717
CdG<rGaDrD	0.58037	0.46245	0.64662	0.56879	0.56847	0.00031249	0.95884
CdG<rGbCpD	0.59912	0.46826	0.28318	0.60022	0.58429	0.01593	0.010915
CdG<rGbCtD	0.6445	0.49711	0.60291	0.62149	0.61969	0.0018004	0.20086
CdG<rGcGaD	0.61981	0.46612	0.66278	0.61412	0.61062	0.0035044	0.085367
CdG<rGcGdD	0.58763	0.46873	0.30358	0.5794	0.57093	0.008473	0.039218
CdG<rGcGuD	0.59888	0.47506	0.3155	0.58805	0.58206	0.0059822	0.036745
CdG<rGdAlD	0.58894	0.50859	0.57219	0.57441	0.57568	-0.0012709	0.78948
CdG<rGdCpD	0.59586	0.52851	0.27523	0.58103	0.5761	0.0049354	0.48982
CdG<rGdCtD	0.64364	0.44698	0.63735	0.61037	0.61938	-0.009009	0.038321
CdG<rGdD	0.58562	0.50018	0.29219	0.57983	0.5678	0.012029	0.0066019
CdG<rGdDrD	0.57987	0.4649	0.49722	0.54414	0.53812	0.0060229	0.66132
CdG<rGeAlD	0.59377	0.50882	0.66411	0.58896	0.58429	0.0046693	0.073287
CdG<rGiGaD	0.61834	0.54981	0.67126	0.61539	0.60815	0.0072408	0.0016107
CdG<rGiGdD	0.58794	0.47957	0.32424	0.58533	0.57205	0.013279	0.0012695
CdG<rGiGuD	0.59876	0.50641	0.32742	0.59472	0.58451	0.010206	0.0002254
CdG<rGr>GaD	0.6206	0.51097	0.67099	0.61485	0.61022	0.0046353	0.017362
CdG<rGr>GdD	0.58699	0.46248	0.31099	0.58159	0.57133	0.010264	0.00023388
CdG<rGr>GuD	0.59857	0.49752	0.32238	0.59361	0.58601	0.0076027	0.0082707
CdG<rGuAlD	0.58939	0.50483	0.57219	0.57478	0.5758	-0.0010214	0.85392
CdG<rGuCpD	0.5924	0.52107	0.25669	0.58223	0.5623	0.019932	0.11252
CdG<rGuCtD	0.64329	0.44999	0.62675	0.61148	0.61918	-0.0077055	0.14262
CdG<rGuD	0.59353	0.50316	0.2943	0.5785	0.5755	0.0029995	0.58465
CdG<rGuDrD	0.57802	0.47338	0.50013	0.54732	0.53864	0.0086804	0.52943
CdGaD	0.60188	0.54328	0.19338	0.59565	0.57798	0.01767	0.00011624
CdGaDaGaD	0.61234	0.53834	0.58967	0.61703	0.59808	0.01895	0.00056507
CdGaDaGdD	0.58614	0.52496	0.26702	0.57956	0.56246	0.017107	0.00041888
CdGaDaGuD	0.59164	0.51223	0.26755	0.5836	0.56965	0.013946	0.00023152
CdGaDdGaD	0.61205	0.55182	0.52	0.61203	0.59378	0.018251	0.0057928
CdGaDdGdD	0.58266	0.53128	0.25007	0.57629	0.55802	0.018269	0.0003181
CdGaDdGuD	0.5851	0.4993	0.24185	0.56554	0.56317	0.0023705	0.50128
CdGaDlAlD	0.58943	0.51076	0.56662	0.59438	0.58082	0.013558	0.00075063
CdGaDpCpD	0.59749	0.51723	0.1502	0.57031	0.56352	0.0067909	0.1059
CdGaDpCtD	0.64524	0.4585	0.17536	0.56433	0.59652	-0.032192	0.0017385
CdGaDpSpD	0.58711	0.53534	0.56424	0.59454	0.58013	0.014409	0.0033922
CdGaDrD	0.56537	0.50402	0.31497	0.56976	0.55051	0.019248	0.012483
CdGaDrDrD	0.56898	0.54126	0.4445	0.58491	0.56201	0.02291	0.0032635
CdGaDtCpD	0.57196	0.50626	0.10358	0.55564	0.54268	0.012963	0.008648
CdGaDtCtD	0.63387	0.53362	0.40583	0.60933	0.60908	0.00024702	0.93488
CdGaDuGaD	0.60614	0.56378	0.53457	0.61966	0.59197	0.02769	0.0015762
CdGaDuGdD	0.58295	0.50792	0.23735	0.5705	0.55801	0.012494	0.00058712
CdGaDuGuD	0.59339	0.50863	0.24742	0.57666	0.56794	0.008721	0.042921
CdGbCbGaD	0.61378	0.52362	0.32424	0.60295	0.58927	0.013679	0.0067853
CdGbCbGdD	0.5633	0.51483	0.13245	0.55321	0.54114	0.012072	0.01771
CdGbCbGuD	0.5638	0.51206	0.13404	0.54934	0.53881	0.010537	0.0039184
CdGbCdGaD	0.60383	0.55747	0.28662	0.5873	0.57878	0.0085248	0.020346
CdGbCdGdD	0.56673	0.50812	0.14119	0.5575	0.54459	0.012912	0.0023309
CdGbCdGuD	0.56546	0.54353	0.14411	0.56094	0.54723	0.013712	0.0074776
CdGbCpD	0.54322	0.45378	0.0074172	0.49868	0.51808	-0.019392	0.0026859
CdGbCpDrD	0.57345	0.43294	0.024901	0.50111	0.53377	-0.032658	0.00076516
CdGbCrCpD	0.57043	0.43184	0.025166	0.50404	0.53932	-0.035282	0.00014284
CdGbCrCtD	0.63182	0.55216	0.16079	0.60931	0.58572	0.023594	0.010432
CdGbCtD	0.60554	0.56649	0.12848	0.59726	0.55789	0.03937	0.00030501
CdGbCtDrD	0.57123	0.54712	0.19974	0.56769	0.54094	0.026749	0.00068298
CdGbCuGaD	0.59414	0.5575	0.31152	0.58965	0.58229	0.0073573	0.069408
CdGbCuGdD	0.57073	0.52866	0.14252	0.55462	0.54524	0.009387	0.01024
CdGbCuGuD	0.56739	0.54767	0.14199	0.55804	0.54632	0.01172	0.005851
CdGcG<rGaD	0.61111	0.55734	0.48689	0.60799	0.59928	0.0087133	0.021782
CdGcG<rGdD	0.5807	0.489	0.21907	0.56716	0.55898	0.0081786	0.10237
CdGcG<rGuD	0.58448	0.49393	0.21642	0.56404	0.56473	-0.00068493	0.90903
CdGcGaD	0.6178	0.50011	0.23656	0.59088	0.58681	0.0040642	0.31984
CdGcGaDrD	0.57688	0.4732	0.34755	0.55989	0.55691	0.002982	0.66444
CdGcGbCpD	0.56569	0.49435	0.069139	0.5431	0.54461	-0.0015066	0.75796
CdGcGbCtD	0.62415	0.46955	0.17404	0.5814	0.58703	-0.0056338	0.096572
CdGcGcGaD	0.61685	0.52016	0.49669	0.60716	0.60486	0.0023051	0.58998
CdGcGcGdD	0.58742	0.47892	0.24053	0.56648	0.56633	0.0001479	0.95148
CdGcGcGuD	0.59197	0.48577	0.24318	0.56743	0.57415	-0.0067223	0.044203
CdGcGdAlD	0.58833	0.51264	0.51815	0.57386	0.57459	-0.00072806	0.90642
CdGcGdCpD	0.57104	0.48973	0.073907	0.53469	0.53641	-0.0017163	0.7602
CdGcGdCtD	0.63245	0.50956	0.28715	0.59112	0.60654	-0.015423	0.0060489
CdGcGdD	0.5671	0.49149	0.12954	0.55457	0.54129	0.013285	0.00048839
CdGcGdDrD	0.57703	0.48326	0.28344	0.55417	0.54115	0.013015	0.17485
CdGcGeAlD	0.59113	0.52462	0.62887	0.59114	0.58199	0.0091542	0.0578
CdGcGiGaD	0.61571	0.56467	0.52079	0.61922	0.60307	0.016152	0.0070079
CdGcGiGdD	0.58284	0.50682	0.23364	0.56791	0.56205	0.0058621	0.13539
CdGcGiGuD	0.58851	0.49788	0.23258	0.57008	0.56545	0.0046312	0.11989
CdGcGr>GaD	0.61663	0.54252	0.4694	0.61182	0.60041	0.011412	0.029986
CdGcGr>GdD	0.58456	0.48785	0.21695	0.57102	0.56114	0.00988	0.079967
CdGcGr>GuD	0.58613	0.51241	0.22199	0.57348	0.56889	0.004583	0.42489
CdGcGuAlD	0.58915	0.51519	0.50675	0.57731	0.57511	0.0021957	0.74305
CdGcGuCpD	0.55376	0.51099	0.078675	0.5456	0.52962	0.015982	0.015737
CdGcGuCtD	0.63816	0.52207	0.28397	0.59965	0.60629	-0.0066374	0.0077063
CdGcGuD	0.56713	0.51473	0.13086	0.55603	0.54237	0.013666	0.0051289
CdGcGuDrD	0.57437	0.4952	0.29828	0.55532	0.53701	0.01831	0.11956
CdGdAdGaD	0.61698	0.49925	0.66225	0.61786	0.60657	0.011295	0.001836
CdGdAdGdD	0.58788	0.49566	0.32318	0.58789	0.57196	0.01593	0.0012546
CdGdAdGuD	0.59843	0.48577	0.32742	0.59844	0.58714	0.011303	0.0037424
CdGdAeGaD	0.61643	0.47122	0.66225	0.61538	0.60598	0.0094036	0.0052992
CdGdAeGdD	0.58801	0.47814	0.32344	0.58801	0.57173	0.016282	0.0012962
CdGdAeGuD	0.59837	0.46365	0.32715	0.59733	0.58718	0.010156	0.0051342
CdGdAlD	0.58986	0.50505	0.49589	0.57516	0.57314	0.0020184	0.74533
CdGdAlDrD	0.5742	0.4508	0.60185	0.56604	0.56557	0.00047436	0.76596
CdGdAuGaD	0.61682	0.47719	0.66225	0.61434	0.60632	0.0080175	0.0089143
CdGdAuGdD	0.58781	0.49261	0.32265	0.58793	0.57166	0.016266	0.0012858
CdGdAuGuD	0.59854	0.47877	0.32636	0.59806	0.5873	0.010761	0.0039505
CdGdCbGaD	0.62022	0.54181	0.65113	0.6209	0.60849	0.012413	0.0056241
CdGdCbGdD	0.58554	0.47912	0.26543	0.55756	0.56652	-0.0089598	0.023109
CdGdCbGuD	0.58714	0.47095	0.27152	0.57242	0.5652	0.0072209	0.093999
CdGdCdGaD	0.6214	0.51512	0.64159	0.61472	0.61191	0.002805	0.13807
CdGdCdGdD	0.58659	0.4383	0.28583	0.57535	0.5693	0.0060503	0.077181
CdGdCdGuD	0.59901	0.47933	0.31338	0.58906	0.58005	0.0090183	0.045958
CdGdCpD	0.57767	0.49767	0.1555	0.5637	0.55296	0.010733	0.13784
CdGdCpDrD	0.58096	0.46323	0.38331	0.54801	0.54723	0.00077726	0.95538
CdGdCrCpD	0.59646	0.46462	0.24742	0.57758	0.57828	-0.00069987	0.91387
CdGdCrCtD	0.64422	0.68345	0.51338	0.67797	0.62329	0.05468	3.5915e-05
CdGdCtD	0.64992	0.62548	0.49616	0.66368	0.62567	0.03801	2.6496e-05
CdGdCtDrD	0.57539	0.59912	0.58861	0.60623	0.55155	0.054681	0.00012971
CdGdCuGaD	0.62154	0.55436	0.66013	0.62007	0.61106	0.0090103	0.00055448
CdGdCuGdD	0.58845	0.49939	0.3057	0.58239	0.56908	0.013306	0.00044043
CdGdCuGuD	0.59881	0.4931	0.29748	0.58474	0.58148	0.0032619	0.12249
CdGdD	0.56076	0.4954	0.084503	0.54117	0.52579	0.015378	0.0054588
CdGdDaGaD	0.6114	0.49826	0.58305	0.60824	0.59686	0.011381	0.0013518
CdGdDaGdD	0.58437	0.47888	0.23815	0.56091	0.55949	0.0014249	0.6556
CdGdDaGuD	0.58402	0.50949	0.24556	0.57181	0.56226	0.0095431	0.026664
CdGdDdGaD	0.61574	0.5055	0.5502	0.61377	0.60078	0.012987	0.00036639
CdGdDdGdD	0.58449	0.49207	0.26623	0.57067	0.56468	0.0059992	0.054929
CdGdDdGuD	0.58497	0.48821	0.25748	0.5679	0.56633	0.0015692	0.70666
CdGdDlAlD	0.59355	0.5184	0.54861	0.59688	0.58016	0.016717	0.0014433
CdGdDpCpD	0.59486	0.48434	0.11444	0.55326	0.55415	-0.00088708	0.7679
CdGdDpCtD	0.64576	0.39139	0.13907	0.53657	0.58694	-0.050377	0.00011736
CdGdDpSpD	0.58842	0.52145	0.55656	0.58341	0.57854	0.0048705	0.080594
CdGdDrD	0.56915	0.48359	0.19523	0.55635	0.53547	0.020877	0.030709
CdGdDrDrD	0.57064	0.49648	0.36477	0.57405	0.55747	0.016582	0.018867
CdGdDtCpD	0.56588	0.50554	0.061987	0.53727	0.53595	0.001322	0.66199
CdGdDtCtD	0.63779	0.48881	0.29298	0.60421	0.6099	-0.0056897	0.12859
CdGdDuGaD	0.6139	0.48817	0.56503	0.6055	0.60018	0.0053243	0.029674
CdGdDuGdD	0.58562	0.49995	0.25987	0.57137	0.56233	0.009044	0.025178
CdGdDuGuD	0.58908	0.4825	0.26013	0.56687	0.57172	-0.0048478	0.2866
CdGeAdGaD	0.61745	0.4866	0.67205	0.61795	0.60793	0.010019	0.0012999
CdGeAdGdD	0.58752	0.48754	0.32821	0.58801	0.57278	0.015229	0.00081621
CdGeAdGuD	0.59815	0.47991	0.33219	0.59853	0.58842	0.01011	0.0039151
CdGeAeGaD	0.61681	0.49417	0.67205	0.61827	0.60736	0.010909	0.001045
CdGeAeGdD	0.58755	0.4672	0.32821	0.58761	0.57274	0.014864	0.00082696
CdGeAeGuD	0.59808	0.45904	0.33219	0.59736	0.58856	0.0087985	0.0049859
CdGeAlD	0.5907	0.53347	0.65801	0.597	0.58243	0.014567	0.0019889
CdGeAlDrD	0.57346	0.50069	0.64927	0.57904	0.56779	0.011256	0.0014633
CdGeAuGaD	0.61732	0.50262	0.67205	0.61775	0.60792	0.0098256	0.0012046
CdGeAuGdD	0.58746	0.49967	0.32821	0.58833	0.57259	0.015745	0.00074196
CdGeAuGuD	0.59822	0.46098	0.33219	0.59819	0.58853	0.0096576	0.0039682
CdGiG<rGaD	0.61303	0.56702	0.64265	0.61322	0.60384	0.0093786	0.0011223
CdGiG<rGdD	0.58648	0.49699	0.29139	0.58031	0.56663	0.013682	0.0041173
CdGiG<rGuD	0.59739	0.49637	0.29457	0.57966	0.57712	0.0025369	0.55732
CdGiGaD	0.61811	0.55514	0.50543	0.61688	0.60229	0.014589	0.00099089
CdGiGaDrD	0.57857	0.49253	0.5857	0.57813	0.56508	0.013051	0.077319
CdGiGbCpD	0.59426	0.47243	0.15391	0.55756	0.56533	-0.0077704	0.15178
CdGiGbCtD	0.64519	0.52668	0.3857	0.61364	0.61273	0.00090965	0.36276
CdGiGcGaD	0.61481	0.50093	0.52265	0.60702	0.60414	0.0028843	0.016907
CdGiGcGdD	0.58513	0.46624	0.26146	0.5733	0.56581	0.0074885	0.045973
CdGiGcGuD	0.59243	0.48308	0.26755	0.57349	0.5698	0.0036908	0.16054
CdGiGdAlD	0.58619	0.50641	0.5698	0.57595	0.57433	0.0016222	0.72468
CdGiGdCpD	0.59129	0.4869	0.15576	0.55449	0.56129	-0.0068025	0.28148
CdGiGdCtD	0.63839	0.51324	0.50728	0.58988	0.61683	-0.026949	0.0015515
CdGiGdD	0.57495	0.48455	0.22093	0.56498	0.55738	0.007601	0.012472
CdGiGdDrD	0.57889	0.486	0.4257	0.55175	0.53778	0.013973	0.27601
CdGiGeAlD	0.59025	0.52794	0.66384	0.59307	0.58211	0.010955	0.0042612
CdGiGiGaD	0.61518	0.57198	0.67205	0.61742	0.60468	0.01274	0.00097316
CdGiGiGdD	0.58781	0.486	0.32662	0.58557	0.5714	0.014169	0.001058
CdGiGiGuD	0.59845	0.51983	0.32609	0.59436	0.58541	0.0089415	0.00076637
CdGiGr>GaD	0.61548	0.54528	0.65166	0.61426	0.60413	0.010134	0.0017175
CdGiGr>GdD	0.58696	0.46552	0.29457	0.57639	0.56907	0.0073253	0.0018423
CdGiGr>GuD	0.59638	0.51237	0.3057	0.58748	0.58045	0.0070362	0.025323
CdGiGuAlD	0.58547	0.51486	0.56742	0.57468	0.57381	0.00087072	0.86647
CdGiGuCpD	0.57968	0.51574	0.14914	0.5607	0.5514	0.009298	0.22899
CdGiGuCtD	0.63955	0.49682	0.49377	0.60009	0.6168	-0.016709	0.0053668
CdGiGuD	0.57811	0.51164	0.22013	0.5677	0.56126	0.0064435	0.13217
CdGiGuDrD	0.57622	0.5192	0.43073	0.5562	0.5354	0.020795	0.14023
CdGpBPpGaD	0.61786	0.51177	0.66517	0.61878	0.60644	0.012338	0.0030245
CdGpBPpGdD	0.5885	0.49019	0.31629	0.58582	0.57309	0.012729	0.0018833
CdGpBPpGuD	0.59833	0.51714	0.31629	0.59116	0.58533	0.0058342	0.023535
CdGpCCpGaD	0.61773	0.51106	0.6347	0.61129	0.6066	0.0046841	0.082323
CdGpCCpGdD	0.58858	0.464	0.3004	0.58269	0.57167	0.011015	0.0065827
CdGpCCpGuD	0.59514	0.49075	0.29245	0.5815	0.58181	-0.00031319	0.883
CdGpMFpGaD	0.6176	0.53364	0.64318	0.61661	0.60693	0.0096796	0.013446
CdGpMFpGdD	0.58738	0.50264	0.30543	0.58423	0.57061	0.013624	0.0045605
CdGpMFpGuD	0.59607	0.48981	0.30543	0.58483	0.58274	0.0020968	0.25627
CdGpPWpGaD	0.61457	0.54033	0.6347	0.61809	0.60275	0.015337	0.00094124
CdGpPWpGdD	0.58805	0.48589	0.28848	0.58228	0.56867	0.01361	0.0010184
CdGpPWpGuD	0.59814	0.51256	0.2906	0.58404	0.58271	0.0013374	0.23118
CdGr>G<rGaD	0.61632	0.52131	0.65987	0.61481	0.60664	0.0081693	0.00024604
CdGr>G<rGdD	0.58724	0.4822	0.29828	0.58615	0.56942	0.016737	0.00057193
CdGr>G<rGuD	0.5981	0.47546	0.30861	0.58853	0.57981	0.0087205	0.1308
CdGr>GaD	0.61818	0.50593	0.54675	0.60946	0.6085	0.00095669	0.52469
CdGr>GaDrD	0.58073	0.4537	0.61113	0.56929	0.57046	-0.0011652	0.83868
CdGr>GbCpD	0.59633	0.46683	0.16954	0.56645	0.57286	-0.0064138	0.14347
CdGr>GbCtD	0.64357	0.50522	0.46781	0.6105	0.61509	-0.0045899	0.095802
CdGr>GcGaD	0.61825	0.49102	0.61166	0.61001	0.60998	2.899e-05	0.9645
CdGr>GcGdD	0.58768	0.46573	0.28318	0.57306	0.56754	0.0055155	0.036721
CdGr>GcGuD	0.59544	0.47439	0.28238	0.57086	0.57768	-0.0068188	0.029638
CdGr>GdAlD	0.58808	0.50929	0.56238	0.57451	0.57577	-0.0012594	0.78733
CdGr>GdCpD	0.59408	0.50998	0.26172	0.56999	0.57286	-0.0028697	0.68043
CdGr>GdCtD	0.63942	0.45201	0.62781	0.61026	0.61629	-0.0060207	0.20867
CdGr>GdD	0.58369	0.46805	0.25033	0.56266	0.56176	0.00089837	0.68949
CdGr>GdDrD	0.57747	0.47859	0.46861	0.54098	0.53876	0.0022166	0.85716
CdGr>GeAlD	0.59233	0.51214	0.65351	0.58841	0.58393	0.0044807	0.033676
CdGr>GiGaD	0.61554	0.54002	0.65854	0.61037	0.60574	0.0046351	0.0086553
CdGr>GiGdD	0.58721	0.47224	0.30781	0.58037	0.56996	0.010405	0.005668
CdGr>GiGuD	0.59619	0.51151	0.31099	0.58625	0.58156	0.0046844	0.0090182
CdGr>Gr>GaD	0.61774	0.50252	0.65139	0.60987	0.6067	0.0031724	0.01051
CdGr>Gr>GdD	0.58709	0.47182	0.30066	0.57938	0.57008	0.0092976	0.00052585
CdGr>Gr>GuD	0.59768	0.49097	0.31073	0.58884	0.5827	0.0061409	0.030941
CdGr>GuAlD	0.58877	0.51023	0.56238	0.57496	0.57632	-0.0013589	0.79699
CdGr>GuCpD	0.59288	0.52114	0.24768	0.58275	0.56346	0.019285	0.078379
CdGr>GuCtD	0.63942	0.47599	0.60344	0.61486	0.61741	-0.0025566	0.60385
CdGr>GuD	0.58774	0.50217	0.25828	0.56894	0.56751	0.0014264	0.74675
CdGr>GuDrD	0.57884	0.48119	0.47232	0.54778	0.53868	0.0091028	0.47898
CdGuAdGaD	0.61658	0.48494	0.66225	0.61608	0.60651	0.0095625	0.0011819
CdGuAdGdD	0.58747	0.49956	0.32238	0.58714	0.57224	0.014899	0.0013535
CdGuAdGuD	0.5982	0.47996	0.32715	0.59878	0.58763	0.01115	0.0033503
CdGuAeGaD	0.61644	0.489	0.66225	0.61801	0.60638	0.011634	0.0010941
CdGuAeGdD	0.58777	0.48943	0.32344	0.58815	0.57232	0.015827	0.0010119
CdGuAeGuD	0.59822	0.48055	0.32742	0.59799	0.58765	0.010335	0.0036409
CdGuAlD	0.58907	0.53976	0.49642	0.58594	0.5741	0.011843	0.096353
CdGuAlDrD	0.57363	0.52331	0.60212	0.57878	0.56674	0.012036	0.0016691
CdGuAuGaD	0.61649	0.52811	0.66225	0.61915	0.60648	0.012671	0.00059806
CdGuAuGdD	0.58743	0.51187	0.32318	0.58852	0.57227	0.016248	0.0010358
CdGuAuGuD	0.59819	0.48226	0.32556	0.59675	0.58765	0.0091003	0.0063977
CdGuCbGaD	0.61714	0.50549	0.53987	0.60547	0.60373	0.0017349	0.44297
CdGuCbGdD	0.58124	0.50252	0.21748	0.55687	0.55804	-0.001168	0.73195
CdGuCbGuD	0.58157	0.48171	0.21881	0.56438	0.55305	0.011327	0.015761
CdGuCdGaD	0.61703	0.52881	0.59046	0.61175	0.60649	0.0052606	0.0042144
CdGuCdGdD	0.58735	0.47898	0.26358	0.57472	0.56727	0.0074472	0.059263
CdGuCdGuD	0.59859	0.50391	0.28397	0.58233	0.57735	0.0049833	0.24797
CdGuCpD	0.55656	0.48778	0.069404	0.52506	0.52991	-0.0048485	0.055631
CdGuCpDrD	0.58821	0.47562	0.19417	0.5437	0.53851	0.0051907	0.50043
CdGuCrCpD	0.58982	0.50474	0.14119	0.56552	0.56057	0.0049487	0.38328
CdGuCrCtD	0.6403	0.53358	0.33669	0.60931	0.61035	-0.0010473	0.81941
CdGuCtD	0.64517	0.47144	0.29748	0.59505	0.61605	-0.020999	0.0040233
CdGuCtDrD	0.57786	0.47561	0.43205	0.55878	0.55562	0.0031589	0.53081
CdGuCuGaD	0.61886	0.54877	0.60927	0.62269	0.60556	0.017129	1.3298e-05
CdGuCuGdD	0.58892	0.49948	0.28079	0.58168	0.56765	0.014033	0.0019794
CdGuCuGuD	0.59822	0.49979	0.2747	0.57497	0.57838	-0.0034091	0.19539
CdGuD	0.56471	0.50392	0.097748	0.54705	0.53003	0.017019	3.4351e-05
CdGuDaGaD	0.60923	0.55119	0.60291	0.60894	0.59769	0.011243	0.00058543
CdGuDaGdD	0.58125	0.52109	0.25828	0.56961	0.56035	0.0092596	0.0097527
CdGuDaGuD	0.58456	0.52535	0.26305	0.5719	0.56239	0.0095086	0.02671
CdGuDdGaD	0.61447	0.53353	0.57801	0.61352	0.60214	0.011375	6.5553e-05
CdGuDdGdD	0.58554	0.52035	0.27523	0.57248	0.56801	0.0044781	0.26279
CdGuDdGuD	0.59079	0.49384	0.27364	0.58272	0.56954	0.013188	0.022141
CdGuDlAlD	0.58995	0.52159	0.58252	0.58772	0.58077	0.0069489	0.051682
CdGuDpCpD	0.59085	0.49503	0.13748	0.55291	0.5546	-0.0016894	0.69793
CdGuDpCtD	0.63823	0.44655	0.16159	0.54904	0.59281	-0.04377	0.00028477
CdGuDpSpD	0.58559	0.55801	0.57828	0.58639	0.5793	0.0070961	0.027411
CdGuDrD	0.57593	0.48831	0.24768	0.54606	0.53507	0.010985	0.1846
CdGuDrDrD	0.57037	0.49788	0.43338	0.56782	0.56089	0.0069299	0.078896
CdGuDtCpD	0.56863	0.50334	0.074172	0.53641	0.53553	0.00087886	0.74972
CdGuDtCtD	0.63626	0.52417	0.35974	0.59337	0.60881	-0.015435	0.00092119
CdGuDuGaD	0.61207	0.53837	0.58305	0.61092	0.60353	0.0073896	0.0071085
CdGuDuGdD	0.5837	0.48775	0.26623	0.57634	0.56426	0.012083	0.010541
CdGuDuGuD	0.59326	0.503	0.2702	0.57634	0.57505	0.0012873	0.70139
CiPCiCbGaD	0.60661	0.63986	0.35576	0.6576	0.56734	0.090258	1.0385e-05
CiPCiCbGdD	0.54611	0.46865	0.088212	0.5047	0.51477	-0.010073	0.015105
CiPCiCbGuD	0.54366	0.52694	0.1004	0.54169	0.51395	0.027742	9.0336e-06
CiPCiCdGaD	0.57734	0.60458	0.29801	0.6225	0.53916	0.083341	0.00033048
CiPCiCdGdD	0.55366	0.5429	0.13934	0.55851	0.5151	0.043409	5.5354e-05
CiPCiCdGuD	0.54895	0.56518	0.14993	0.56412	0.52043	0.04369	0.00057238
CiPCiCpD	0.51581	0.48818	0.010861	0.50316	0.50291	0.00025407	0.82925
CiPCiCpDrD	0.51979	0.49887	0.03894	0.52042	0.50282	0.017603	0.00039636
CiPCiCrCpD	0.53918	0.47515	0.025695	0.51146	0.5128	-0.0013363	0.59933
CiPCiCrCtD	0.62767	0.71447	0.13007	0.72383	0.5515	0.17233	3.3397e-06
CiPCiCtD	0.56531	0.75676	0.1351	0.75468	0.52131	0.23337	3.0786e-08
CiPCiCtDrD	0.51656	0.70607	0.17007	0.68619	0.49926	0.18693	4.4177e-07
CiPCiCuGaD	0.58616	0.59953	0.32503	0.62799	0.54138	0.086612	0.00026073
CiPCiCuGdD	0.5481	0.54611	0.13007	0.55689	0.5167	0.040183	0.0014073
CiPCiCuGuD	0.55683	0.54505	0.1343	0.55843	0.52265	0.035784	0.00021704
CpDaG<rGaD	0.53045	0.50569	0.1457	0.53013	0.5289	0.0012291	0.27533
CpDaG<rGdD	0.52814	0.50899	0.064636	0.52506	0.52467	0.00038214	0.79798
CpDaG<rGuD	0.53037	0.50804	0.066225	0.52484	0.52736	-0.0025166	0.25558
CpDaGaD	0.53006	0.51791	0.13589	0.53146	0.52852	0.0029419	0.044059
CpDaGaDrD	0.52705	0.53874	0.14437	0.53066	0.52519	0.0054757	0.010446
CpDaGbCpD	0.54646	0.52361	0.057748	0.53755	0.52425	0.013306	0.00097053
CpDaGbCtD	0.53255	0.52036	0.12	0.53311	0.53124	0.0018632	0.41937
CpDaGcGaD	0.52993	0.50963	0.12212	0.52929	0.52896	0.00033125	0.90504
CpDaGcGdD	0.52752	0.5038	0.059073	0.521	0.52149	-0.00049385	0.75147
CpDaGcGuD	0.5274	0.51237	0.060662	0.52469	0.5231	0.0015931	0.18018
CpDaGdAlD	0.5293	0.48317	0.12291	0.51414	0.5258	-0.011664	0.0038656
CpDaGdCpD	0.54075	0.48492	0.029139	0.5222	0.51576	0.0064426	0.01437
CpDaGdCtD	0.53567	0.5213	0.11258	0.5306	0.53499	-0.0043852	0.035796
CpDaGdD	0.52582	0.50413	0.045828	0.51481	0.51562	-0.00080789	0.50925
CpDaGdDrD	0.5228	0.51019	0.099338	0.51595	0.51507	0.00088169	0.82098
CpDaGeAlD	0.5295	0.52778	0.15099	0.53064	0.52632	0.0043266	0.006388
CpDaGiGaD	0.53002	0.53932	0.1502	0.53123	0.52795	0.003286	0.03388
CpDaGiGdD	0.52903	0.51618	0.068079	0.52638	0.5244	0.0019782	0.22299
CpDaGiGuD	0.53005	0.51995	0.069669	0.52996	0.52699	0.0029732	0.12542
CpDaGr>GaD	0.5302	0.51193	0.1449	0.52976	0.5282	0.0015545	0.25972
CpDaGr>GdD	0.52899	0.50712	0.064636	0.52343	0.52496	-0.0015281	0.23905
CpDaGr>GuD	0.53048	0.5092	0.068609	0.52898	0.52645	0.0025345	0.14742
CpDaGuAlD	0.5294	0.4988	0.12291	0.51496	0.52581	-0.010854	0.0048803
CpDaGuCpD	0.54115	0.49146	0.032848	0.52416	0.51362	0.010544	0.00035366
CpDaGuCtD	0.53423	0.49276	0.10967	0.52216	0.53521	-0.013051	0.00098168
CpDaGuD	0.52459	0.49154	0.048212	0.50911	0.51898	-0.0098684	0.0021964
CpDaGuDrD	0.52497	0.50876	0.1004	0.51564	0.51491	0.00073475	0.84176
CpDdG<rGaD	0.52913	0.5176	0.10119	0.51949	0.52119	-0.0017022	0.65969
CpDdG<rGdD	0.52879	0.49832	0.043444	0.5098	0.519	-0.0092006	0.03346
CpDdG<rGuD	0.52886	0.49998	0.044503	0.51159	0.521	-0.0094087	0.022442
CpDdGaD	0.53076	0.50783	0.065166	0.51963	0.51966	-2.6287e-05	0.9934
CpDdGaDrD	0.52582	0.5117	0.090861	0.51624	0.5139	0.0023443	0.61263
CpDdGbCpD	0.52991	0.5089	0.022517	0.52339	0.51107	0.01232	0.0033832
CpDdGbCtD	0.53201	0.50061	0.054834	0.51707	0.51796	-0.00089611	0.7996
CpDdGcGaD	0.52913	0.50229	0.085828	0.51668	0.5206	-0.0039212	0.42187
CpDdGcGdD	0.52575	0.49377	0.037616	0.50821	0.51622	-0.0080064	0.031833
CpDdGcGuD	0.52629	0.49744	0.04106	0.5135	0.51788	-0.0043843	0.082051
CpDdGdAlD	0.52912	0.48804	0.087152	0.51001	0.52127	-0.011267	0.025733
CpDdGdCpD	0.53274	0.4801	0.018543	0.5083	0.5107	-0.0024026	0.39332
CpDdGdCtD	0.53513	0.49003	0.075497	0.51814	0.52467	-0.006522	0.17865
CpDdGdD	0.52358	0.50876	0.033377	0.51424	0.5138	0.00043064	0.87356
CpDdGdDrD	0.52202	0.50527	0.065695	0.51047	0.50918	0.0012837	0.64405
CpDdGeAlD	0.52869	0.50829	0.11073	0.51852	0.52163	-0.0031065	0.34817
CpDdGiGaD	0.52911	0.50813	0.10623	0.5166	0.52162	-0.0050218	0.21613
CpDdGiGdD	0.52815	0.50549	0.047417	0.51552	0.51855	-0.0030272	0.28211
CpDdGiGuD	0.52914	0.50209	0.047152	0.5131	0.52067	-0.0075715	0.050108
CpDdGr>GaD	0.52883	0.50809	0.10066	0.51942	0.52069	-0.0012743	0.74605
CpDdGr>GdD	0.52902	0.49795	0.043974	0.5111	0.51841	-0.0073074	0.034531
CpDdGr>GuD	0.52945	0.50175	0.045033	0.51204	0.52102	-0.0089759	0.034348
CpDdGuAlD	0.52923	0.48991	0.089007	0.50979	0.52114	-0.01135	0.028649
CpDdGuCpD	0.5279	0.49672	0.020927	0.51342	0.50888	0.0045433	0.01608
CpDdGuCtD	0.53563	0.50164	0.072053	0.52038	0.52347	-0.0030906	0.49247
CpDdGuD	0.52633	0.48881	0.031523	0.50533	0.51245	-0.0071271	0.074871
CpDdGuDrD	0.51995	0.499	0.063046	0.50647	0.50815	-0.0016777	0.54471
CpDlAdGaD	0.5305	0.50093	0.15232	0.52987	0.52888	0.00099313	0.27886
CpDlAdGdD	0.52873	0.51522	0.070993	0.52744	0.52517	0.0022756	0.0419
CpDlAdGuD	0.53044	0.51059	0.073642	0.52973	0.52918	0.00055202	0.77366
CpDlAeGaD	0.5306	0.53325	0.15258	0.53158	0.52855	0.0030272	0.018295
CpDlAeGdD	0.52864	0.51791	0.074172	0.52891	0.52577	0.0031336	0.061731
CpDlAeGuD	0.53039	0.51958	0.074967	0.53065	0.52981	0.00084044	0.67584
CpDlAlD	0.52972	0.52427	0.12318	0.53303	0.52686	0.0061743	0.0021219
CpDlAlDrD	0.5269	0.52896	0.14411	0.5305	0.5263	0.0042081	0.0016406
CpDlAuGaD	0.53074	0.52642	0.15258	0.53095	0.52921	0.0017415	0.099872
CpDlAuGdD	0.52875	0.51937	0.073642	0.52852	0.52536	0.0031523	0.035672
CpDlAuGuD	0.53047	0.51376	0.072848	0.52952	0.52923	0.00029023	0.87244
CpDpCbGaD	0.53002	0.5316	0.10278	0.53031	0.53068	-0.00036513	0.71006
CpDpCbGdD	0.52436	0.47795	0.030199	0.50344	0.51819	-0.014741	4.0365e-05
CpDpCbGuD	0.52324	0.48114	0.031523	0.50271	0.51869	-0.015979	0.00077757
CpDpCdGaD	0.53051	0.50236	0.093245	0.52325	0.53193	-0.0086829	0.0014518
CpDpCdGdD	0.52662	0.50383	0.042649	0.51116	0.51979	-0.0086259	0.0032201
CpDpCdGuD	0.52799	0.50455	0.046887	0.51512	0.52136	-0.0062367	0.03544
CpDpCpD	0.54401	0.49122	0.016689	0.52019	0.51485	0.0053424	0.004185
CpDpCpDrD	0.51855	0.52485	0.041854	0.52167	0.51457	0.0070975	0.12278
CpDpCrCpD	0.54497	0.49038	0.024636	0.51866	0.51961	-0.00094598	0.47754
CpDpCrCtD	0.53929	0.57255	0.052715	0.56104	0.5326	0.028449	0.00048914
CpDpCtD	0.54699	0.5802	0.038146	0.56606	0.52336	0.042701	0.00013665
CpDpCtDrD	0.52196	0.55166	0.045033	0.54229	0.5159	0.026386	0.00037781
CpDpCuGaD	0.53008	0.49405	0.098278	0.52228	0.52922	-0.0069457	0.0049229
CpDpCuGdD	0.52929	0.48927	0.04053	0.50898	0.51955	-0.010564	0.00019504
CpDpCuGuD	0.52946	0.48699	0.042914	0.50918	0.51985	-0.01067	0.001905
CpDpSpD	0.52981	0.53907	0.12927	0.53325	0.52669	0.0065538	0.0019559
CpDpSpDrD	0.52695	0.5379	0.14675	0.53237	0.52584	0.0065298	0.00055436
CpDrD	0.50652	0.50912	0.01298	0.51258	0.50232	0.010266	0.00076458
CpDrDaGaD	0.53055	0.547	0.14887	0.53311	0.52829	0.0048238	0.0076737
CpDrDaGdD	0.52694	0.51212	0.060662	0.52026	0.52107	-0.00080421	0.64263
CpDrDaGuD	0.52699	0.51738	0.061457	0.52123	0.524	-0.0027709	0.16474
CpDrDdGaD	0.53053	0.51037	0.11073	0.52722	0.52885	-0.0016233	0.46535
CpDrDdGdD	0.52917	0.50045	0.05298	0.51916	0.52122	-0.0020513	0.32239
CpDrDdGuD	0.52524	0.49042	0.05298	0.51393	0.52038	-0.0064465	0.014339
CpDrDlAlD	0.52961	0.55743	0.14596	0.53523	0.52631	0.0089206	0.00019456
CpDrDpCpD	0.5351	0.49858	0.020397	0.52195	0.51052	0.011431	0.0018512
CpDrDpCtD	0.53738	0.5044	0.029934	0.52348	0.51679	0.0066913	0.017285
CpDrDpSpD	0.52958	0.55357	0.14517	0.5358	0.52665	0.009152	0.00049563
CpDrDrD	0.52409	0.52361	0.039735	0.52662	0.5146	0.012017	0.00035665
CpDrDrDrD	0.52725	0.51466	0.077351	0.53394	0.5246	0.0093388	0.00054494
CpDrDtCpD	0.53281	0.48132	0.0087417	0.50776	0.50533	0.0024336	0.059763
CpDrDtCtD	0.53979	0.52449	0.052185	0.54605	0.53354	0.012512	0.0006822
CpDrDuGaD	0.53266	0.5116	0.11338	0.53473	0.52917	0.0055558	0.04834
CpDrDuGdD	0.52472	0.48091	0.049007	0.50909	0.51994	-0.010855	0.0033228
CpDrDuGuD	0.52825	0.49815	0.054305	0.51727	0.52304	-0.0057684	0.015612
CpDtCbGaD	0.52941	0.50784	0.074437	0.52037	0.52134	-0.00097087	0.70827
CpDtCbGdD	0.51909	0.50394	0.028079	0.51165	0.50938	0.0022628	0.24522
CpDtCbGuD	0.5164	0.49821	0.027815	0.50511	0.51	-0.0048901	0.073866
CpDtCdGaD	0.52995	0.5017	0.075762	0.51774	0.51978	-0.0020391	0.51954
CpDtCdGdD	0.52457	0.50613	0.036556	0.51461	0.51391	0.000707	0.77054
CpDtCdGuD	0.5283	0.4946	0.035232	0.50973	0.5158	-0.0060748	0.050727
CpDtCpD	0.51415	0.48739	0.0050331	0.501	0.5015	-0.00050196	0.66557
CpDtCpDrD	0.50613	0.50588	0.02596	0.51094	0.50303	0.0079067	0.0059033
CpDtCrCpD	0.5331	0.47665	0.0095364	0.50561	0.50918	-0.0035684	0.11144
CpDtCrCtD	0.53926	0.51171	0.043179	0.52355	0.51918	0.0043711	0.027613
CpDtCtD	0.53324	0.49782	0.041589	0.52112	0.51848	0.0026486	0.37926
CpDtCtDrD	0.51664	0.52345	0.060662	0.51763	0.51172	0.00591	0.080227
CpDtCuGaD	0.52966	0.5139	0.075232	0.52161	0.51925	0.0023521	0.47264
CpDtCuGdD	0.5283	0.49581	0.034967	0.51145	0.5167	-0.0052477	0.04858
CpDtCuGuD	0.52726	0.49951	0.036821	0.51423	0.51596	-0.0017344	0.32612
CpDuG<rGaD	0.52895	0.52129	0.10013	0.52208	0.52139	0.00069322	0.85669
CpDuG<rGdD	0.52809	0.49865	0.041589	0.51094	0.51877	-0.007829	0.051633
CpDuG<rGuD	0.53026	0.49665	0.044503	0.51158	0.52128	-0.0096991	0.031684
CpDuGaD	0.53033	0.51294	0.069139	0.52143	0.5201	0.0013304	0.71646
CpDuGaDrD	0.52823	0.5196	0.083709	0.52421	0.51641	0.0077997	0.096925
CpDuGbCpD	0.53891	0.48011	0.012715	0.51111	0.51057	0.00054487	0.83341
CpDuGbCtD	0.53642	0.49756	0.051656	0.51896	0.52169	-0.0027297	0.53205
CpDuGcGaD	0.52937	0.5095	0.083974	0.51883	0.51835	0.00048143	0.92339
CpDuGcGdD	0.52645	0.50167	0.038411	0.51274	0.51498	-0.0022404	0.40113
CpDuGcGuD	0.5269	0.50319	0.04	0.5125	0.51708	-0.0045732	0.15915
CpDuGdAlD	0.52957	0.49147	0.083179	0.5114	0.52094	-0.0095367	0.052826
CpDuGdCpD	0.53734	0.48583	0.021987	0.51348	0.51011	0.0033718	0.16339
CpDuGdCtD	0.53295	0.50489	0.076556	0.52122	0.52352	-0.0023013	0.59469
CpDuGdD	0.52518	0.49143	0.032053	0.50752	0.51103	-0.0035066	0.27367
CpDuGdDrD	0.51905	0.50711	0.062517	0.50946	0.50954	-8.0921e-05	0.98314
CpDuGeAlD	0.52878	0.5086	0.10437	0.52001	0.52164	-0.0016278	0.64306
CpDuGiGaD	0.52889	0.51789	0.097748	0.52315	0.52107	0.0020855	0.60078
CpDuGiGdD	0.52797	0.50834	0.043709	0.5162	0.51765	-0.0014506	0.6109
CpDuGiGuD	0.52835	0.50027	0.043974	0.51032	0.51969	-0.0093644	0.018964
CpDuGr>GaD	0.52883	0.50866	0.094305	0.52079	0.52071	8.1046e-05	0.98406
CpDuGr>GdD	0.52892	0.49949	0.040795	0.51223	0.51876	-0.0065242	0.07299
CpDuGr>GuD	0.52989	0.49955	0.043179	0.51165	0.51951	-0.0078636	0.074511
CpDuGuAlD	0.52941	0.4877	0.084503	0.51007	0.52122	-0.011145	0.036484
CpDuGuCpD	0.53099	0.49084	0.020132	0.51541	0.50948	0.0059273	0.025753
CpDuGuCtD	0.5361	0.5039	0.069934	0.5171	0.52299	-0.0058914	0.24295
CpDuGuD	0.52476	0.50333	0.034967	0.51084	0.51566	-0.0048298	0.21676
CpDuGuDrD	0.52009	0.51073	0.065166	0.51334	0.50804	0.005306	0.096764
CrCbG<rGaD	0.58	0.51544	0.58358	0.58951	0.55591	0.033592	0.00046179
CrCbG<rGdD	0.55319	0.48612	0.25669	0.5474	0.53565	0.011746	0.063813
CrCbG<rGuD	0.57293	0.47389	0.25563	0.54702	0.54137	0.0056537	0.26491
CrCbGaD	0.58979	0.64253	0.41748	0.64808	0.56589	0.082185	8.0791e-07
CrCbGaDrD	0.50171	0.6043	0.62331	0.57633	0.50452	0.071808	0.0011476
CrCbGbCpD	0.60218	0.49756	0.32503	0.58899	0.57262	0.016371	0.0049801
CrCbGbCtD	0.62882	0.77749	0.69536	0.73604	0.5906	0.14545	1.1671e-06
CrCbGcGaD	0.58784	0.49522	0.37166	0.5625	0.56581	-0.0033118	0.13596
CrCbGcGdD	0.54532	0.44672	0.16901	0.49537	0.52644	-0.031075	0.00021546
CrCbGcGuD	0.56041	0.45678	0.19179	0.51655	0.53243	-0.015882	0.00074125
CrCbGdAlD	0.52636	0.52677	0.65801	0.54211	0.52278	0.019329	0.012394
CrCbGdCpD	0.53471	0.48107	0.028079	0.51153	0.51276	-0.0012384	0.57422
CrCbGdCtD	0.61743	0.50592	0.18252	0.60319	0.56718	0.036014	0.0014154
CrCbGdD	0.53353	0.45882	0.091126	0.50003	0.51734	-0.017312	0.015491
CrCbGdDrD	0.47838	0.50048	0.29272	0.48436	0.48925	-0.0048949	0.53707
CrCbGeAlD	0.53179	0.55679	0.78596	0.57181	0.52885	0.042957	0.0003281
CrCbGiGaD	0.58073	0.61729	0.66172	0.62747	0.56371	0.063767	2.9919e-05
CrCbGiGdD	0.56003	0.51433	0.29113	0.54556	0.53929	0.0062731	0.0022075
CrCbGiGuD	0.57305	0.49742	0.28344	0.54362	0.54661	-0.0029983	0.51958
CrCbGr>GaD	0.59136	0.54306	0.63682	0.60614	0.57147	0.034665	0.00013228
CrCbGr>GdD	0.56066	0.49743	0.29563	0.55081	0.54037	0.010443	0.0012598
CrCbGr>GuD	0.57299	0.50642	0.2906	0.54821	0.54651	0.0017031	0.68556
CrCbGuAlD	0.52954	0.55178	0.65192	0.56179	0.52149	0.040301	0.00084637
CrCbGuCpD	0.55118	0.48176	0.039735	0.52051	0.5129	0.0076026	0.010457
CrCbGuCtD	0.61912	0.49395	0.27258	0.59364	0.57697	0.016674	0.0027178
CrCbGuD	0.52785	0.48484	0.090331	0.51144	0.51563	-0.0041819	0.40216
CrCbGuDrD	0.4913	0.51142	0.27788	0.50002	0.49673	0.003286	0.68441
CrCcSEcCpD	0.5987	0.51282	0.3857	0.59232	0.56942	0.022897	0.0031905
CrCcSEcCtD	0.63042	0.63762	0.77642	0.67406	0.5847	0.089361	3.291e-05
CrCdG<rGaD	0.57872	0.54884	0.70199	0.59112	0.55313	0.037987	0.0011104
CrCdG<rGdD	0.56416	0.528	0.31364	0.565	0.5446	0.020394	0.0030268
CrCdG<rGuD	0.58142	0.52138	0.31974	0.57257	0.55348	0.019095	0.038379
CrCdGaD	0.57148	0.58304	0.32636	0.60765	0.55484	0.052807	9.9661e-05
CrCdGaDrD	0.50973	0.58778	0.48079	0.56131	0.51263	0.048679	0.0021862
CrCdGbCpD	0.5604	0.4768	0.02543	0.52062	0.51615	0.004468	0.37278
CrCdGbCtD	0.60808	0.56677	0.23762	0.61725	0.54815	0.069094	9.0734e-05
CrCdGcGaD	0.57541	0.55095	0.40583	0.59262	0.54989	0.042729	0.0011424
CrCdGcGdD	0.55689	0.50527	0.20795	0.53912	0.52981	0.0093111	0.013526
CrCdGcGuD	0.56823	0.51574	0.21404	0.54873	0.53106	0.017668	0.0057031
CrCdGdAlD	0.52386	0.53	0.57642	0.54507	0.51683	0.028239	0.022684
CrCdGdCpD	0.5898	0.51653	0.21854	0.56939	0.54388	0.025514	0.0062819
CrCdGdCtD	0.61729	0.57837	0.61483	0.62789	0.57433	0.05356	0.00065069
CrCdGdD	0.53923	0.53458	0.14411	0.53536	0.51982	0.015545	0.0016092
CrCdGdDrD	0.48749	0.56797	0.31974	0.52859	0.49709	0.031507	0.0088422
CrCdGeAlD	0.52854	0.55083	0.69748	0.56786	0.52152	0.04634	0.0006507
CrCdGiGaD	0.57504	0.56516	0.63894	0.59638	0.55018	0.046196	0.00145
CrCdGiGdD	0.56253	0.52526	0.28556	0.55416	0.53865	0.015513	0.029669
CrCdGiGuD	0.5763	0.53024	0.28212	0.5629	0.5466	0.016305	0.018459
CrCdGr>GaD	0.57755	0.53686	0.65272	0.5903	0.55317	0.037136	0.00090996
CrCdGr>GdD	0.56281	0.51313	0.29298	0.55641	0.54374	0.012674	0.0063554
CrCdGr>GuD	0.58185	0.51243	0.2906	0.56243	0.54724	0.015189	0.026311
CrCdGuAlD	0.52478	0.54178	0.57325	0.55411	0.51576	0.038349	0.0086751
CrCdGuCpD	0.56494	0.46376	0.1102	0.52427	0.52202	0.0022439	0.58594
CrCdGuCtD	0.62193	0.50572	0.42623	0.59158	0.57413	0.017455	0.039373
CrCdGuD	0.53872	0.54072	0.15815	0.54741	0.52288	0.02453	0.00092086
CrCdGuDrD	0.49416	0.54326	0.36821	0.51486	0.49881	0.016052	0.18062
CrCiPCiCpD	0.54599	0.46009	0.023046	0.50389	0.51248	-0.0085879	0.0582
CrCiPCiCtD	0.62051	0.71317	0.14013	0.72383	0.55792	0.16591	9.4722e-08
CrCpD	0.5284	0.48158	0.013245	0.50747	0.50449	0.0029729	0.21155
CrCpDaGaD	0.57474	0.47524	0.31126	0.51236	0.54261	-0.030244	0.0044855
CrCpDaGdD	0.55346	0.47804	0.11762	0.51237	0.53235	-0.019989	0.0078178
CrCpDaGuD	0.56885	0.46315	0.11576	0.5222	0.53817	-0.015965	0.014805
CrCpDdGaD	0.57572	0.48864	0.20026	0.52735	0.54681	-0.019464	0.01906
CrCpDdGdD	0.55457	0.49165	0.091656	0.52393	0.53496	-0.011029	0.008448
CrCpDdGuD	0.56071	0.47617	0.088212	0.51614	0.53304	-0.016904	0.033801
CrCpDlAlD	0.53628	0.50818	0.2951	0.51537	0.52443	-0.009059	0.067112
CrCpDpCpD	0.58309	0.45769	0.054305	0.52371	0.53178	-0.0080638	0.18734
CrCpDpCtD	0.62511	0.53247	0.09245	0.58719	0.55649	0.030702	0.0072567
CrCpDpSpD	0.53297	0.5053	0.30305	0.51	0.52479	-0.014793	0.02742
CrCpDrD	0.51392	0.51265	0.050861	0.51609	0.50844	0.0076517	0.023887
CrCpDrDrD	0.50571	0.54125	0.12874	0.52952	0.51068	0.018839	0.0041506
CrCpDtCpD	0.52963	0.47856	0.024106	0.50211	0.50757	-0.0054661	0.012927
CrCpDtCtD	0.60289	0.44719	0.13139	0.54101	0.55316	-0.01215	0.046232
CrCpDuGaD	0.57412	0.48601	0.19709	0.52867	0.54334	-0.014665	0.010276
CrCpDuGdD	0.55498	0.4767	0.088477	0.51471	0.52871	-0.014002	0.0038621
CrCpDuGuD	0.56757	0.48533	0.095099	0.52806	0.53748	-0.0094196	0.04288
CrCrCbGaD	0.59383	0.63963	0.51709	0.62044	0.58001	0.040433	4.7394e-05
CrCrCbGdD	0.55902	0.43504	0.14146	0.49239	0.53788	-0.045491	0.0014347
CrCrCbGuD	0.55417	0.4637	0.14887	0.51328	0.53439	-0.021105	0.0029268
CrCrCdGaD	0.59633	0.55393	0.44291	0.60006	0.58065	0.019404	0.00078702
CrCrCdGdD	0.56219	0.49299	0.19656	0.52205	0.54296	-0.020917	0.0028354
CrCrCdGuD	0.57285	0.50336	0.21298	0.53912	0.5485	-0.0093851	0.03259
CrCrCpD	0.58103	0.43873	0.037881	0.5145	0.53354	-0.019047	0.003337
CrCrCpDrD	0.52165	0.49585	0.12556	0.50947	0.51405	-0.0045814	0.70506
CrCrCrCpD	0.60028	0.43619	0.07947	0.52223	0.56746	-0.045226	0.00018855
CrCrCrCtD	0.63517	0.75758	0.18993	0.72857	0.60024	0.12833	1.612e-05
CrCrCtD	0.63298	0.77674	0.15311	0.75498	0.58462	0.17036	1.0652e-05
CrCrCtDrD	0.49464	0.70194	0.20477	0.64553	0.50658	0.13895	5.4318e-05
CrCrCuGaD	0.59825	0.54635	0.48053	0.60315	0.57901	0.024138	9.8747e-05
CrCrCuGdD	0.56537	0.48839	0.19444	0.52402	0.54431	-0.020291	0.00047095
CrCrCuGuD	0.58006	0.49457	0.20185	0.53574	0.55475	-0.019016	0.011368
CrCtD	0.57421	0.75914	0.12397	0.7485	0.52061	0.22788	1.2148e-07
CrCtDaGaD	0.56397	0.6038	0.6302	0.6048	0.53742	0.067377	6.3925e-05
CrCtDaGdD	0.55303	0.49023	0.25033	0.52905	0.5299	-0.0008448	0.75722
CrCtDaGuD	0.56317	0.48709	0.2445	0.52986	0.53448	-0.0046148	0.15651
CrCtDdGaD	0.56713	0.55805	0.32212	0.58817	0.5327	0.055471	4.6249e-05
CrCtDdGdD	0.54858	0.56978	0.17695	0.57147	0.52653	0.044943	0.0001642
CrCtDdGuD	0.55632	0.51276	0.15815	0.53932	0.52935	0.0099667	0.0048927
CrCtDlAlD	0.51938	0.59702	0.58225	0.58179	0.5195	0.062291	1.5039e-05
CrCtDpCpD	0.5544	0.54623	0.082914	0.5619	0.52021	0.041681	0.0003628
CrCtDpCtD	0.58938	0.5364	0.086093	0.57458	0.52869	0.045892	0.00022813
CrCtDpSpD	0.51004	0.61187	0.58702	0.58977	0.51388	0.075887	9.0812e-06
CrCtDrD	0.49449	0.67877	0.14305	0.64235	0.50282	0.13953	2.6615e-07
CrCtDrDrD	0.49687	0.67391	0.28503	0.63067	0.50244	0.12823	1.2785e-06
CrCtDtCpD	0.54546	0.52016	0.059073	0.54115	0.51502	0.026128	0.00078174
CrCtDtCtD	0.60971	0.6925	0.27391	0.69962	0.55621	0.14341	4.0221e-07
CrCtDuGaD	0.56886	0.5594	0.35629	0.57747	0.53234	0.045123	8.5155e-05
CrCtDuGdD	0.55223	0.52155	0.16318	0.54202	0.52587	0.016147	0.0014109
CrCtDuGuD	0.56864	0.51352	0.16768	0.54589	0.53207	0.013829	0.0017248
CrCuG<rGaD	0.57957	0.55462	0.69166	0.59133	0.55244	0.038896	0.0014292
CrCuG<rGdD	0.56225	0.5204	0.30834	0.56345	0.54405	0.0194	0.0077701
CrCuG<rGuD	0.58249	0.50764	0.31364	0.56933	0.55308	0.016253	0.072421
CrCuGaD	0.57824	0.56253	0.34623	0.60582	0.55074	0.055085	0.00014671
CrCuGaDrD	0.50395	0.56279	0.52265	0.54448	0.50522	0.039266	0.0014239
CrCuGbCpD	0.56728	0.48077	0.082119	0.52811	0.52475	0.0033622	0.3174
CrCuGbCtD	0.61777	0.54206	0.25748	0.60299	0.55563	0.047359	0.000853
CrCuGcGaD	0.5775	0.55207	0.39364	0.6024	0.55699	0.045414	0.0007582
CrCuGcGdD	0.55214	0.52242	0.19444	0.54103	0.52482	0.016217	0.0007941
CrCuGcGuD	0.55947	0.50967	0.18861	0.53601	0.52876	0.0072474	0.011651
CrCuGdAlD	0.52628	0.52308	0.57086	0.54064	0.51831	0.022331	0.046652
CrCuGdCpD	0.57099	0.48481	0.11656	0.54473	0.529	0.015724	0.0046232
CrCuGdCtD	0.61737	0.49848	0.43417	0.58319	0.57126	0.011938	0.071659
CrCuGdD	0.54632	0.5131	0.13351	0.53192	0.51742	0.014496	0.018581
CrCuGdDrD	0.50294	0.55111	0.32848	0.52688	0.50413	0.02275	0.036536
CrCuGeAlD	0.52987	0.53568	0.68927	0.55632	0.52273	0.033594	0.0017766
CrCuGiGaD	0.57313	0.56711	0.61457	0.59871	0.55071	0.047996	0.0017143
CrCuGiGdD	0.56167	0.51274	0.26993	0.54542	0.53926	0.006156	0.20386
CrCuGiGuD	0.57365	0.51866	0.27364	0.55495	0.54269	0.012256	0.041606
CrCuGr>GaD	0.58021	0.52798	0.62967	0.58291	0.55536	0.027554	0.0020703
CrCuGr>GdD	0.56494	0.5198	0.29245	0.55226	0.541	0.011262	0.042911
CrCuGr>GuD	0.5809	0.52463	0.29563	0.56778	0.55056	0.01722	0.017018
CrCuGuAlD	0.52775	0.52545	0.5653	0.54489	0.51637	0.028525	0.020763
CrCuGuCpD	0.58608	0.51324	0.19762	0.57133	0.53466	0.036675	0.0054381
CrCuGuCtD	0.61677	0.57398	0.57748	0.62231	0.57241	0.049899	0.0020508
CrCuGuD	0.5488	0.52448	0.14225	0.54104	0.52416	0.016876	0.0044644
CrCuGuDrD	0.49885	0.54851	0.32874	0.5185	0.50108	0.017415	0.056094
CtDaG<rGaD	0.76998	0.29819	0.90517	0.488	0.47638	0.011626	0.015345
CtDaG<rGdD	0.59458	0.34873	0.39603	0.49166	0.48304	0.0086265	0.014027
CtDaG<rGuD	0.61047	0.32567	0.40318	0.48982	0.49047	-0.00064983	0.82906
CtDaGaD	0.77054	0.55541	0.8604	0.60941	0.48243	0.12697	5.6435e-08
CtDaGaDrD	0.60279	0.47123	0.88132	0.50569	0.41325	0.092444	0.0024226
CtDaGbCpD	0.63115	0.36294	0.34384	0.51986	0.5137	0.0061687	0.092071
CtDaGbCtD	0.82353	0.3337	0.77457	0.5436	0.50195	0.041655	0.00045608
CtDaGcGaD	0.76342	0.28726	0.78543	0.49255	0.49422	-0.0016757	0.55401
CtDaGcGdD	0.59812	0.33051	0.37245	0.49439	0.49194	0.0024439	0.050478
CtDaGcGuD	0.60025	0.33098	0.38013	0.48966	0.49535	-0.0056858	0.031883
CtDaGdAlD	0.66768	0.30382	0.78596	0.4074	0.43003	-0.022623	0.029217
CtDaGdCpD	0.60645	0.42671	0.22596	0.53327	0.51552	0.017752	0.0025685
CtDaGdCtD	0.82344	0.33581	0.7155	0.54538	0.50769	0.037687	0.00038004
CtDaGdD	0.59126	0.37337	0.32159	0.50027	0.4982	0.0020677	0.52053
CtDaGdDrD	0.58552	0.35845	0.63894	0.44057	0.43261	0.0079608	0.58534
CtDaGeAlD	0.69411	0.29085	0.91788	0.46225	0.44282	0.019433	0.025453
CtDaGiGaD	0.76701	0.43783	0.92689	0.53076	0.47622	0.054545	8.197e-05
CtDaGiGdD	0.5946	0.34255	0.41563	0.48584	0.48426	0.0015781	0.3519
CtDaGiGuD	0.60711	0.34122	0.41298	0.48746	0.49155	-0.0040892	0.10699
CtDaGr>GaD	0.7752	0.2917	0.89987	0.48825	0.47815	0.010096	0.035936
CtDaGr>GdD	0.59466	0.34424	0.4	0.49174	0.48416	0.007576	0.021602
CtDaGr>GuD	0.61052	0.34703	0.41086	0.49355	0.49237	0.0011862	0.48075
CtDaGuAlD	0.66943	0.34985	0.7857	0.44258	0.43084	0.011733	0.15622
CtDaGuCpD	0.60164	0.42726	0.23709	0.5265	0.50855	0.017951	0.011306
CtDaGuCtD	0.82062	0.30498	0.73351	0.52276	0.50565	0.017115	0.0050021
CtDaGuD	0.59685	0.37999	0.32344	0.492	0.49939	-0.0073857	0.040308
CtDaGuDrD	0.58303	0.40257	0.65192	0.46217	0.4294	0.032764	0.099208
CtDdG<rGaD	0.74578	0.40553	0.6	0.53882	0.50781	0.031017	0.00022351
CtDdG<rGdD	0.60059	0.43825	0.26252	0.51323	0.51283	0.00039643	0.86583
CtDdG<rGuD	0.6126	0.42526	0.26331	0.51892	0.5192	-0.00027586	0.93409
CtDdGaD	0.74137	0.39962	0.35815	0.57089	0.54709	0.023798	0.0016808
CtDdGaDrD	0.63341	0.39214	0.49642	0.50331	0.48766	0.015648	0.041404
CtDdGbCpD	0.6219	0.44314	0.11179	0.56384	0.53718	0.026664	3.0409e-05
CtDdGbCtD	0.7825	0.37244	0.28768	0.60148	0.56374	0.03774	1.5418e-05
CtDdGcGaD	0.74633	0.37397	0.52238	0.54326	0.52705	0.016211	2.6407e-05
CtDdGcGdD	0.59568	0.41635	0.24954	0.51517	0.51673	-0.0015557	0.64433
CtDdGcGuD	0.60791	0.43591	0.24848	0.53426	0.52025	0.01401	0.0022206
CtDdGdAlD	0.67052	0.38639	0.58066	0.47789	0.48032	-0.0024345	0.59575
CtDdGdCpD	0.60194	0.45944	0.10305	0.54404	0.52585	0.018187	0.00258
CtDdGdCtD	0.78881	0.39496	0.39629	0.58333	0.54302	0.04031	0.00075983
CtDdGdD	0.5848	0.51858	0.20053	0.56156	0.51979	0.041768	0.00013593
CtDdGdDrD	0.61831	0.45505	0.42358	0.51536	0.47835	0.037008	0.01112
CtDdGeAlD	0.68824	0.3766	0.68397	0.48843	0.48379	0.0046405	0.21915
CtDdGiGaD	0.74649	0.38668	0.62358	0.52452	0.50923	0.01529	0.0088136
CtDdGiGdD	0.6017	0.43431	0.27126	0.514	0.51488	-0.00087899	0.6678
CtDdGiGuD	0.60839	0.41168	0.2755	0.51214	0.51983	-0.0076966	0.011143
CtDdGr>GaD	0.74819	0.36928	0.62013	0.52366	0.51017	0.013497	0.003919
CtDdGr>GdD	0.59834	0.42548	0.27364	0.50707	0.51249	-0.0054141	0.036412
CtDdGr>GuD	0.60906	0.42324	0.27947	0.51416	0.51869	-0.0045319	0.091257
CtDdGuAlD	0.67061	0.38217	0.57669	0.47804	0.4814	-0.0033574	0.54342
CtDdGuCpD	0.59119	0.43929	0.10649	0.53794	0.52508	0.012855	0.016794
CtDdGuCtD	0.79122	0.41602	0.38278	0.58833	0.53998	0.048357	0.00044129
CtDdGuD	0.58747	0.42761	0.17616	0.52566	0.52062	0.0050341	0.11218
CtDdGuDrD	0.6149	0.43643	0.3947	0.51292	0.48474	0.02818	0.044251
CtDlAdGaD	0.76269	0.20285	0.85775	0.44509	0.48061	-0.035515	0.0032456
CtDlAdGdD	0.59494	0.30952	0.3947	0.48737	0.48881	-0.0014439	0.63126
CtDlAdGuD	0.61108	0.26842	0.39947	0.48798	0.49802	-0.010041	0.030933
CtDlAeGaD	0.76958	0.27416	0.93086	0.49978	0.48011	0.019662	0.0038358
CtDlAeGdD	0.5952	0.29873	0.43815	0.48073	0.48328	-0.0025429	0.14525
CtDlAeGuD	0.61123	0.2853	0.4355	0.48485	0.49356	-0.0087144	0.0068087
CtDlAlD	0.69518	0.54938	0.76185	0.58945	0.46535	0.12411	1.0392e-06
CtDlAlDrD	0.60277	0.50146	0.86967	0.52076	0.4211	0.099658	0.00013323
CtDlAuGaD	0.76459	0.25914	0.85828	0.48456	0.48115	0.0034133	0.55548
CtDlAuGdD	0.59499	0.30836	0.39656	0.48908	0.48817	0.00090568	0.75536
CtDlAuGuD	0.61175	0.28619	0.39338	0.48883	0.49815	-0.0093226	0.036656
CtDpCbGaD	0.7375	0.35987	0.43258	0.54635	0.52767	0.018678	0.04407
CtDpCbGdD	0.57631	0.44914	0.11709	0.52358	0.51606	0.0075201	0.059524
CtDpCbGuD	0.5677	0.42069	0.090066	0.50799	0.51378	-0.0057854	0.17439
CtDpCdGaD	0.70162	0.45068	0.32768	0.56489	0.55277	0.012117	0.044679
CtDpCdGdD	0.57725	0.46754	0.12742	0.53456	0.52315	0.01141	0.021213
CtDpCdGuD	0.58332	0.45995	0.14437	0.53588	0.52423	0.011646	0.0027237
CtDpCpD	0.60551	0.53343	0.071523	0.57471	0.52738	0.047334	7.9449e-05
CtDpCpDrD	0.60656	0.53845	0.17325	0.58549	0.51439	0.071099	0.0015464
CtDpCrCpD	0.62753	0.5236	0.073113	0.58264	0.53622	0.046422	0.00013627
CtDpCrCtD	0.76921	0.3379	0.12874	0.56361	0.57069	-0.0070785	0.19084
CtDpCtD	0.68516	0.41678	0.069934	0.5473	0.54391	0.0033892	0.50792
CtDpCtDrD	0.59048	0.49974	0.12715	0.54739	0.51944	0.027951	0.0011985
CtDpCuGaD	0.72064	0.39947	0.30305	0.56309	0.54521	0.017879	0.036704
CtDpCuGdD	0.58299	0.44414	0.12715	0.51772	0.52326	-0.0055317	0.008224
CtDpCuGuD	0.58402	0.42911	0.12848	0.51899	0.52624	-0.0072495	0.03174
CtDpSpD	0.67736	0.57083	0.7645	0.59911	0.46052	0.13858	8.2905e-07
CtDpSpDrD	0.59904	0.51467	0.86384	0.52012	0.42123	0.098888	0.00014625
CtDrD	0.60893	0.69165	0.14649	0.69057	0.51886	0.17171	1.6259e-06
CtDrDaGaD	0.76545	0.50304	0.86596	0.5632	0.48017	0.083027	1.3272e-05
CtDrDaGdD	0.59391	0.38044	0.33881	0.48936	0.49724	-0.0078811	0.0064049
CtDrDaGuD	0.60323	0.39428	0.33748	0.50359	0.50161	0.001982	0.065429
CtDrDdGaD	0.75386	0.44261	0.4543	0.59155	0.52555	0.065994	5.9263e-05
CtDrDdGdD	0.59918	0.49242	0.23682	0.54501	0.51365	0.031359	0.00035658
CtDrDdGuD	0.60857	0.43728	0.21854	0.54061	0.51915	0.021463	0.00022165
CtDrDlAlD	0.69732	0.50751	0.86252	0.54768	0.45396	0.093723	1.6566e-05
CtDrDpCpD	0.63411	0.51876	0.091126	0.58447	0.53493	0.049536	0.00016537
CtDrDpCtD	0.74906	0.39551	0.12636	0.57419	0.56332	0.010869	0.038754
CtDrDpSpD	0.68384	0.52167	0.86861	0.54614	0.45129	0.094857	2.0287e-06
CtDrDrD	0.61311	0.70907	0.29245	0.68569	0.49932	0.18637	7.9753e-07
CtDrDrDrD	0.61067	0.66356	0.50887	0.61858	0.44238	0.1762	2.9894e-06
CtDrDtCpD	0.57396	0.51049	0.062517	0.54652	0.51642	0.030101	0.0061633
CtDrDtCtD	0.80233	0.57523	0.35311	0.68499	0.53697	0.14802	2.2788e-07
CtDrDuGaD	0.75506	0.44607	0.5396	0.57754	0.52266	0.054887	0.00024158
CtDrDuGdD	0.59599	0.46454	0.22543	0.53715	0.51584	0.021309	1.3807e-05
CtDrDuGuD	0.6125	0.45358	0.25113	0.5319	0.52095	0.010949	0.0026973
CtDtCbGaD	0.76068	0.39008	0.71841	0.53979	0.48239	0.057402	0.00015765
CtDtCbGdD	0.58683	0.40311	0.25377	0.5172	0.50224	0.014963	0.017713
CtDtCbGuD	0.58446	0.41749	0.25139	0.51344	0.49628	0.017157	8.4114e-05
CtDtCdGaD	0.76588	0.39475	0.67205	0.5539	0.48312	0.070784	2.4431e-05
CtDtCdGdD	0.58759	0.41991	0.29748	0.51949	0.48841	0.031078	0.00016404
CtDtCdGuD	0.60047	0.4201	0.31762	0.5029	0.49196	0.010939	0.0032159
CtDtCpD	0.57212	0.48545	0.052715	0.53486	0.51658	0.018275	0.0020295
CtDtCpDrD	0.60644	0.45874	0.21404	0.54615	0.50156	0.04459	0.0075455
CtDtCrCpD	0.62399	0.43703	0.12371	0.54713	0.52719	0.019937	0.032229
CtDtCrCtD	0.80814	0.62898	0.36106	0.71266	0.5408	0.17186	2.5345e-06
CtDtCtD	0.80296	0.65659	0.30146	0.74523	0.53607	0.20916	1.949e-06
CtDtCtDrD	0.59105	0.68196	0.3947	0.65243	0.42515	0.22728	5.0569e-06
CtDtCuGaD	0.76508	0.39062	0.68132	0.55121	0.48224	0.068963	9.0819e-05
CtDtCuGdD	0.59134	0.45742	0.29987	0.51632	0.48895	0.027372	0.00022008
CtDtCuGuD	0.60653	0.44063	0.30252	0.5087	0.49431	0.014392	0.0039407
CtDuG<rGaD	0.74734	0.39285	0.66252	0.51391	0.50712	0.0067896	0.016963
CtDuG<rGdD	0.59992	0.4398	0.28159	0.50864	0.51075	-0.0021118	0.47139
CtDuG<rGuD	0.61163	0.42035	0.28477	0.50819	0.51734	-0.0091583	0.071041
CtDuGaD	0.74052	0.4203	0.40371	0.56821	0.54058	0.027629	0.0016174
CtDuGaDrD	0.63658	0.41185	0.53377	0.50836	0.48537	0.022993	0.027217
CtDuGbCpD	0.62776	0.38984	0.085298	0.52104	0.53754	-0.016506	0.0039732
CtDuGbCtD	0.77028	0.39988	0.32318	0.58434	0.56378	0.020557	2.1835e-05
CtDuGcGaD	0.74167	0.36308	0.5147	0.53386	0.52509	0.0087689	0.0076173
CtDuGcGdD	0.60041	0.42248	0.25219	0.52732	0.51506	0.012263	0.016934
CtDuGcGuD	0.60623	0.41292	0.25192	0.51353	0.51896	-0.0054245	0.034394
CtDuGdAlD	0.67042	0.36275	0.63868	0.45587	0.47469	-0.018821	0.010465
CtDuGdCpD	0.61445	0.42728	0.12477	0.52576	0.53301	-0.0072527	0.12888
CtDuGdCtD	0.79065	0.39781	0.45642	0.55843	0.53799	0.020447	0.0029885
CtDuGdD	0.58645	0.4194	0.18146	0.52488	0.51788	0.0070021	0.053308
CtDuGdDrD	0.61543	0.41189	0.43311	0.49525	0.48433	0.010919	0.27921
CtDuGeAlD	0.68751	0.37453	0.75073	0.47143	0.47674	-0.0053101	0.20215
CtDuGiGaD	0.74754	0.39398	0.6657	0.51513	0.50573	0.0094083	0.027172
CtDuGiGdD	0.59906	0.4186	0.29669	0.50956	0.51134	-0.0017799	0.35795
CtDuGiGuD	0.6092	0.41993	0.29007	0.50611	0.52123	-0.015119	0.0072332
CtDuGr>GaD	0.74852	0.35793	0.64689	0.51263	0.50672	0.0059116	0.08525
CtDuGr>GdD	0.59745	0.41735	0.28106	0.50875	0.51204	-0.003294	0.19495
CtDuGr>GuD	0.61387	0.41795	0.28848	0.51119	0.51666	-0.0054651	0.14501
CtDuGuAlD	0.67119	0.37398	0.62199	0.46005	0.47425	-0.014197	0.052373
CtDuGuCpD	0.59242	0.43743	0.10278	0.52698	0.52355	0.0034344	0.39617
CtDuGuCtD	0.78917	0.3996	0.42225	0.5642	0.54222	0.021983	0.0032622
CtDuGuD	0.595	0.45234	0.19735	0.53313	0.52256	0.010569	0.041954
CtDuGuDrD	0.61576	0.44593	0.43205	0.50886	0.47882	0.030036	0.03992
CuG<rG<rGaD	0.62594	0.55493	0.66384	0.62385	0.61446	0.0093873	0.0024805
CuG<rG<rGdD	0.59294	0.50366	0.30384	0.59132	0.572	0.01932	0.0004668
CuG<rG<rGuD	0.60345	0.4952	0.31311	0.59431	0.58059	0.01372	0.045607
CuG<rGaD	0.62472	0.56081	0.62702	0.62923	0.61291	0.016314	0.00046045
CuG<rGaDrD	0.59154	0.47666	0.63841	0.58206	0.57487	0.0071853	0.34249
CuG<rGbCpD	0.60273	0.46491	0.25775	0.59664	0.58457	0.012071	0.021024
CuG<rGbCtD	0.65023	0.49755	0.57881	0.61774	0.62483	-0.0070977	0.011946
CuG<rGcGaD	0.62633	0.49258	0.64901	0.62017	0.61477	0.0054079	0.036148
CuG<rGcGdD	0.59246	0.49403	0.30146	0.58684	0.57137	0.015476	0.0037043
CuG<rGcGuD	0.60418	0.50745	0.31073	0.59117	0.58095	0.01022	0.0033734
CuG<rGdAlD	0.59877	0.51365	0.56715	0.5796	0.58155	-0.0019437	0.70092
CuG<rGdCpD	0.60325	0.52309	0.25828	0.58319	0.57206	0.011126	0.15551
CuG<rGdCtD	0.64887	0.469	0.62384	0.62133	0.62544	-0.0041151	0.29497
CuG<rGdD	0.58988	0.50379	0.28715	0.58065	0.56554	0.015115	0.0037264
CuG<rGdDrD	0.59097	0.47107	0.48609	0.55354	0.54228	0.011256	0.39653
CuG<rGeAlD	0.60295	0.51697	0.65722	0.59797	0.59078	0.0071903	0.03541
CuG<rGiGaD	0.62541	0.575	0.66517	0.6236	0.61401	0.0095958	0.0015383
CuG<rGiGdD	0.59354	0.50096	0.32238	0.59046	0.57312	0.017341	0.0010176
CuG<rGiGuD	0.60361	0.53011	0.32742	0.60038	0.58625	0.014124	1.1107e-05
CuG<rGr>GaD	0.62717	0.5396	0.66411	0.62138	0.61538	0.0059953	0.0029698
CuG<rGr>GdD	0.59224	0.47665	0.31179	0.58634	0.57303	0.013313	0.00029486
CuG<rGr>GuD	0.60396	0.51974	0.32159	0.59959	0.58753	0.012058	0.0010612
CuG<rGuAlD	0.59915	0.5133	0.56715	0.58062	0.58233	-0.0017118	0.76242
CuG<rGuCpD	0.60244	0.53432	0.2445	0.59289	0.56305	0.029834	0.026455
CuG<rGuCtD	0.64896	0.47782	0.61139	0.62037	0.62708	-0.0067079	0.18776
CuG<rGuD	0.59684	0.50463	0.2853	0.58399	0.57303	0.010962	0.07035
CuG<rGuDrD	0.59046	0.47832	0.48848	0.55617	0.54296	0.013205	0.34587
CuGaD	0.60743	0.52919	0.20768	0.60034	0.57147	0.028871	0.0017961
CuGaDaGaD	0.61904	0.53105	0.59126	0.61135	0.60389	0.0074593	0.0047412
CuGaDaGdD	0.58879	0.54126	0.26861	0.58361	0.56622	0.017395	0.001538
CuGaDaGuD	0.59457	0.5023	0.26808	0.58543	0.57127	0.014162	0.0025352
CuGaDdGaD	0.6211	0.52903	0.52636	0.61216	0.60525	0.0069111	0.025904
CuGaDdGdD	0.58619	0.52783	0.25007	0.57993	0.5668	0.013133	0.011996
CuGaDdGuD	0.59421	0.49054	0.23894	0.57459	0.57117	0.0034202	0.46579
CuGaDlAlD	0.59753	0.4976	0.57219	0.59167	0.58509	0.0065717	0.030631
CuGaDpCpD	0.60072	0.49246	0.16636	0.56795	0.56614	0.0018059	0.61651
CuGaDpCtD	0.65567	0.44583	0.19232	0.56623	0.59885	-0.032616	0.00041105
CuGaDpSpD	0.59467	0.52653	0.56768	0.59167	0.58479	0.006875	0.018363
CuGaDrD	0.58534	0.49053	0.33987	0.57293	0.55274	0.020185	0.0079698
CuGaDrDrD	0.58365	0.50614	0.4498	0.57851	0.56966	0.008844	0.047972
CuGaDtCpD	0.57694	0.50903	0.11444	0.55181	0.54512	0.0066884	0.22708
CuGaDtCtD	0.64007	0.52985	0.42013	0.61478	0.61309	0.0016942	0.53557
CuGaDuGaD	0.62073	0.56564	0.53801	0.61651	0.60365	0.012863	0.00068144
CuGaDuGdD	0.58655	0.4962	0.24371	0.57318	0.56324	0.0099374	0.027804
CuGaDuGuD	0.59715	0.51265	0.25007	0.58097	0.57501	0.0059598	0.1092
CuGbCbGaD	0.60948	0.52104	0.35205	0.58709	0.58633	0.00076424	0.82305
CuGbCbGdD	0.57418	0.5236	0.13563	0.55767	0.54185	0.015825	0.031832
CuGbCbGuD	0.5646	0.52716	0.13775	0.55574	0.54181	0.013938	0.0023904
CuGbCdGaD	0.60595	0.53266	0.28742	0.57665	0.58343	-0.0067733	0.20829
CuGbCdGdD	0.57648	0.47655	0.13166	0.55206	0.54308	0.0089818	0.00027815
CuGbCdGuD	0.56938	0.533	0.14172	0.56234	0.54885	0.013493	0.0096684
CuGbCpD	0.5506	0.49968	0.038146	0.5315	0.52592	0.0055847	0.011655
CuGbCpDrD	0.57327	0.4702	0.096954	0.5367	0.53215	0.0045492	0.36264
CuGbCrCpD	0.57448	0.48393	0.063311	0.54818	0.54397	0.0042115	0.46178
CuGbCrCtD	0.62797	0.50208	0.14702	0.58538	0.5804	0.0049856	0.39592
CuGbCtD	0.6214	0.51741	0.13139	0.5837	0.56751	0.01619	0.0013787
CuGbCtDrD	0.57252	0.5217	0.2053	0.56009	0.54285	0.017234	0.0073864
CuGbCuGaD	0.60671	0.52181	0.30728	0.57558	0.58277	-0.0071872	0.15737
CuGbCuGdD	0.57374	0.5126	0.13722	0.55583	0.54773	0.0080935	0.03361
CuGbCuGuD	0.56963	0.50965	0.13351	0.55149	0.54957	0.0019228	0.42106
CuGcG<rGaD	0.61539	0.55247	0.47894	0.61615	0.60146	0.014692	0.00010106
CuGcG<rGdD	0.58644	0.52015	0.22013	0.57719	0.5629	0.014296	0.0011529
CuGcG<rGuD	0.5883	0.50007	0.2204	0.57281	0.5649	0.0079113	0.11501
CuGcGaD	0.61499	0.51373	0.23258	0.59565	0.58516	0.010493	0.0041922
CuGcGaDrD	0.57491	0.51551	0.36636	0.58424	0.55334	0.030899	0.0092271
CuGcGbCpD	0.5698	0.46093	0.080265	0.52845	0.53995	-0.011493	0.01594
CuGcGbCtD	0.62027	0.48833	0.20344	0.5818	0.58031	0.0014926	0.56208
CuGcGcGaD	0.62089	0.49797	0.52848	0.61092	0.60893	0.0019873	0.43988
CuGcGcGdD	0.58809	0.47256	0.25192	0.5778	0.56718	0.010621	0.0044553
CuGcGcGuD	0.59867	0.47964	0.25377	0.57707	0.5767	0.00037593	0.88594
CuGcGdAlD	0.59422	0.51187	0.51656	0.57974	0.57945	0.00028829	0.95197
CuGcGdCpD	0.56761	0.47483	0.06596	0.52478	0.5342	-0.0094277	0.042864
CuGcGdCtD	0.64229	0.50903	0.28238	0.6101	0.60194	0.0081562	0.038104
CuGcGdD	0.56802	0.5183	0.12662	0.55883	0.53849	0.02034	0.00013041
CuGcGdDrD	0.58974	0.49852	0.28318	0.56419	0.54272	0.02147	0.046627
CuGcGeAlD	0.59791	0.52369	0.62808	0.59671	0.58833	0.0083877	0.019274
CuGcGiGaD	0.6205	0.561	0.53695	0.62136	0.60743	0.013923	0.00012531
CuGcGiGdD	0.58842	0.51855	0.23894	0.57816	0.56419	0.013974	0.0030389
CuGcGiGuD	0.59299	0.50983	0.23947	0.57838	0.57039	0.0079966	0.019152
CuGcGr>GaD	0.62138	0.53735	0.49934	0.61633	0.60421	0.012124	0.0098858
CuGcGr>GdD	0.58773	0.48169	0.23152	0.56733	0.56437	0.0029579	0.31562
CuGcGr>GuD	0.5948	0.51874	0.23735	0.57206	0.56588	0.0061786	0.11269
CuGcGuAlD	0.59443	0.50179	0.50781	0.57773	0.58113	-0.0033982	0.49993
CuGcGuCpD	0.56955	0.48767	0.058543	0.52894	0.52749	0.0014559	0.71617
CuGcGuCtD	0.64673	0.51296	0.28477	0.61552	0.60802	0.0074954	0.17948
CuGcGuD	0.56701	0.49852	0.12185	0.55417	0.54512	0.0090585	0.037377
CuGcGuDrD	0.58705	0.48827	0.27073	0.55755	0.54059	0.016961	0.052488
CuGdAdGaD	0.6254	0.48237	0.65828	0.61843	0.61369	0.0047487	0.03838
CuGdAdGdD	0.59315	0.48622	0.3245	0.59191	0.57469	0.017222	0.0014549
CuGdAdGuD	0.6038	0.46471	0.3298	0.60187	0.59061	0.011258	0.0039184
CuGdAeGaD	0.62512	0.45191	0.65828	0.61898	0.61331	0.005668	0.026002
CuGdAeGdD	0.59329	0.47703	0.32609	0.59243	0.57474	0.017689	0.0012247
CuGdAeGuD	0.60384	0.45785	0.33007	0.60161	0.59081	0.010801	0.0052741
CuGdAlD	0.5967	0.51219	0.49192	0.58046	0.58133	-0.00086992	0.83925
CuGdAlDrD	0.58517	0.4688	0.60238	0.57252	0.57232	0.0002001	0.91738
CuGdAuGaD	0.62526	0.48393	0.65828	0.61865	0.61356	0.0050916	0.032241
CuGdAuGdD	0.59309	0.49145	0.32609	0.59246	0.57467	0.017782	0.0013574
CuGdAuGuD	0.60393	0.45896	0.32874	0.60203	0.59083	0.011197	0.0045378
CuGdCbGaD	0.61919	0.49142	0.48768	0.59984	0.60787	-0.0080252	0.060104
CuGdCbGdD	0.58598	0.51382	0.19576	0.56244	0.55808	0.0043594	0.36515
CuGdCbGuD	0.57994	0.47882	0.19391	0.56203	0.55867	0.0033659	0.34263
CuGdCdGaD	0.62345	0.48953	0.55391	0.6095	0.61048	-0.00097843	0.66395
CuGdCdGdD	0.59222	0.47367	0.25907	0.57729	0.56898	0.0083099	0.035138
CuGdCdGuD	0.59995	0.48943	0.27417	0.58448	0.57864	0.0058322	0.20081
CuGdCpD	0.56124	0.51326	0.067815	0.54259	0.52718	0.015408	0.011756
CuGdCpDrD	0.5912	0.50365	0.17987	0.55162	0.54111	0.010515	0.22378
CuGdCrCpD	0.59732	0.51451	0.13272	0.5766	0.56471	0.011888	0.064834
CuGdCrCtD	0.64771	0.51805	0.31576	0.61342	0.61838	-0.0049593	0.071592
CuGdCtD	0.65092	0.46769	0.28397	0.59968	0.61558	-0.015902	0.0011514
CuGdCtDrD	0.58687	0.47287	0.41086	0.56845	0.56094	0.0075082	0.10863
CuGdCuGaD	0.62311	0.51459	0.57351	0.61582	0.60964	0.0061868	0.060047
CuGdCuGdD	0.59202	0.49148	0.26755	0.57592	0.56928	0.0066384	0.027581
CuGdCuGuD	0.60292	0.49124	0.26464	0.5782	0.57815	5.8406e-05	0.97912
CuGdD	0.56298	0.49532	0.086623	0.54056	0.52914	0.011426	0.0022756
CuGdDaGaD	0.61235	0.54058	0.53695	0.61591	0.60073	0.015173	0.0002238
CuGdDaGdD	0.58484	0.50726	0.22728	0.5737	0.56064	0.013065	0.0039434
CuGdDaGuD	0.58604	0.52077	0.22993	0.57621	0.56383	0.012377	0.0022461
CuGdDdGaD	0.62006	0.52701	0.51709	0.61532	0.60502	0.010298	0.0024682
CuGdDdGdD	0.59023	0.51549	0.2445	0.5775	0.56695	0.010548	0.0049908
CuGdDdGuD	0.59224	0.48829	0.23815	0.5734	0.56917	0.0042298	0.2049
CuGdDlAlD	0.59726	0.53276	0.51868	0.59923	0.58496	0.014273	9.4669e-05
CuGdDpCpD	0.58514	0.51815	0.12106	0.5609	0.54774	0.013153	0.0095061
CuGdDpCtD	0.64369	0.43926	0.14358	0.55494	0.58505	-0.030106	0.0038576
CuGdDpSpD	0.5899	0.56289	0.51179	0.59582	0.58313	0.012685	0.0017945
CuGdDrD	0.58119	0.50795	0.21775	0.56539	0.53978	0.025612	0.024434
CuGdDrDrD	0.57899	0.52428	0.37934	0.58585	0.56401	0.021838	0.0024086
CuGdDtCpD	0.56746	0.50375	0.058808	0.53742	0.53446	0.0029606	0.50091
CuGdDtCtD	0.63717	0.5484	0.31523	0.61321	0.60876	0.0044492	0.088609
CuGdDuGaD	0.61717	0.52719	0.52238	0.61695	0.60439	0.012555	0.0010686
CuGdDuGdD	0.58928	0.50055	0.24026	0.58199	0.56371	0.018272	0.0010224
CuGdDuGuD	0.59595	0.51039	0.2453	0.58424	0.57666	0.0075741	0.050831
CuGeAdGaD	0.62556	0.4711	0.66517	0.6206	0.61479	0.0058036	0.0084403
CuGeAdGdD	0.5931	0.48084	0.32901	0.59316	0.57508	0.018075	0.00060646
CuGeAdGuD	0.60374	0.46159	0.33298	0.60369	0.59125	0.012439	0.0015109
CuGeAeGaD	0.6251	0.47689	0.66517	0.62039	0.61442	0.0059712	0.011512
CuGeAeGdD	0.59314	0.47432	0.32901	0.59326	0.57504	0.018228	0.00058091
CuGeAeGuD	0.60377	0.46193	0.33298	0.60315	0.59143	0.011721	0.0017464
CuGeAlD	0.60126	0.50737	0.64477	0.59545	0.58997	0.005472	0.080076
CuGeAlDrD	0.58453	0.48179	0.64053	0.58259	0.57484	0.0077503	0.012743
CuGeAuGaD	0.62539	0.48938	0.66517	0.61969	0.61473	0.0049626	0.013213
CuGeAuGdD	0.59291	0.49106	0.32901	0.59357	0.57487	0.018695	0.00059001
CuGeAuGuD	0.60386	0.44732	0.33298	0.60333	0.59139	0.011933	0.001683
CuGiG<rGaD	0.62496	0.53216	0.61801	0.61662	0.61102	0.0056044	0.052581
CuGiG<rGdD	0.59259	0.49529	0.27709	0.57909	0.57121	0.0078848	0.010518
CuGiG<rGuD	0.60169	0.47628	0.28424	0.58259	0.57789	0.0047024	0.35933
CuGiGaD	0.62444	0.53644	0.48397	0.61765	0.60823	0.0094162	0.01126
CuGiGaDrD	0.59274	0.49846	0.55974	0.58542	0.5724	0.013021	0.068083
CuGiGbCpD	0.59574	0.50395	0.15285	0.56838	0.56359	0.0047903	0.3497
CuGiGbCtD	0.65095	0.49877	0.35311	0.6034	0.61345	-0.010048	0.056046
CuGiGcGaD	0.62173	0.49567	0.49166	0.61609	0.61368	0.0024107	0.23767
CuGiGcGdD	0.58754	0.47984	0.24238	0.57499	0.5676	0.0073872	0.077224
CuGiGcGuD	0.59474	0.49241	0.24954	0.57813	0.57035	0.0077807	0.062287
CuGiGdAlD	0.59866	0.49106	0.55338	0.57625	0.58129	-0.0050332	0.44798
CuGiGdCpD	0.59033	0.48446	0.14967	0.5525	0.55646	-0.0039646	0.45238
CuGiGdCtD	0.65043	0.47519	0.46967	0.61063	0.62374	-0.013114	0.028046
CuGiGdD	0.58197	0.50592	0.20265	0.56853	0.5583	0.010229	0.048356
CuGiGdDrD	0.58656	0.49232	0.38993	0.56062	0.54069	0.01993	0.14877
CuGiGeAlD	0.6027	0.4929	0.65007	0.59358	0.58962	0.0039564	0.17859
CuGiGiGaD	0.62513	0.51951	0.65483	0.61575	0.61172	0.0040311	0.21106
CuGiGiGdD	0.59335	0.4993	0.32079	0.58828	0.5735	0.014774	0.0021172
CuGiGiGuD	0.60426	0.51205	0.31974	0.59789	0.58753	0.010359	1.6762e-05
CuGiGr>GaD	0.6258	0.51282	0.62225	0.61325	0.61103	0.0022292	0.35913
CuGiGr>GdD	0.59246	0.48582	0.28742	0.57964	0.5708	0.0088364	0.015697
CuGiGr>GuD	0.60361	0.51001	0.29748	0.58424	0.58064	0.003599	0.32085
CuGiGuAlD	0.59769	0.48398	0.55338	0.57499	0.58115	-0.0061557	0.36336
CuGiGuCpD	0.58098	0.5099	0.14649	0.56111	0.54431	0.016805	0.0057997
CuGiGuCtD	0.65055	0.49917	0.46623	0.60779	0.62444	-0.016651	0.0042034
CuGiGuD	0.58285	0.51692	0.21245	0.56698	0.55958	0.0074061	0.093248
CuGiGuDrD	0.58722	0.50582	0.40662	0.55775	0.54377	0.01398	0.31263
CuGpBPpGaD	0.62381	0.48682	0.65987	0.61541	0.61137	0.0040401	0.069804
CuGpBPpGdD	0.59304	0.5016	0.31603	0.59099	0.57456	0.016428	0.0008488
CuGpBPpGuD	0.60352	0.48747	0.31523	0.59449	0.58721	0.0072815	0.02569
CuGpCCpGaD	0.6241	0.47276	0.62649	0.61359	0.6098	0.0037912	0.10925
CuGpCCpGdD	0.5945	0.49817	0.29695	0.58843	0.57196	0.016472	0.0003176
CuGpCCpGuD	0.60044	0.49595	0.28583	0.58294	0.58081	0.0021318	0.22117
CuGpMFpGaD	0.62335	0.50107	0.64159	0.61658	0.61051	0.0060718	0.027109
CuGpMFpGdD	0.59291	0.50582	0.30596	0.58586	0.57274	0.013113	0.0013645
CuGpMFpGuD	0.60085	0.50644	0.30384	0.59085	0.58343	0.007419	0.017255
CuGpPWpGaD	0.62238	0.53777	0.61589	0.61739	0.61022	0.0071674	0.046163
CuGpPWpGdD	0.59167	0.52155	0.28848	0.58896	0.57179	0.01717	0.00093922
CuGpPWpGuD	0.60374	0.49243	0.28583	0.58863	0.58357	0.0050656	0.017091
CuGr>G<rGaD	0.62485	0.53821	0.65483	0.61952	0.61175	0.007766	0.011494
CuGr>G<rGdD	0.59353	0.49228	0.2996	0.59152	0.57134	0.020181	0.00057672
CuGr>G<rGuD	0.60454	0.47419	0.30887	0.59449	0.58071	0.013774	0.047827
CuGr>GaD	0.62511	0.50838	0.52927	0.61595	0.61398	0.0019685	0.39072
CuGr>GaDrD	0.59053	0.45758	0.60053	0.58256	0.57441	0.0081527	0.24516
CuGr>GbCpD	0.60283	0.44639	0.16132	0.57039	0.5715	-0.0011079	0.80783
CuGr>GbCtD	0.65107	0.55273	0.45298	0.63386	0.62406	0.0097992	0.0021568
CuGr>GcGaD	0.62623	0.47411	0.5902	0.61193	0.6127	-0.00077649	0.65763
CuGr>GcGdD	0.59189	0.47642	0.28026	0.58167	0.56987	0.011805	0.0029013
CuGr>GcGuD	0.60452	0.47218	0.28371	0.57967	0.57898	0.00069184	0.8149
CuGr>GdAlD	0.59769	0.50387	0.55974	0.57672	0.58129	-0.0045632	0.3975
CuGr>GdCpD	0.59902	0.51682	0.26093	0.58218	0.57079	0.011389	0.16594
CuGr>GdCtD	0.6482	0.44954	0.62199	0.61701	0.62173	-0.0047225	0.14039
CuGr>GdD	0.58674	0.47691	0.24318	0.56653	0.56192	0.0046138	0.04012
CuGr>GdDrD	0.58881	0.48672	0.45589	0.55118	0.54249	0.0086899	0.47449
CuGr>GeAlD	0.60174	0.50939	0.64874	0.59573	0.58953	0.0061994	0.044115
CuGr>GiGaD	0.62331	0.54439	0.65033	0.61733	0.60941	0.0079174	0.014608
CuGr>GiGdD	0.59358	0.47856	0.30914	0.58866	0.57207	0.016587	0.0010196
CuGr>GiGuD	0.60221	0.52103	0.30887	0.59358	0.58265	0.010935	0.0012728
CuGr>Gr>GaD	0.62598	0.50755	0.6445	0.61711	0.61215	0.0049679	0.062213
CuGr>Gr>GdD	0.5931	0.48	0.30119	0.58643	0.57166	0.014777	0.0011492
CuGr>Gr>GuD	0.6041	0.49658	0.30967	0.59254	0.58399	0.0085461	0.01826
CuGr>GuAlD	0.59797	0.50769	0.55947	0.57892	0.58119	-0.0022682	0.69701
CuGr>GuCpD	0.59737	0.51701	0.24477	0.58528	0.56407	0.021215	0.074153
CuGr>GuCtD	0.64743	0.48184	0.59497	0.62374	0.62319	0.00055138	0.86851
CuGr>GuD	0.58982	0.51969	0.25536	0.57674	0.56808	0.0086597	0.026287
CuGr>GuDrD	0.5913	0.4828	0.45483	0.55762	0.54398	0.013645	0.27163
CuGuAdGaD	0.62557	0.46822	0.6604	0.61945	0.61394	0.0055078	0.025352
CuGuAdGdD	0.59325	0.48332	0.32636	0.59293	0.57492	0.018014	0.00086595
CuGuAdGuD	0.60384	0.46185	0.3306	0.6029	0.59076	0.012138	0.0025919
CuGuAeGaD	0.62522	0.44427	0.6604	0.61918	0.61382	0.0053593	0.033101
CuGuAeGdD	0.5934	0.46137	0.32689	0.5933	0.57472	0.018582	0.00074186
CuGuAeGuD	0.60391	0.45608	0.33086	0.60252	0.59095	0.011565	0.0026372
CuGuAlD	0.59868	0.50401	0.48583	0.58178	0.5815	0.00027796	0.96538
CuGuAlDrD	0.58492	0.48244	0.5955	0.57262	0.57353	-0.00091433	0.58161
CuGuAuGaD	0.62526	0.49252	0.6604	0.61983	0.61394	0.0058936	0.018252
CuGuAuGdD	0.59312	0.5017	0.32609	0.59363	0.57494	0.018685	0.00087401
CuGuAuGuD	0.60398	0.45278	0.3298	0.6031	0.59091	0.012194	0.0023072
CuGuCbGaD	0.62428	0.54765	0.6355	0.62655	0.61256	0.013988	0.002985
CuGuCbGdD	0.58943	0.48048	0.26305	0.55954	0.56666	-0.0071177	0.1179
CuGuCbGuD	0.58957	0.47461	0.26464	0.57303	0.56419	0.0088402	0.053171
CuGuCdGaD	0.6268	0.53148	0.6355	0.62413	0.6162	0.0079311	0.015225
CuGuCdGdD	0.59164	0.44734	0.28954	0.58084	0.57071	0.010124	0.011673
CuGuCdGuD	0.60368	0.50221	0.3102	0.59699	0.58111	0.015874	0.0096572
CuGuCpD	0.57388	0.52271	0.13854	0.56392	0.54332	0.020593	0.0058784
CuGuCpDrD	0.58901	0.46977	0.3404	0.55768	0.54618	0.011493	0.36009
CuGuCrCpD	0.60346	0.502	0.23338	0.58787	0.57816	0.0097099	0.092737
CuGuCrCtD	0.65032	0.68025	0.48954	0.67839	0.62778	0.050606	0.0001612
CuGuCtD	0.65	0.63877	0.44609	0.67182	0.62768	0.044138	0.00030686
CuGuCtDrD	0.58568	0.58418	0.56424	0.60817	0.56213	0.046049	0.00039157
CuGuCuGaD	0.62729	0.57241	0.65033	0.63046	0.61564	0.014818	0.00029036
CuGuCuGdD	0.59284	0.50407	0.30728	0.58753	0.57088	0.016653	0.00020108
CuGuCuGuD	0.60379	0.48392	0.29695	0.58883	0.58271	0.0061278	0.014317
CuGuD	0.55469	0.51528	0.083709	0.54931	0.52862	0.020695	0.0007658
CuGuDaGaD	0.6165	0.4988	0.56821	0.60579	0.60155	0.0042455	0.13165
CuGuDaGdD	0.5844	0.52528	0.2302	0.56631	0.55978	0.0065268	0.10671
CuGuDaGuD	0.58977	0.50885	0.24159	0.57342	0.56525	0.0081637	0.059118
CuGuDdGaD	0.62166	0.50526	0.54331	0.61143	0.60505	0.0063764	0.010473
CuGuDdGdD	0.58905	0.50563	0.26013	0.57531	0.56618	0.0091299	0.014777
CuGuDdGuD	0.59115	0.49229	0.25033	0.57109	0.56898	0.0021094	0.63927
CuGuDlAlD	0.59726	0.5078	0.54225	0.59115	0.58492	0.0062213	0.054343
CuGuDpCpD	0.58619	0.49095	0.11205	0.54845	0.55166	-0.0032168	0.35961
CuGuDpCtD	0.63785	0.45094	0.1396	0.5541	0.58585	-0.031753	0.00024753
CuGuDpSpD	0.59308	0.52152	0.54649	0.58569	0.58234	0.0033578	0.21407
CuGuDrD	0.58071	0.47046	0.21563	0.54405	0.53613	0.0079209	0.34113
CuGuDrDrD	0.58226	0.4632	0.38119	0.56651	0.56465	0.0018634	0.72755
CuGuDtCpD	0.5661	0.49817	0.061987	0.53459	0.53325	0.0013362	0.73663
CuGuDtCtD	0.64113	0.51353	0.31364	0.60294	0.60852	-0.0055813	0.15246
CuGuDuGaD	0.61884	0.55283	0.56079	0.61489	0.60571	0.0091826	0.0179
CuGuDuGdD	0.58579	0.5188	0.25298	0.57582	0.56333	0.012495	0.010924
CuGuDuGuD	0.5969	0.50265	0.25748	0.57805	0.57503	0.0030167	0.19559
