feature	feature_type	nonzero	auroc	auroc_permuted	delta_auroc	pval_auroc	fdr_pval_auroc
prior_prob	prior	1	0.84816	0.80403	0.04413	3.084e-06	0.0001397
CbG	degree	0.98596	0.5499	0.54395	0.0059495	0.00050392	0.0028141
CcSE	degree	0.95311	0.57374	0.56474	0.0090029	4.8838e-05	0.00073739
CdG	degree	0.67205	0.58613	0.57935	0.006775	0.000558	0.0029671
CiPC	degree	0.6898	0.53255	0.52809	0.0044615	0.042521	0.06633
CpD	degree	0.15258	0.52824	0.52586	0.0023825	0.0233	0.041359
CrC	degree	0.8143	0.51387	0.51424	-0.00037319	0.65715	0.71238
CtD	degree	1	0.70807	0.69249	0.015586	6.7705e-06	0.00025092
CuG	degree	0.66517	0.59443	0.58644	0.0079856	0.00031618	0.0021494
DaG	degree	1	0.67242	0.65864	0.013784	2.7191e-05	0.0005196
DdG	degree	0.48397	0.56	0.55706	0.0029441	0.012312	0.024807
DlA	degree	0.98649	0.56178	0.55752	0.0042646	0.045533	0.069871
DpC	degree	0.50146	0.59864	0.59102	0.0076191	0.0015515	0.0054369
DpS	degree	0.98649	0.54371	0.54281	0.00089757	0.32611	0.38647
DrD	degree	0.96424	0.46842	0.47079	-0.0023741	0.095159	0.13032
DtC	degree	1	0.75764	0.73692	0.020716	3.6682e-07	4.0784e-05
DuG	degree	0.49272	0.57886	0.57389	0.0049663	0.00091397	0.0040353
CbG<rG<rGaD	dwpc	0.84662	0.63605	0.56577	0.070275	2.0386e-05	0.00044521
CbG<rG<rGdD	dwpc	0.38146	0.58014	0.54954	0.0306	0.00010263	0.0011411
CbG<rG<rGuD	dwpc	0.38384	0.58155	0.55863	0.02292	0.0044294	0.011193
CbG<rGaD	dwpc	0.47205	0.60329	0.56593	0.037355	0.00062999	0.0031577
CbG<rGaDrD	dwpc	0.63073	0.54814	0.51175	0.036387	0.010564	0.021935
CbG<rGbCpD	dwpc	0.13351	0.56346	0.53233	0.031127	0.00087125	0.003887
CbG<rGbCtD	dwpc	0.38199	0.60579	0.57259	0.0332	0.003098	0.0086292
CbG<rGcGaD	dwpc	0.56742	0.6131	0.56584	0.047255	0.00017342	0.0014936
CbG<rGcGdD	dwpc	0.28185	0.56199	0.53428	0.027712	0.00052455	0.0028839
CbG<rGcGuD	dwpc	0.27364	0.56228	0.54273	0.01955	0.0045808	0.011433
CbG<rGdAlD	dwpc	0.72079	0.5777	0.52512	0.052576	0.0006905	0.0033645
CbG<rGdCpD	dwpc	0.18119	0.56342	0.53846	0.024959	0.0084294	0.018417
CbG<rGdCtD	dwpc	0.60556	0.61676	0.58328	0.033477	0.0013278	0.0050275
CbG<rGdD	dwpc	0.21033	0.55498	0.52538	0.0296	0.0011684	0.0046243
CbG<rGdDrD	dwpc	0.44397	0.53347	0.50207	0.031402	0.046445	0.070738
CbG<rGeAlD	dwpc	0.8755	0.59161	0.53101	0.0606	7.3068e-05	0.00096088
CbG<rGiGaD	dwpc	0.8106	0.62947	0.56435	0.065123	1.9618e-05	0.00043624
CbG<rGiGdD	dwpc	0.37377	0.56644	0.54814	0.018298	2.2692e-05	0.00046253
CbG<rGiGuD	dwpc	0.36795	0.5836	0.55468	0.028912	4.9777e-06	0.0001995
CbG<rGr>GaD	dwpc	0.85113	0.63992	0.56913	0.070783	1.9126e-05	0.00043317
CbG<rGr>GdD	dwpc	0.38252	0.57304	0.55388	0.019153	6.9627e-05	0.00092559
CbG<rGr>GuD	dwpc	0.39815	0.59079	0.56374	0.027046	1.6006e-05	0.00040522
CbG<rGuAlD	dwpc	0.71894	0.57879	0.52665	0.052143	0.00048034	0.0027324
CbG<rGuCpD	dwpc	0.1645	0.5545	0.52951	0.024993	0.0070275	0.015975
CbG<rGuCtD	dwpc	0.58834	0.6419	0.58933	0.052564	8.7963e-05	0.0010597
CbG<rGuD	dwpc	0.21404	0.55144	0.52772	0.023716	0.0002588	0.0019183
CbG<rGuDrD	dwpc	0.45536	0.5356	0.50404	0.031557	0.064112	0.092245
CbGaD	dwpc	0.32238	0.71284	0.56754	0.1453	6.114e-07	5.341e-05
CbGaDaGaD	dwpc	0.97722	0.69353	0.61876	0.074769	1.5334e-05	0.00040522
CbGaDaGdD	dwpc	0.44132	0.57303	0.56063	0.012401	0.00024635	0.0018459
CbGaDaGuD	dwpc	0.44106	0.58338	0.57026	0.013123	6.6263e-05	0.00090923
CbGaDdGaD	dwpc	0.90755	0.65824	0.61488	0.043364	0.00014065	0.0013761
CbGaDdGdD	dwpc	0.4151	0.57593	0.56262	0.013308	0.00027613	0.0019982
CbGaDdGuD	dwpc	0.41086	0.56923	0.56877	0.00045804	0.90625	0.91844
CbGaDlAlD	dwpc	0.95709	0.63947	0.5582	0.081278	2.1469e-05	0.00046036
CbGaDpCpD	dwpc	0.26993	0.57613	0.57298	0.0031491	0.31408	0.37548
CbGaDpCtD	dwpc	0.35232	0.62496	0.6062	0.01876	0.12896	0.16977
CbGaDpSpD	dwpc	0.95974	0.62883	0.54964	0.079194	4.3195e-05	0.00068607
CbGaDrD	dwpc	0.57536	0.63885	0.51132	0.12753	0.00037442	0.0023726
CbGaDrDrD	dwpc	0.8045	0.60011	0.51182	0.088284	0.00010196	0.0011411
CbGaDtCpD	dwpc	0.18993	0.5617	0.54552	0.016178	0.029532	0.050025
CbGaDtCtD	dwpc	0.73695	0.69615	0.62964	0.066515	1.792e-05	0.00042146
CbGaDuGaD	dwpc	0.91338	0.65033	0.61726	0.033073	0.0013359	0.0050426
CbGaDuGdD	dwpc	0.40132	0.56389	0.56194	0.0019568	0.15796	0.20207
CbGaDuGuD	dwpc	0.41536	0.57801	0.57529	0.0027217	0.35687	0.41886
CbGbCbGaD	dwpc	0.90675	0.68847	0.63906	0.049412	0.00011707	0.0012481
CbGbCbGdD	dwpc	0.3706	0.5466	0.56169	-0.015087	0.027491	0.047089
CbGbCbGuD	dwpc	0.38119	0.58122	0.56256	0.018669	0.0019158	0.006215
CbGbCdGaD	dwpc	0.86993	0.65893	0.63597	0.022962	0.0028629	0.0082383
CbGbCdGdD	dwpc	0.38093	0.56023	0.56097	-0.00074125	0.80219	0.83212
CbGbCdGuD	dwpc	0.42834	0.6	0.57393	0.026071	0.00014506	0.0013802
CbGbCpD	dwpc	0.31709	0.59414	0.58236	0.011777	0.015618	0.030032
CbGbCpDrD	dwpc	0.61775	0.54008	0.52101	0.019067	0.38231	0.44361
CbGbCrCpD	dwpc	0.35285	0.60391	0.58158	0.022331	0.027689	0.047229
CbGbCrCtD	dwpc	0.73934	0.83513	0.65895	0.17619	1.4138e-06	8.2338e-05
CbGbCtD	dwpc	0.72132	0.86621	0.64934	0.21687	3.1904e-07	3.9019e-05
CbGbCtDrD	dwpc	0.78967	0.69688	0.50837	0.18852	4.8151e-05	0.00073611
CbGbCuGaD	dwpc	0.90649	0.66897	0.63998	0.028989	0.0029186	0.0083245
CbGbCuGdD	dwpc	0.41483	0.57515	0.56242	0.012726	0.00054294	0.002936
CbGbCuGuD	dwpc	0.40609	0.58759	0.5736	0.013989	0.0019476	0.0062847
CbGcG<rGaD	dwpc	0.72159	0.59514	0.59578	-0.0006464	0.84728	0.86858
CbGcG<rGdD	dwpc	0.32053	0.53265	0.54466	-0.012007	0.046721	0.070805
CbGcG<rGuD	dwpc	0.32636	0.54128	0.55666	-0.015375	0.035372	0.057484
CbGcGaD	dwpc	0.23868	0.55512	0.55263	0.0024881	0.57674	0.63718
CbGcGaDrD	dwpc	0.48795	0.49679	0.50885	-0.012056	0.078825	0.1099
CbGcGbCpD	dwpc	0.026225	0.50765	0.51196	-0.0043138	0.42238	0.48368
CbGcGbCtD	dwpc	0.15841	0.54576	0.55316	-0.0073984	0.31974	0.38088
CbGcGcGaD	dwpc	0.67762	0.5859	0.60611	-0.020205	0.0022125	0.0067988
CbGcGcGdD	dwpc	0.33536	0.54903	0.55766	-0.0086294	0.0061095	0.014314
CbGcGcGuD	dwpc	0.33616	0.53561	0.56817	-0.03256	0.0020046	0.0064011
CbGcGdAlD	dwpc	0.7653	0.5612	0.54315	0.018044	0.055077	0.081058
CbGcGdCpD	dwpc	0.048212	0.51615	0.51072	0.0054323	0.015438	0.029827
CbGcGdCtD	dwpc	0.27629	0.54602	0.59613	-0.050104	0.0013678	0.0050692
CbGcGdD	dwpc	0.1102	0.50155	0.51741	-0.015856	0.0041925	0.010682
CbGcGdDrD	dwpc	0.33801	0.48373	0.50363	-0.019897	0.070453	0.10031
CbGcGeAlD	dwpc	0.92821	0.5654	0.55411	0.011283	0.050993	0.076147
CbGcGiGaD	dwpc	0.77987	0.61239	0.58947	0.022915	0.0041103	0.010601
CbGcGiGdD	dwpc	0.32901	0.53868	0.54911	-0.01043	0.062805	0.090579
CbGcGiGuD	dwpc	0.31497	0.53382	0.55252	-0.018696	0.0081916	0.018116
CbGcGr>GaD	dwpc	0.70278	0.60072	0.59304	0.0076778	0.24065	0.29432
CbGcGr>GdD	dwpc	0.32874	0.54199	0.54961	-0.0076275	0.09702	0.13199
CbGcGr>GuD	dwpc	0.32927	0.54395	0.55435	-0.010403	0.14311	0.186
CbGcGuAlD	dwpc	0.77404	0.56361	0.54304	0.020574	0.043486	0.067406
CbGcGuCpD	dwpc	0.068344	0.51768	0.51049	0.0071971	0.05239	0.077853
CbGcGuCtD	dwpc	0.40795	0.57439	0.59568	-0.02129	0.018297	0.033854
CbGcGuD	dwpc	0.12874	0.51478	0.51612	-0.0013379	0.68399	0.7336
CbGcGuDrD	dwpc	0.34861	0.48808	0.50644	-0.018352	0.19952	0.2495
CbGdAdGaD	dwpc	0.97377	0.65606	0.62263	0.033426	0.00016993	0.0014844
CbGdAdGdD	dwpc	0.47285	0.57789	0.5666	0.011292	0.0041264	0.010602
CbGdAdGuD	dwpc	0.48079	0.59559	0.58316	0.01243	0.0048973	0.0121
CbGdAeGaD	dwpc	0.97377	0.64627	0.62244	0.023834	0.00051986	0.0028839
CbGdAeGdD	dwpc	0.47285	0.57713	0.56668	0.010444	0.0052831	0.012794
CbGdAeGuD	dwpc	0.48079	0.59285	0.58352	0.0093234	0.0099224	0.021031
CbGdAlD	dwpc	0.72503	0.55933	0.53775	0.021576	0.019575	0.03552
CbGdAlDrD	dwpc	0.88901	0.49612	0.51225	-0.016133	0.059126	0.08629
CbGdAuGaD	dwpc	0.97377	0.64485	0.6227	0.022143	0.00076961	0.0035925
CbGdAuGdD	dwpc	0.47285	0.57757	0.56598	0.011589	0.0029903	0.0084265
CbGdAuGuD	dwpc	0.48026	0.59344	0.58361	0.0098379	0.0083727	0.018351
CbGdCbGaD	dwpc	0.35603	0.58848	0.54964	0.038838	0.0010116	0.004282
CbGdCbGdD	dwpc	0.14066	0.53842	0.51816	0.020254	0.0029215	0.0083245
CbGdCbGuD	dwpc	0.13722	0.53927	0.5164	0.02287	0.0038236	0.01021
CbGdCdGaD	dwpc	0.44954	0.61018	0.54612	0.064053	4.1497e-05	0.00067668
CbGdCdGdD	dwpc	0.21139	0.55069	0.53666	0.014023	0.0053995	0.012999
CbGdCdGuD	dwpc	0.22437	0.55627	0.53931	0.016952	0.0082784	0.018209
CbGdCpD	dwpc	0.017748	0.50961	0.50382	0.0057867	0.013837	0.027427
CbGdCpDrD	dwpc	0.055894	0.51543	0.50467	0.010762	0.076522	0.10745
CbGdCrCpD	dwpc	0.052715	0.53446	0.51369	0.020771	0.018382	0.033909
CbGdCrCtD	dwpc	0.17483	0.62835	0.53577	0.09258	7.7525e-05	0.0010086
CbGdCtD	dwpc	0.12265	0.57935	0.54028	0.039069	8.8384e-05	0.0010597
CbGdCtDrD	dwpc	0.21987	0.57132	0.50557	0.065756	0.0001726	0.0014936
CbGdCuGaD	dwpc	0.47046	0.60055	0.54254	0.058009	1.6898e-05	0.00040522
CbGdCuGdD	dwpc	0.21695	0.54785	0.53629	0.011561	0.04143	0.06496
CbGdCuGuD	dwpc	0.21113	0.54601	0.53747	0.0085412	0.059677	0.086783
CbGdD	dwpc	0.058543	0.5038	0.5068	-0.0030012	0.029719	0.050063
CbGdDaGaD	dwpc	0.8302	0.6111	0.57705	0.034052	0.0030247	0.0084708
CbGdDaGdD	dwpc	0.3245	0.55018	0.54008	0.010108	0.032465	0.053727
CbGdDaGuD	dwpc	0.32927	0.55507	0.54601	0.0090531	0.14217	0.18516
CbGdDdGaD	dwpc	0.77483	0.63276	0.59017	0.042596	0.00030975	0.0021282
CbGdDdGdD	dwpc	0.35762	0.55974	0.55337	0.0063653	0.10124	0.13712
CbGdDdGuD	dwpc	0.34543	0.56015	0.55198	0.0081667	0.11282	0.1508
CbGdDlAlD	dwpc	0.76795	0.5839	0.53728	0.046627	0.00052194	0.0028839
CbGdDpCpD	dwpc	0.14199	0.54167	0.53209	0.0095854	0.12202	0.16167
CbGdDpCtD	dwpc	0.18914	0.5767	0.55807	0.018628	0.09786	0.13298
CbGdDpSpD	dwpc	0.77987	0.56777	0.53257	0.035207	0.0026956	0.0078542
CbGdDrD	dwpc	0.21589	0.52148	0.49535	0.026132	0.0025318	0.0075624
CbGdDrDrD	dwpc	0.50887	0.5191	0.50079	0.018305	0.0011426	0.004578
CbGdDtCpD	dwpc	0.064371	0.531	0.51218	0.018815	0.0083055	0.018236
CbGdDtCtD	dwpc	0.4143	0.57595	0.60082	-0.024874	0.020789	0.0375
CbGdDuGaD	dwpc	0.79417	0.62569	0.58824	0.037453	7.9397e-05	0.0010121
CbGdDuGdD	dwpc	0.35285	0.55882	0.54954	0.0092763	0.049392	0.0743
CbGdDuGuD	dwpc	0.36318	0.5719	0.55938	0.012519	0.023425	0.041521
CbGeAdGaD	dwpc	0.98411	0.65626	0.62801	0.028246	8.6275e-05	0.0010551
CbGeAdGdD	dwpc	0.47709	0.58162	0.56719	0.014424	0.00047996	0.0027324
CbGeAdGuD	dwpc	0.48556	0.59818	0.58385	0.014333	0.0005302	0.0028948
CbGeAeGaD	dwpc	0.98411	0.67459	0.62572	0.048874	2.2209e-05	0.00046036
CbGeAeGdD	dwpc	0.47762	0.57988	0.56733	0.012549	0.00043906	0.0026073
CbGeAeGuD	dwpc	0.48583	0.5969	0.58409	0.012813	0.00057127	0.0029788
CbGeAlD	dwpc	0.94172	0.63621	0.5519	0.084312	6.4968e-06	0.0002483
CbGeAlDrD	dwpc	0.94728	0.57245	0.51104	0.06141	0.00020273	0.0016867
CbGeAuGaD	dwpc	0.98411	0.66577	0.62771	0.038063	4.1106e-05	0.00067668
CbGeAuGdD	dwpc	0.47735	0.58255	0.56681	0.015734	0.00011462	0.0012481
CbGeAuGuD	dwpc	0.48583	0.59836	0.58409	0.014272	0.00032127	0.0021588
CbGiG<rGaD	dwpc	0.93457	0.63701	0.60119	0.035816	0.0020326	0.0064569
CbGiG<rGdD	dwpc	0.41801	0.57325	0.55825	0.015004	0.0027622	0.0079861
CbGiG<rGuD	dwpc	0.41563	0.57162	0.56814	0.0034823	0.33688	0.39846
CbGiGaD	dwpc	0.63311	0.66986	0.58003	0.089828	3.884e-05	0.00065974
CbGiGaDrD	dwpc	0.82596	0.56501	0.51533	0.04968	0.017767	0.033225
CbGiGbCpD	dwpc	0.20265	0.57762	0.53225	0.045376	0.0011789	0.0046328
CbGiGbCtD	dwpc	0.53192	0.69808	0.58945	0.10863	4.2791e-05	0.00068607
CbGiGcGaD	dwpc	0.72344	0.60782	0.59354	0.014281	0.013861	0.02743
CbGiGcGdD	dwpc	0.36397	0.56227	0.54639	0.015878	0.014768	0.028823
CbGiGcGuD	dwpc	0.37722	0.56599	0.55093	0.015053	0.021596	0.03868
CbGiGdAlD	dwpc	0.82834	0.55988	0.53665	0.023237	0.018718	0.034321
CbGiGdCpD	dwpc	0.15709	0.53292	0.5371	-0.0041763	0.33631	0.39817
CbGiGdCtD	dwpc	0.64026	0.63234	0.61562	0.016727	0.15194	0.19581
CbGiGdD	dwpc	0.26119	0.54387	0.53471	0.0091671	0.07671	0.10759
CbGiGdDrD	dwpc	0.54464	0.5114	0.50413	0.0072721	0.66788	0.7184
CbGiGeAlD	dwpc	0.97007	0.59218	0.54634	0.045847	0.00021641	0.0017463
CbGiGiGaD	dwpc	0.97166	0.68141	0.61115	0.070256	8.7754e-06	0.00030851
CbGiGiGdD	dwpc	0.46119	0.57193	0.56635	0.0055785	0.01976	0.035803
CbGiGiGuD	dwpc	0.46225	0.5953	0.58164	0.013661	0.0025908	0.0076383
CbGiGr>GaD	dwpc	0.91762	0.63215	0.60351	0.02864	0.0020987	0.0065984
CbGiGr>GdD	dwpc	0.41404	0.56689	0.56165	0.0052411	0.11843	0.15743
CbGiGr>GuD	dwpc	0.41192	0.56988	0.57093	-0.0010481	0.69263	0.74046
CbGiGuAlD	dwpc	0.8257	0.58991	0.53565	0.054263	0.001103	0.0045115
CbGiGuCpD	dwpc	0.16556	0.54571	0.53133	0.01438	0.046702	0.070805
CbGiGuCtD	dwpc	0.6249	0.58656	0.61635	-0.029784	0.0050863	0.012416
CbGiGuD	dwpc	0.25801	0.55624	0.53469	0.02155	0.0015721	0.0054609
CbGiGuDrD	dwpc	0.54887	0.52491	0.50218	0.022726	0.24104	0.2945
CbGpBPpGaD	dwpc	0.9857	0.67325	0.62408	0.049163	0.00014944	0.0013952
CbGpBPpGdD	dwpc	0.46543	0.57278	0.56734	0.0054481	0.00054379	0.002936
CbGpBPpGuD	dwpc	0.45854	0.58511	0.58055	0.0045596	0.070188	0.10016
CbGpCCpGaD	dwpc	0.9555	0.63718	0.619	0.018189	0.017572	0.033012
CbGpCCpGdD	dwpc	0.45642	0.56794	0.56613	0.0018105	0.31141	0.37302
CbGpCCpGuD	dwpc	0.43417	0.57188	0.57773	-0.0058497	0.0076397	0.017112
CbGpMFpGaD	dwpc	0.97166	0.6821	0.63188	0.050222	0.00011177	0.0012315
CbGpMFpGdD	dwpc	0.45219	0.57189	0.56638	0.0055123	0.0095173	0.020349
CbGpMFpGuD	dwpc	0.45457	0.59385	0.57886	0.014989	5.3793e-05	0.00080037
CbGpPWpGaD	dwpc	0.97642	0.70155	0.62547	0.076082	1.3725e-08	1.6786e-05
CbGpPWpGdD	dwpc	0.44	0.57252	0.56478	0.007744	0.033425	0.055076
CbGpPWpGuD	dwpc	0.44212	0.58457	0.57905	0.0055208	0.049636	0.074576
CbGr>G<rGaD	dwpc	0.89642	0.64255	0.58543	0.057124	0.00016246	0.0014572
CbGr>G<rGdD	dwpc	0.40159	0.58063	0.55792	0.022707	0.001755	0.0058326
CbGr>G<rGuD	dwpc	0.41245	0.586	0.56811	0.017894	0.014755	0.028823
CbGr>GaD	dwpc	0.60053	0.63016	0.58324	0.04692	0.0015632	0.0054467
CbGr>GaDrD	dwpc	0.76132	0.55919	0.51305	0.046132	0.026392	0.045783
CbGr>GbCpD	dwpc	0.1155	0.53698	0.54101	-0.0040312	0.41016	0.47145
CbGr>GbCtD	dwpc	0.47921	0.61575	0.59983	0.015924	0.014377	0.028224
CbGr>GcGaD	dwpc	0.72715	0.62397	0.58555	0.03842	0.00065286	0.0032326
CbGr>GcGdD	dwpc	0.34146	0.56529	0.54787	0.017421	0.0025579	0.0076116
CbGr>GcGuD	dwpc	0.34887	0.57172	0.55479	0.016923	0.010058	0.021282
CbGr>GdAlD	dwpc	0.76026	0.57587	0.5274	0.048465	0.001932	0.0062508
CbGr>GdCpD	dwpc	0.31126	0.57784	0.56055	0.017287	0.074224	0.10458
CbGr>GdCtD	dwpc	0.82808	0.65074	0.60797	0.042766	0.002906	0.0083234
CbGr>GdD	dwpc	0.28291	0.54985	0.53355	0.016298	0.011244	0.023145
CbGr>GdDrD	dwpc	0.57907	0.52735	0.49784	0.029507	0.14575	0.18863
CbGr>GeAlD	dwpc	0.88795	0.59359	0.53419	0.059396	0.00041661	0.0025349
CbGr>GiGaD	dwpc	0.88053	0.63394	0.58368	0.050258	0.00039133	0.0024309
CbGr>GiGdD	dwpc	0.39762	0.57253	0.55627	0.016259	0.006879	0.015725
CbGr>GiGuD	dwpc	0.39179	0.57415	0.56486	0.0092934	0.0069849	0.015938
CbGr>Gr>GaD	dwpc	0.8747	0.63523	0.58596	0.049271	0.00028038	0.0020053
CbGr>Gr>GdD	dwpc	0.39629	0.56996	0.55819	0.011769	0.015243	0.029544
CbGr>Gr>GuD	dwpc	0.40212	0.5768	0.56719	0.0096112	0.044178	0.068074
CbGr>GuAlD	dwpc	0.75868	0.5812	0.52862	0.05258	0.0017374	0.0058091
CbGr>GuCpD	dwpc	0.30649	0.58863	0.54833	0.040301	0.00093815	0.004082
CbGr>GuCtD	dwpc	0.7894	0.6393	0.60754	0.031759	0.0065444	0.015102
CbGr>GuD	dwpc	0.29934	0.55793	0.53595	0.021987	3.6245e-05	0.00062434
CbGr>GuDrD	dwpc	0.57775	0.52694	0.49853	0.028412	0.16243	0.20714
CbGuAdGaD	dwpc	0.97377	0.64695	0.62329	0.023658	0.00085691	0.0038529
CbGuAdGdD	dwpc	0.47205	0.57885	0.56697	0.011878	0.00033996	0.0022474
CbGuAdGuD	dwpc	0.48026	0.59442	0.58353	0.010887	0.0015609	0.0054467
CbGuAeGaD	dwpc	0.97377	0.65979	0.62246	0.037326	0.00037226	0.0023712
CbGuAeGdD	dwpc	0.47285	0.57885	0.56682	0.012032	0.00012322	0.0012991
CbGuAeGuD	dwpc	0.48053	0.59505	0.58367	0.011383	0.00045561	0.0026688
CbGuAlD	dwpc	0.7155	0.61861	0.54248	0.076129	0.0002627	0.0019238
CbGuAlDrD	dwpc	0.87841	0.57108	0.512	0.059081	6.5799e-05	0.00090923
CbGuAuGaD	dwpc	0.97377	0.66714	0.6233	0.043833	0.00015553	0.001441
CbGuAuGdD	dwpc	0.47179	0.58005	0.56632	0.013724	0.00014495	0.0013802
CbGuAuGuD	dwpc	0.47894	0.59649	0.5837	0.012785	0.00042672	0.0025708
CbGuCbGaD	dwpc	0.47576	0.61102	0.55786	0.053156	1.5963e-07	3.0268e-05
CbGuCbGdD	dwpc	0.17245	0.55068	0.52603	0.024654	0.00030082	0.0021023
CbGuCbGuD	dwpc	0.16848	0.53409	0.52631	0.0077772	0.012646	0.025313
CbGuCdGaD	dwpc	0.57669	0.62114	0.55659	0.064551	6.691e-05	0.00090923
CbGuCdGdD	dwpc	0.27073	0.57473	0.54058	0.034151	0.00021402	0.0017463
CbGuCdGuD	dwpc	0.2755	0.57783	0.54672	0.031112	0.0002733	0.0019895
CbGuCpD	dwpc	0.020662	0.51346	0.50533	0.0081261	0.0020577	0.0065027
CbGuCpDrD	dwpc	0.068609	0.51566	0.51467	0.00099471	0.84236	0.86427
CbGuCrCpD	dwpc	0.069404	0.53387	0.52558	0.0082947	0.18206	0.22955
CbGuCrCtD	dwpc	0.22861	0.59556	0.56349	0.032069	4.903e-06	0.0001995
CbGuCtD	dwpc	0.17695	0.58698	0.56219	0.024796	0.00061875	0.0031141
CbGuCtDrD	dwpc	0.3057	0.55401	0.51345	0.040563	0.0031046	0.0086292
CbGuCuGaD	dwpc	0.61748	0.64349	0.5569	0.086593	1.8419e-05	0.00042504
CbGuCuGdD	dwpc	0.27682	0.58345	0.54323	0.040221	2.7681e-05	0.00052083
CbGuCuGuD	dwpc	0.27682	0.57192	0.54782	0.024099	0.0013474	0.0050615
CbGuD	dwpc	0.049536	0.51525	0.50614	0.009111	0.00020534	0.0016968
CbGuDaGaD	dwpc	0.75947	0.63602	0.57205	0.063969	0.00056621	0.0029788
CbGuDaGdD	dwpc	0.28424	0.55317	0.53954	0.013627	0.011369	0.023251
CbGuDaGuD	dwpc	0.29854	0.56435	0.54582	0.018535	0.0021459	0.0066949
CbGuDdGaD	dwpc	0.70623	0.6211	0.58196	0.039136	0.0056571	0.013513
CbGuDdGdD	dwpc	0.33563	0.5641	0.54902	0.015076	0.0016715	0.0056941
CbGuDdGuD	dwpc	0.32106	0.55634	0.55043	0.0059142	0.0078494	0.017423
CbGuDlAlD	dwpc	0.69113	0.5868	0.5356	0.0512	0.0014598	0.0052174
CbGuDpCpD	dwpc	0.08106	0.53206	0.52442	0.0076322	0.1135	0.15154
CbGuDpCtD	dwpc	0.096954	0.52552	0.55576	-0.030249	0.017995	0.033548
CbGuDpSpD	dwpc	0.71391	0.58798	0.52987	0.058115	0.00041006	0.0025136
CbGuDrD	dwpc	0.17483	0.52276	0.50183	0.020925	0.019046	0.03474
CbGuDrDrD	dwpc	0.41113	0.54892	0.50183	0.047095	6.841e-05	0.0009194
CbGuDtCpD	dwpc	0.042384	0.5312	0.51218	0.019015	0.0011764	0.0046328
CbGuDtCtD	dwpc	0.33007	0.62299	0.58509	0.0379	0.0033915	0.0091581
CbGuDuGaD	dwpc	0.74066	0.64116	0.58211	0.059057	0.0011452	0.004578
CbGuDuGdD	dwpc	0.33139	0.56152	0.54485	0.016677	0.0040753	0.010537
CbGuDuGuD	dwpc	0.33881	0.5742	0.55642	0.017785	0.00016562	0.0014572
CcSEcCbGaD	dwpc	0.95285	0.65984	0.64748	0.012355	0.021406	0.038443
CcSEcCbGdD	dwpc	0.43444	0.56045	0.56543	-0.0049865	0.32262	0.38308
CcSEcCbGuD	dwpc	0.4098	0.57087	0.56475	0.0061186	0.15311	0.1969
CcSEcCdGaD	dwpc	0.92742	0.6517	0.65098	0.00072708	0.888	0.90201
CcSEcCdGdD	dwpc	0.40848	0.55371	0.56301	-0.0093004	0.018513	0.034047
CcSEcCdGuD	dwpc	0.43788	0.59311	0.57574	0.017364	0.0060573	0.014219
CcSEcCpD	dwpc	0.4694	0.60755	0.59184	0.015703	0.01812	0.03373
CcSEcCpDrD	dwpc	0.73987	0.52568	0.53047	-0.0047932	0.8227	0.84945
CcSEcCrCpD	dwpc	0.45775	0.60393	0.58658	0.017345	0.036172	0.058284
CcSEcCrCtD	dwpc	0.87179	0.77998	0.67186	0.10812	1.2025e-05	0.00036767
CcSEcCtD	dwpc	0.9494	0.81875	0.67899	0.13975	1.7324e-07	3.0268e-05
CcSEcCtDrD	dwpc	0.90755	0.63386	0.51303	0.12083	0.00037027	0.0023709
CcSEcCuGaD	dwpc	0.94225	0.66777	0.65154	0.016229	0.006165	0.014389
CcSEcCuGdD	dwpc	0.43656	0.56952	0.56316	0.0063625	0.03829	0.060801
CcSEcCuGuD	dwpc	0.41404	0.58686	0.57687	0.0099959	0.0089575	0.019287
CdG<rG<rGaD	dwpc	0.67073	0.6164	0.60952	0.0068794	0.0026849	0.0078542
CdG<rG<rGdD	dwpc	0.30331	0.58612	0.56962	0.016492	0.00043724	0.0026073
CdG<rG<rGuD	dwpc	0.31311	0.58871	0.57989	0.0088232	0.11836	0.15743
CdG<rGaD	dwpc	0.64874	0.61885	0.60871	0.010134	0.0021717	0.0067412
CdG<rGaDrD	dwpc	0.64662	0.56879	0.56847	0.00031249	0.95884	0.96356
CdG<rGbCpD	dwpc	0.28318	0.60022	0.58429	0.01593	0.010915	0.022605
CdG<rGbCtD	dwpc	0.60291	0.62149	0.61969	0.0018004	0.20086	0.25067
CdG<rGcGaD	dwpc	0.66278	0.61412	0.61062	0.0035044	0.085367	0.11784
CdG<rGcGdD	dwpc	0.30358	0.5794	0.57093	0.008473	0.039218	0.061969
CdG<rGcGuD	dwpc	0.3155	0.58805	0.58206	0.0059822	0.036745	0.058668
CdG<rGdAlD	dwpc	0.57219	0.57441	0.57568	-0.0012709	0.78948	0.82173
CdG<rGdCpD	dwpc	0.27523	0.58103	0.5761	0.0049354	0.48982	0.55313
CdG<rGdCtD	dwpc	0.63735	0.61037	0.61938	-0.009009	0.038321	0.060801
CdG<rGdD	dwpc	0.29219	0.57983	0.5678	0.012029	0.0066019	0.015177
CdG<rGdDrD	dwpc	0.49722	0.54414	0.53812	0.0060229	0.66132	0.71512
CdG<rGeAlD	dwpc	0.66411	0.58896	0.58429	0.0046693	0.073287	0.10362
CdG<rGiGaD	dwpc	0.67126	0.61539	0.60815	0.0072408	0.0016107	0.005549
CdG<rGiGdD	dwpc	0.32424	0.58533	0.57205	0.013279	0.0012695	0.0048798
CdG<rGiGuD	dwpc	0.32742	0.59472	0.58451	0.010206	0.0002254	0.0017558
CdG<rGr>GaD	dwpc	0.67099	0.61485	0.61022	0.0046353	0.017362	0.032668
CdG<rGr>GdD	dwpc	0.31099	0.58159	0.57133	0.010264	0.00023388	0.0017877
CdG<rGr>GuD	dwpc	0.32238	0.59361	0.58601	0.0076027	0.0082707	0.018209
CdG<rGuAlD	dwpc	0.57219	0.57478	0.5758	-0.0010214	0.85392	0.87466
CdG<rGuCpD	dwpc	0.25669	0.58223	0.5623	0.019932	0.11252	0.15072
CdG<rGuCtD	dwpc	0.62675	0.61148	0.61918	-0.0077055	0.14262	0.18556
CdG<rGuD	dwpc	0.2943	0.5785	0.5755	0.0029995	0.58465	0.64475
CdG<rGuDrD	dwpc	0.50013	0.54732	0.53864	0.0086804	0.52943	0.59132
CdGaD	dwpc	0.19338	0.59565	0.57798	0.01767	0.00011624	0.0012481
CdGaDaGaD	dwpc	0.58967	0.61703	0.59808	0.01895	0.00056507	0.0029788
CdGaDaGdD	dwpc	0.26702	0.57956	0.56246	0.017107	0.00041888	0.0025361
CdGaDaGuD	dwpc	0.26755	0.5836	0.56965	0.013946	0.00023152	0.0017808
CdGaDdGaD	dwpc	0.52	0.61203	0.59378	0.018251	0.0057928	0.013746
CdGaDdGdD	dwpc	0.25007	0.57629	0.55802	0.018269	0.0003181	0.0021494
CdGaDdGuD	dwpc	0.24185	0.56554	0.56317	0.0023705	0.50128	0.56347
CdGaDlAlD	dwpc	0.56662	0.59438	0.58082	0.013558	0.00075063	0.0035911
CdGaDpCpD	dwpc	0.1502	0.57031	0.56352	0.0067909	0.1059	0.14311
CdGaDpCtD	dwpc	0.17536	0.56433	0.59652	-0.032192	0.0017385	0.0058091
CdGaDpSpD	dwpc	0.56424	0.59454	0.58013	0.014409	0.0033922	0.0091581
CdGaDrD	dwpc	0.31497	0.56976	0.55051	0.019248	0.012483	0.025028
CdGaDrDrD	dwpc	0.4445	0.58491	0.56201	0.02291	0.0032635	0.0089491
CdGaDtCpD	dwpc	0.10358	0.55564	0.54268	0.012963	0.008648	0.018802
CdGaDtCtD	dwpc	0.40583	0.60933	0.60908	0.00024702	0.93488	0.94259
CdGaDuGaD	dwpc	0.53457	0.61966	0.59197	0.02769	0.0015762	0.0054609
CdGaDuGdD	dwpc	0.23735	0.5705	0.55801	0.012494	0.00058712	0.0030044
CdGaDuGuD	dwpc	0.24742	0.57666	0.56794	0.008721	0.042921	0.066615
CdGbCbGaD	dwpc	0.32424	0.60295	0.58927	0.013679	0.0067853	0.015569
CdGbCbGdD	dwpc	0.13245	0.55321	0.54114	0.012072	0.01771	0.033174
CdGbCbGuD	dwpc	0.13404	0.54934	0.53881	0.010537	0.0039184	0.010285
CdGbCdGaD	dwpc	0.28662	0.5873	0.57878	0.0085248	0.020346	0.03681
CdGbCdGdD	dwpc	0.14119	0.5575	0.54459	0.012912	0.0023309	0.0070737
CdGbCdGuD	dwpc	0.14411	0.56094	0.54723	0.013712	0.0074776	0.016842
CdGbCpD	dwpc	0.0074172	0.49868	0.51808	-0.019392	0.0026859	0.0078542
CdGbCpDrD	dwpc	0.024901	0.50111	0.53377	-0.032658	0.00076516	0.0035911
CdGbCrCpD	dwpc	0.025166	0.50404	0.53932	-0.035282	0.00014284	0.0013802
CdGbCrCtD	dwpc	0.16079	0.60931	0.58572	0.023594	0.010432	0.021894
CdGbCtD	dwpc	0.12848	0.59726	0.55789	0.03937	0.00030501	0.0021195
CdGbCtDrD	dwpc	0.19974	0.56769	0.54094	0.026749	0.00068298	0.0033411
CdGbCuGaD	dwpc	0.31152	0.58965	0.58229	0.0073573	0.069408	0.099282
CdGbCuGdD	dwpc	0.14252	0.55462	0.54524	0.009387	0.01024	0.02163
CdGbCuGuD	dwpc	0.14199	0.55804	0.54632	0.01172	0.005851	0.013841
CdGcG<rGaD	dwpc	0.48689	0.60799	0.59928	0.0087133	0.021782	0.038947
CdGcG<rGdD	dwpc	0.21907	0.56716	0.55898	0.0081786	0.10237	0.1385
CdGcG<rGuD	dwpc	0.21642	0.56404	0.56473	-0.00068493	0.90903	0.92031
CdGcGaD	dwpc	0.23656	0.59088	0.58681	0.0040642	0.31984	0.38088
CdGcGaDrD	dwpc	0.34755	0.55989	0.55691	0.002982	0.66444	0.71659
CdGcGbCpD	dwpc	0.069139	0.5431	0.54461	-0.0015066	0.75796	0.79433
CdGcGbCtD	dwpc	0.17404	0.5814	0.58703	-0.0056338	0.096572	0.13182
CdGcGcGaD	dwpc	0.49669	0.60716	0.60486	0.0023051	0.58998	0.64888
CdGcGcGdD	dwpc	0.24053	0.56648	0.56633	0.0001479	0.95148	0.95824
CdGcGcGuD	dwpc	0.24318	0.56743	0.57415	-0.0067223	0.044203	0.068074
CdGcGdAlD	dwpc	0.51815	0.57386	0.57459	-0.00072806	0.90642	0.91844
CdGcGdCpD	dwpc	0.073907	0.53469	0.53641	-0.0017163	0.7602	0.79599
CdGcGdCtD	dwpc	0.28715	0.59112	0.60654	-0.015423	0.0060489	0.014219
CdGcGdD	dwpc	0.12954	0.55457	0.54129	0.013285	0.00048839	0.0027568
CdGcGdDrD	dwpc	0.28344	0.55417	0.54115	0.013015	0.17485	0.22183
CdGcGeAlD	dwpc	0.62887	0.59114	0.58199	0.0091542	0.0578	0.084658
CdGcGiGaD	dwpc	0.52079	0.61922	0.60307	0.016152	0.0070079	0.01596
CdGcGiGdD	dwpc	0.23364	0.56791	0.56205	0.0058621	0.13539	0.17747
CdGcGiGuD	dwpc	0.23258	0.57008	0.56545	0.0046312	0.11989	0.15903
CdGcGr>GaD	dwpc	0.4694	0.61182	0.60041	0.011412	0.029986	0.050443
CdGcGr>GdD	dwpc	0.21695	0.57102	0.56114	0.00988	0.079967	0.11126
CdGcGr>GuD	dwpc	0.22199	0.57348	0.56889	0.004583	0.42489	0.4861
CdGcGuAlD	dwpc	0.50675	0.57731	0.57511	0.0021957	0.74305	0.78408
CdGcGuCpD	dwpc	0.078675	0.5456	0.52962	0.015982	0.015737	0.030166
CdGcGuCtD	dwpc	0.28397	0.59965	0.60629	-0.0066374	0.0077063	0.017199
CdGcGuD	dwpc	0.13086	0.55603	0.54237	0.013666	0.0051289	0.012483
CdGcGuDrD	dwpc	0.29828	0.55532	0.53701	0.01831	0.11956	0.15876
CdGdAdGaD	dwpc	0.66225	0.61786	0.60657	0.011295	0.001836	0.0060361
CdGdAdGdD	dwpc	0.32318	0.58789	0.57196	0.01593	0.0012546	0.0048555
CdGdAdGuD	dwpc	0.32742	0.59844	0.58714	0.011303	0.0037424	0.010015
CdGdAeGaD	dwpc	0.66225	0.61538	0.60598	0.0094036	0.0052992	0.012808
CdGdAeGdD	dwpc	0.32344	0.58801	0.57173	0.016282	0.0012962	0.0049371
CdGdAeGuD	dwpc	0.32715	0.59733	0.58718	0.010156	0.0051342	0.012483
CdGdAlD	dwpc	0.49589	0.57516	0.57314	0.0020184	0.74533	0.78581
CdGdAlDrD	dwpc	0.60185	0.56604	0.56557	0.00047436	0.76596	0.80066
CdGdAuGaD	dwpc	0.66225	0.61434	0.60632	0.0080175	0.0089143	0.019228
CdGdAuGdD	dwpc	0.32265	0.58793	0.57166	0.016266	0.0012858	0.0049142
CdGdAuGuD	dwpc	0.32636	0.59806	0.5873	0.010761	0.0039505	0.010302
CdGdCbGaD	dwpc	0.65113	0.6209	0.60849	0.012413	0.0056241	0.013461
CdGdCbGdD	dwpc	0.26543	0.55756	0.56652	-0.0089598	0.023109	0.041078
CdGdCbGuD	dwpc	0.27152	0.57242	0.5652	0.0072209	0.093999	0.12888
CdGdCdGaD	dwpc	0.64159	0.61472	0.61191	0.002805	0.13807	0.1804
CdGdCdGdD	dwpc	0.28583	0.57535	0.5693	0.0060503	0.077181	0.10806
CdGdCdGuD	dwpc	0.31338	0.58906	0.58005	0.0090183	0.045958	0.070281
CdGdCpD	dwpc	0.1555	0.5637	0.55296	0.010733	0.13784	0.1803
CdGdCpDrD	dwpc	0.38331	0.54801	0.54723	0.00077726	0.95538	0.96088
CdGdCrCpD	dwpc	0.24742	0.57758	0.57828	-0.00069987	0.91387	0.92446
CdGdCrCtD	dwpc	0.51338	0.67797	0.62329	0.05468	3.5915e-05	0.00062434
CdGdCtD	dwpc	0.49616	0.66368	0.62567	0.03801	2.6496e-05	0.00051436
CdGdCtDrD	dwpc	0.58861	0.60623	0.55155	0.054681	0.00012971	0.0013403
CdGdCuGaD	dwpc	0.66013	0.62007	0.61106	0.0090103	0.00055448	0.0029612
CdGdCuGdD	dwpc	0.3057	0.58239	0.56908	0.013306	0.00044043	0.0026073
CdGdCuGuD	dwpc	0.29748	0.58474	0.58148	0.0032619	0.12249	0.16212
CdGdD	dwpc	0.084503	0.54117	0.52579	0.015378	0.0054588	0.013091
CdGdDaGaD	dwpc	0.58305	0.60824	0.59686	0.011381	0.0013518	0.0050615
CdGdDaGdD	dwpc	0.23815	0.56091	0.55949	0.0014249	0.6556	0.71144
CdGdDaGuD	dwpc	0.24556	0.57181	0.56226	0.0095431	0.026664	0.046125
CdGdDdGaD	dwpc	0.5502	0.61377	0.60078	0.012987	0.00036639	0.0023584
CdGdDdGdD	dwpc	0.26623	0.57067	0.56468	0.0059992	0.054929	0.080938
CdGdDdGuD	dwpc	0.25748	0.5679	0.56633	0.0015692	0.70666	0.75152
CdGdDlAlD	dwpc	0.54861	0.59688	0.58016	0.016717	0.0014433	0.0052174
CdGdDpCpD	dwpc	0.11444	0.55326	0.55415	-0.00088708	0.7679	0.802
CdGdDpCtD	dwpc	0.13907	0.53657	0.58694	-0.050377	0.00011736	0.0012481
CdGdDpSpD	dwpc	0.55656	0.58341	0.57854	0.0048705	0.080594	0.11175
CdGdDrD	dwpc	0.19523	0.55635	0.53547	0.020877	0.030709	0.051518
CdGdDrDrD	dwpc	0.36477	0.57405	0.55747	0.016582	0.018867	0.034542
CdGdDtCpD	dwpc	0.061987	0.53727	0.53595	0.001322	0.66199	0.7152
CdGdDtCtD	dwpc	0.29298	0.60421	0.6099	-0.0056897	0.12859	0.16965
CdGdDuGaD	dwpc	0.56503	0.6055	0.60018	0.0053243	0.029674	0.050057
CdGdDuGdD	dwpc	0.25987	0.57137	0.56233	0.009044	0.025178	0.044369
CdGdDuGuD	dwpc	0.26013	0.56687	0.57172	-0.0048478	0.2866	0.34398
CdGeAdGaD	dwpc	0.67205	0.61795	0.60793	0.010019	0.0012999	0.0049371
CdGeAdGdD	dwpc	0.32821	0.58801	0.57278	0.015229	0.00081621	0.0037386
CdGeAdGuD	dwpc	0.33219	0.59853	0.58842	0.01011	0.0039151	0.010285
CdGeAeGaD	dwpc	0.67205	0.61827	0.60736	0.010909	0.001045	0.0043471
CdGeAeGdD	dwpc	0.32821	0.58761	0.57274	0.014864	0.00082696	0.0037738
CdGeAeGuD	dwpc	0.33219	0.59736	0.58856	0.0087985	0.0049859	0.012232
CdGeAlD	dwpc	0.65801	0.597	0.58243	0.014567	0.0019889	0.0063675
CdGeAlDrD	dwpc	0.64927	0.57904	0.56779	0.011256	0.0014633	0.0052174
CdGeAuGaD	dwpc	0.67205	0.61775	0.60792	0.0098256	0.0012046	0.0046918
CdGeAuGdD	dwpc	0.32821	0.58833	0.57259	0.015745	0.00074196	0.0035725
CdGeAuGuD	dwpc	0.33219	0.59819	0.58853	0.0096576	0.0039682	0.010317
CdGiG<rGaD	dwpc	0.64265	0.61322	0.60384	0.0093786	0.0011223	0.0045599
CdGiG<rGdD	dwpc	0.29139	0.58031	0.56663	0.013682	0.0041173	0.010601
CdGiG<rGuD	dwpc	0.29457	0.57966	0.57712	0.0025369	0.55732	0.61739
CdGiGaD	dwpc	0.50543	0.61688	0.60229	0.014589	0.00099089	0.0042373
CdGiGaDrD	dwpc	0.5857	0.57813	0.56508	0.013051	0.077319	0.10807
CdGiGbCpD	dwpc	0.15391	0.55756	0.56533	-0.0077704	0.15178	0.19581
CdGiGbCtD	dwpc	0.3857	0.61364	0.61273	0.00090965	0.36276	0.42293
CdGiGcGaD	dwpc	0.52265	0.60702	0.60414	0.0028843	0.016907	0.032157
CdGiGcGdD	dwpc	0.26146	0.5733	0.56581	0.0074885	0.045973	0.070281
CdGiGcGuD	dwpc	0.26755	0.57349	0.5698	0.0036908	0.16054	0.20495
CdGiGdAlD	dwpc	0.5698	0.57595	0.57433	0.0016222	0.72468	0.76735
CdGiGdCpD	dwpc	0.15576	0.55449	0.56129	-0.0068025	0.28148	0.33849
CdGiGdCtD	dwpc	0.50728	0.58988	0.61683	-0.026949	0.0015515	0.0054369
CdGiGdD	dwpc	0.22093	0.56498	0.55738	0.007601	0.012472	0.025028
CdGiGdDrD	dwpc	0.4257	0.55175	0.53778	0.013973	0.27601	0.3329
CdGiGeAlD	dwpc	0.66384	0.59307	0.58211	0.010955	0.0042612	0.01079
CdGiGiGaD	dwpc	0.67205	0.61742	0.60468	0.01274	0.00097316	0.0041908
CdGiGiGdD	dwpc	0.32662	0.58557	0.5714	0.014169	0.001058	0.0043844
CdGiGiGuD	dwpc	0.32609	0.59436	0.58541	0.0089415	0.00076637	0.0035911
CdGiGr>GaD	dwpc	0.65166	0.61426	0.60413	0.010134	0.0017175	0.0057865
CdGiGr>GdD	dwpc	0.29457	0.57639	0.56907	0.0073253	0.0018423	0.0060406
CdGiGr>GuD	dwpc	0.3057	0.58748	0.58045	0.0070362	0.025323	0.044549
CdGiGuAlD	dwpc	0.56742	0.57468	0.57381	0.00087072	0.86647	0.88455
CdGiGuCpD	dwpc	0.14914	0.5607	0.5514	0.009298	0.22899	0.28118
CdGiGuCtD	dwpc	0.49377	0.60009	0.6168	-0.016709	0.0053668	0.012946
CdGiGuD	dwpc	0.22013	0.5677	0.56126	0.0064435	0.13217	0.17343
CdGiGuDrD	dwpc	0.43073	0.5562	0.5354	0.020795	0.14023	0.18304
CdGpBPpGaD	dwpc	0.66517	0.61878	0.60644	0.012338	0.0030245	0.0084708
CdGpBPpGdD	dwpc	0.31629	0.58582	0.57309	0.012729	0.0018833	0.006142
CdGpBPpGuD	dwpc	0.31629	0.59116	0.58533	0.0058342	0.023535	0.041655
CdGpCCpGaD	dwpc	0.6347	0.61129	0.6066	0.0046841	0.082323	0.11389
CdGpCCpGdD	dwpc	0.3004	0.58269	0.57167	0.011015	0.0065827	0.015161
CdGpCCpGuD	dwpc	0.29245	0.5815	0.58181	-0.00031319	0.883	0.89842
CdGpMFpGaD	dwpc	0.64318	0.61661	0.60693	0.0096796	0.013446	0.02674
CdGpMFpGdD	dwpc	0.30543	0.58423	0.57061	0.013624	0.0045605	0.011406
CdGpMFpGuD	dwpc	0.30543	0.58483	0.58274	0.0020968	0.25627	0.31124
CdGpPWpGaD	dwpc	0.6347	0.61809	0.60275	0.015337	0.00094124	0.004082
CdGpPWpGdD	dwpc	0.28848	0.58228	0.56867	0.01361	0.0010184	0.004282
CdGpPWpGuD	dwpc	0.2906	0.58404	0.58271	0.0013374	0.23118	0.28358
CdGr>G<rGaD	dwpc	0.65987	0.61481	0.60664	0.0081693	0.00024604	0.0018459
CdGr>G<rGdD	dwpc	0.29828	0.58615	0.56942	0.016737	0.00057193	0.0029788
CdGr>G<rGuD	dwpc	0.30861	0.58853	0.57981	0.0087205	0.1308	0.17201
CdGr>GaD	dwpc	0.54675	0.60946	0.6085	0.00095669	0.52469	0.58656
CdGr>GaDrD	dwpc	0.61113	0.56929	0.57046	-0.0011652	0.83868	0.86252
CdGr>GbCpD	dwpc	0.16954	0.56645	0.57286	-0.0064138	0.14347	0.18627
CdGr>GbCtD	dwpc	0.46781	0.6105	0.61509	-0.0045899	0.095802	0.13106
CdGr>GcGaD	dwpc	0.61166	0.61001	0.60998	2.899e-05	0.9645	0.96846
CdGr>GcGdD	dwpc	0.28318	0.57306	0.56754	0.0055155	0.036721	0.058668
CdGr>GcGuD	dwpc	0.28238	0.57086	0.57768	-0.0068188	0.029638	0.050057
CdGr>GdAlD	dwpc	0.56238	0.57451	0.57577	-0.0012594	0.78733	0.8202
CdGr>GdCpD	dwpc	0.26172	0.56999	0.57286	-0.0028697	0.68043	0.73061
CdGr>GdCtD	dwpc	0.62781	0.61026	0.61629	-0.0060207	0.20867	0.25909
CdGr>GdD	dwpc	0.25033	0.56266	0.56176	0.00089837	0.68949	0.73775
CdGr>GdDrD	dwpc	0.46861	0.54098	0.53876	0.0022166	0.85716	0.87651
CdGr>GeAlD	dwpc	0.65351	0.58841	0.58393	0.0044807	0.033676	0.055283
CdGr>GiGaD	dwpc	0.65854	0.61037	0.60574	0.0046351	0.0086553	0.018802
CdGr>GiGdD	dwpc	0.30781	0.58037	0.56996	0.010405	0.005668	0.013513
CdGr>GiGuD	dwpc	0.31099	0.58625	0.58156	0.0046844	0.0090182	0.019384
CdGr>Gr>GaD	dwpc	0.65139	0.60987	0.6067	0.0031724	0.01051	0.021913
CdGr>Gr>GdD	dwpc	0.30066	0.57938	0.57008	0.0092976	0.00052585	0.0028839
CdGr>Gr>GuD	dwpc	0.31073	0.58884	0.5827	0.0061409	0.030941	0.051765
CdGr>GuAlD	dwpc	0.56238	0.57496	0.57632	-0.0013589	0.79699	0.82884
CdGr>GuCpD	dwpc	0.24768	0.58275	0.56346	0.019285	0.078379	0.10943
CdGr>GuCtD	dwpc	0.60344	0.61486	0.61741	-0.0025566	0.60385	0.66116
CdGr>GuD	dwpc	0.25828	0.56894	0.56751	0.0014264	0.74675	0.78595
CdGr>GuDrD	dwpc	0.47232	0.54778	0.53868	0.0091028	0.47898	0.5419
CdGuAdGaD	dwpc	0.66225	0.61608	0.60651	0.0095625	0.0011819	0.0046328
CdGuAdGdD	dwpc	0.32238	0.58714	0.57224	0.014899	0.0013535	0.0050615
CdGuAdGuD	dwpc	0.32715	0.59878	0.58763	0.01115	0.0033503	0.0091256
CdGuAeGaD	dwpc	0.66225	0.61801	0.60638	0.011634	0.0010941	0.0044901
CdGuAeGdD	dwpc	0.32344	0.58815	0.57232	0.015827	0.0010119	0.004282
CdGuAeGuD	dwpc	0.32742	0.59799	0.58765	0.010335	0.0036409	0.009808
CdGuAlD	dwpc	0.49642	0.58594	0.5741	0.011843	0.096353	0.13166
CdGuAlDrD	dwpc	0.60212	0.57878	0.56674	0.012036	0.0016691	0.0056941
CdGuAuGaD	dwpc	0.66225	0.61915	0.60648	0.012671	0.00059806	0.003035
CdGuAuGdD	dwpc	0.32318	0.58852	0.57227	0.016248	0.0010358	0.0043236
CdGuAuGuD	dwpc	0.32556	0.59675	0.58765	0.0091003	0.0063977	0.014808
CdGuCbGaD	dwpc	0.53987	0.60547	0.60373	0.0017349	0.44297	0.50584
CdGuCbGdD	dwpc	0.21748	0.55687	0.55804	-0.001168	0.73195	0.77371
CdGuCbGuD	dwpc	0.21881	0.56438	0.55305	0.011327	0.015761	0.030166
CdGuCdGaD	dwpc	0.59046	0.61175	0.60649	0.0052606	0.0042144	0.010693
CdGuCdGdD	dwpc	0.26358	0.57472	0.56727	0.0074472	0.059263	0.086388
CdGuCdGuD	dwpc	0.28397	0.58233	0.57735	0.0049833	0.24797	0.30176
CdGuCpD	dwpc	0.069404	0.52506	0.52991	-0.0048485	0.055631	0.081775
CdGuCpDrD	dwpc	0.19417	0.5437	0.53851	0.0051907	0.50043	0.56347
CdGuCrCpD	dwpc	0.14119	0.56552	0.56057	0.0049487	0.38328	0.44431
CdGuCrCtD	dwpc	0.33669	0.60931	0.61035	-0.0010473	0.81941	0.84783
CdGuCtD	dwpc	0.29748	0.59505	0.61605	-0.020999	0.0040233	0.010425
CdGuCtDrD	dwpc	0.43205	0.55878	0.55562	0.0031589	0.53081	0.59232
CdGuCuGaD	dwpc	0.60927	0.62269	0.60556	0.017129	1.3298e-05	0.00038723
CdGuCuGdD	dwpc	0.28079	0.58168	0.56765	0.014033	0.0019794	0.0063538
CdGuCuGuD	dwpc	0.2747	0.57497	0.57838	-0.0034091	0.19539	0.24484
CdGuD	dwpc	0.097748	0.54705	0.53003	0.017019	3.4351e-05	0.00060886
CdGuDaGaD	dwpc	0.60291	0.60894	0.59769	0.011243	0.00058543	0.0030044
CdGuDaGdD	dwpc	0.25828	0.56961	0.56035	0.0092596	0.0097527	0.020744
CdGuDaGuD	dwpc	0.26305	0.5719	0.56239	0.0095086	0.02671	0.046138
CdGuDdGaD	dwpc	0.57801	0.61352	0.60214	0.011375	6.5553e-05	0.00090923
CdGuDdGdD	dwpc	0.27523	0.57248	0.56801	0.0044781	0.26279	0.31853
CdGuDdGuD	dwpc	0.27364	0.58272	0.56954	0.013188	0.022141	0.039531
CdGuDlAlD	dwpc	0.58252	0.58772	0.58077	0.0069489	0.051682	0.076988
CdGuDpCpD	dwpc	0.13748	0.55291	0.5546	-0.0016894	0.69793	0.74482
CdGuDpCtD	dwpc	0.16159	0.54904	0.59281	-0.04377	0.00028477	0.0020248
CdGuDpSpD	dwpc	0.57828	0.58639	0.5793	0.0070961	0.027411	0.047033
CdGuDrD	dwpc	0.24768	0.54606	0.53507	0.010985	0.1846	0.23251
CdGuDrDrD	dwpc	0.43338	0.56782	0.56089	0.0069299	0.078896	0.1099
CdGuDtCpD	dwpc	0.074172	0.53641	0.53553	0.00087886	0.74972	0.7884
CdGuDtCtD	dwpc	0.35974	0.59337	0.60881	-0.015435	0.00092119	0.0040381
CdGuDuGaD	dwpc	0.58305	0.61092	0.60353	0.0073896	0.0071085	0.016129
CdGuDuGdD	dwpc	0.26623	0.57634	0.56426	0.012083	0.010541	0.021925
CdGuDuGuD	dwpc	0.2702	0.57634	0.57505	0.0012873	0.70139	0.74721
CiPCiCbGaD	dwpc	0.35576	0.6576	0.56734	0.090258	1.0385e-05	0.00034283
CiPCiCbGdD	dwpc	0.088212	0.5047	0.51477	-0.010073	0.015105	0.02937
CiPCiCbGuD	dwpc	0.1004	0.54169	0.51395	0.027742	9.0336e-06	0.00030851
CiPCiCdGaD	dwpc	0.29801	0.6225	0.53916	0.083341	0.00033048	0.0021966
CiPCiCdGdD	dwpc	0.13934	0.55851	0.5151	0.043409	5.5354e-05	0.00080593
CiPCiCdGuD	dwpc	0.14993	0.56412	0.52043	0.04369	0.00057238	0.0029788
CiPCiCpD	dwpc	0.010861	0.50316	0.50291	0.00025407	0.82925	0.8544
CiPCiCpDrD	dwpc	0.03894	0.52042	0.50282	0.017603	0.00039636	0.0024482
CiPCiCrCpD	dwpc	0.025695	0.51146	0.5128	-0.0013363	0.59933	0.65739
CiPCiCrCtD	dwpc	0.13007	0.72383	0.5515	0.17233	3.3397e-06	0.00014588
CiPCiCtD	dwpc	0.1351	0.75468	0.52131	0.23337	3.0786e-08	1.8826e-05
CiPCiCtDrD	dwpc	0.17007	0.68619	0.49926	0.18693	4.4177e-07	4.1561e-05
CiPCiCuGaD	dwpc	0.32503	0.62799	0.54138	0.086612	0.00026073	0.0019209
CiPCiCuGdD	dwpc	0.13007	0.55689	0.5167	0.040183	0.0014073	0.0051819
CiPCiCuGuD	dwpc	0.1343	0.55843	0.52265	0.035784	0.00021704	0.0017463
CpDaG<rGaD	dwpc	0.1457	0.53013	0.5289	0.0012291	0.27533	0.33241
CpDaG<rGdD	dwpc	0.064636	0.52506	0.52467	0.00038214	0.79798	0.82916
CpDaG<rGuD	dwpc	0.066225	0.52484	0.52736	-0.0025166	0.25558	0.31072
CpDaGaD	dwpc	0.13589	0.53146	0.52852	0.0029419	0.044059	0.068074
CpDaGaDrD	dwpc	0.14437	0.53066	0.52519	0.0054757	0.010446	0.021894
CpDaGbCpD	dwpc	0.057748	0.53755	0.52425	0.013306	0.00097053	0.0041908
CpDaGbCtD	dwpc	0.12	0.53311	0.53124	0.0018632	0.41937	0.48159
CpDaGcGaD	dwpc	0.12212	0.52929	0.52896	0.00033125	0.90504	0.91844
CpDaGcGdD	dwpc	0.059073	0.521	0.52149	-0.00049385	0.75147	0.78956
CpDaGcGuD	dwpc	0.060662	0.52469	0.5231	0.0015931	0.18018	0.22765
CpDaGdAlD	dwpc	0.12291	0.51414	0.5258	-0.011664	0.0038656	0.010233
CpDaGdCpD	dwpc	0.029139	0.5222	0.51576	0.0064426	0.01437	0.028224
CpDaGdCtD	dwpc	0.11258	0.5306	0.53499	-0.0043852	0.035796	0.057909
CpDaGdD	dwpc	0.045828	0.51481	0.51562	-0.00080789	0.50925	0.57138
CpDaGdDrD	dwpc	0.099338	0.51595	0.51507	0.00088169	0.82098	0.84874
CpDaGeAlD	dwpc	0.15099	0.53064	0.52632	0.0043266	0.006388	0.014808
CpDaGiGaD	dwpc	0.1502	0.53123	0.52795	0.003286	0.03388	0.055469
CpDaGiGdD	dwpc	0.068079	0.52638	0.5244	0.0019782	0.22299	0.27464
CpDaGiGuD	dwpc	0.069669	0.52996	0.52699	0.0029732	0.12542	0.16565
CpDaGr>GaD	dwpc	0.1449	0.52976	0.5282	0.0015545	0.25972	0.31512
CpDaGr>GdD	dwpc	0.064636	0.52343	0.52496	-0.0015281	0.23905	0.29266
CpDaGr>GuD	dwpc	0.068609	0.52898	0.52645	0.0025345	0.14742	0.19058
CpDaGuAlD	dwpc	0.12291	0.51496	0.52581	-0.010854	0.0048803	0.0121
CpDaGuCpD	dwpc	0.032848	0.52416	0.51362	0.010544	0.00035366	0.0023201
CpDaGuCtD	dwpc	0.10967	0.52216	0.53521	-0.013051	0.00098168	0.0042126
CpDaGuD	dwpc	0.048212	0.50911	0.51898	-0.0098684	0.0021964	0.0067833
CpDaGuDrD	dwpc	0.1004	0.51564	0.51491	0.00073475	0.84176	0.86427
CpDdG<rGaD	dwpc	0.10119	0.51949	0.52119	-0.0017022	0.65969	0.71398
CpDdG<rGdD	dwpc	0.043444	0.5098	0.519	-0.0092006	0.03346	0.055076
CpDdG<rGuD	dwpc	0.044503	0.51159	0.521	-0.0094087	0.022442	0.040009
CpDdGaD	dwpc	0.065166	0.51963	0.51966	-2.6287e-05	0.9934	0.9934
CpDdGaDrD	dwpc	0.090861	0.51624	0.5139	0.0023443	0.61263	0.66957
CpDdGbCpD	dwpc	0.022517	0.52339	0.51107	0.01232	0.0033832	0.0091581
CpDdGbCtD	dwpc	0.054834	0.51707	0.51796	-0.00089611	0.7996	0.83015
CpDdGcGaD	dwpc	0.085828	0.51668	0.5206	-0.0039212	0.42187	0.48355
CpDdGcGdD	dwpc	0.037616	0.50821	0.51622	-0.0080064	0.031833	0.052969
CpDdGcGuD	dwpc	0.04106	0.5135	0.51788	-0.0043843	0.082051	0.11364
CpDdGdAlD	dwpc	0.087152	0.51001	0.52127	-0.011267	0.025733	0.044994
CpDdGdCpD	dwpc	0.018543	0.5083	0.5107	-0.0024026	0.39332	0.45509
CpDdGdCtD	dwpc	0.075497	0.51814	0.52467	-0.006522	0.17865	0.22619
CpDdGdD	dwpc	0.033377	0.51424	0.5138	0.00043064	0.87356	0.88956
CpDdGdDrD	dwpc	0.065695	0.51047	0.50918	0.0012837	0.64405	0.69984
CpDdGeAlD	dwpc	0.11073	0.51852	0.52163	-0.0031065	0.34817	0.40983
CpDdGiGaD	dwpc	0.10623	0.5166	0.52162	-0.0050218	0.21613	0.26727
CpDdGiGdD	dwpc	0.047417	0.51552	0.51855	-0.0030272	0.28211	0.33892
CpDdGiGuD	dwpc	0.047152	0.5131	0.52067	-0.0075715	0.050108	0.075193
CpDdGr>GaD	dwpc	0.10066	0.51942	0.52069	-0.0012743	0.74605	0.78589
CpDdGr>GdD	dwpc	0.043974	0.5111	0.51841	-0.0073074	0.034531	0.056308
CpDdGr>GuD	dwpc	0.045033	0.51204	0.52102	-0.0089759	0.034348	0.05616
CpDdGuAlD	dwpc	0.089007	0.50979	0.52114	-0.01135	0.028649	0.048664
CpDdGuCpD	dwpc	0.020927	0.51342	0.50888	0.0045433	0.01608	0.030679
CpDdGuCtD	dwpc	0.072053	0.52038	0.52347	-0.0030906	0.49247	0.55562
CpDdGuD	dwpc	0.031523	0.50533	0.51245	-0.0071271	0.074871	0.10525
CpDdGuDrD	dwpc	0.063046	0.50647	0.50815	-0.0016777	0.54471	0.60507
CpDlAdGaD	dwpc	0.15232	0.52987	0.52888	0.00099313	0.27886	0.336
CpDlAdGdD	dwpc	0.070993	0.52744	0.52517	0.0022756	0.0419	0.065529
CpDlAdGuD	dwpc	0.073642	0.52973	0.52918	0.00055202	0.77366	0.80664
CpDlAeGaD	dwpc	0.15258	0.53158	0.52855	0.0030272	0.018295	0.033854
CpDlAeGdD	dwpc	0.074172	0.52891	0.52577	0.0031336	0.061731	0.089346
CpDlAeGuD	dwpc	0.074967	0.53065	0.52981	0.00084044	0.67584	0.72631
CpDlAlD	dwpc	0.12318	0.53303	0.52686	0.0061743	0.0021219	0.0066371
CpDlAlDrD	dwpc	0.14411	0.5305	0.5263	0.0042081	0.0016406	0.0056203
CpDlAuGaD	dwpc	0.15258	0.53095	0.52921	0.0017415	0.099872	0.13541
CpDlAuGdD	dwpc	0.073642	0.52852	0.52536	0.0031523	0.035672	0.057783
CpDlAuGuD	dwpc	0.072848	0.52952	0.52923	0.00029023	0.87244	0.88916
CpDpCbGaD	dwpc	0.10278	0.53031	0.53068	-0.00036513	0.71006	0.75382
CpDpCbGdD	dwpc	0.030199	0.50344	0.51819	-0.014741	4.0365e-05	0.00067625
CpDpCbGuD	dwpc	0.031523	0.50271	0.51869	-0.015979	0.00077757	0.0036159
CpDpCdGaD	dwpc	0.093245	0.52325	0.53193	-0.0086829	0.0014518	0.0052174
CpDpCdGdD	dwpc	0.042649	0.51116	0.51979	-0.0086259	0.0032201	0.0088897
CpDpCdGuD	dwpc	0.046887	0.51512	0.52136	-0.0062367	0.03544	0.057484
CpDpCpD	dwpc	0.016689	0.52019	0.51485	0.0053424	0.004185	0.010682
CpDpCpDrD	dwpc	0.041854	0.52167	0.51457	0.0070975	0.12278	0.16234
CpDpCrCpD	dwpc	0.024636	0.51866	0.51961	-0.00094598	0.47754	0.54077
CpDpCrCtD	dwpc	0.052715	0.56104	0.5326	0.028449	0.00048914	0.0027568
CpDpCtD	dwpc	0.038146	0.56606	0.52336	0.042701	0.00013665	0.0013478
CpDpCtDrD	dwpc	0.045033	0.54229	0.5159	0.026386	0.00037781	0.0023818
CpDpCuGaD	dwpc	0.098278	0.52228	0.52922	-0.0069457	0.0049229	0.012139
CpDpCuGdD	dwpc	0.04053	0.50898	0.51955	-0.010564	0.00019504	0.0016451
CpDpCuGuD	dwpc	0.042914	0.50918	0.51985	-0.01067	0.001905	0.0061964
CpDpSpD	dwpc	0.12927	0.53325	0.52669	0.0065538	0.0019559	0.0062949
CpDpSpDrD	dwpc	0.14675	0.53237	0.52584	0.0065298	0.00055436	0.0029612
CpDrD	dwpc	0.01298	0.51258	0.50232	0.010266	0.00076458	0.0035911
CpDrDaGaD	dwpc	0.14887	0.53311	0.52829	0.0048238	0.0076737	0.017157
CpDrDaGdD	dwpc	0.060662	0.52026	0.52107	-0.00080421	0.64263	0.6997
CpDrDaGuD	dwpc	0.061457	0.52123	0.524	-0.0027709	0.16474	0.20966
CpDrDdGaD	dwpc	0.11073	0.52722	0.52885	-0.0016233	0.46535	0.52941
CpDrDdGdD	dwpc	0.05298	0.51916	0.52122	-0.0020513	0.32239	0.38308
CpDrDdGuD	dwpc	0.05298	0.51393	0.52038	-0.0064465	0.014339	0.028224
CpDrDlAlD	dwpc	0.14596	0.53523	0.52631	0.0089206	0.00019456	0.0016451
CpDrDpCpD	dwpc	0.020397	0.52195	0.51052	0.011431	0.0018512	0.0060535
CpDrDpCtD	dwpc	0.029934	0.52348	0.51679	0.0066913	0.017285	0.032573
CpDrDpSpD	dwpc	0.14517	0.5358	0.52665	0.009152	0.00049563	0.0027805
CpDrDrD	dwpc	0.039735	0.52662	0.5146	0.012017	0.00035665	0.0023201
CpDrDrDrD	dwpc	0.077351	0.53394	0.5246	0.0093388	0.00054494	0.002936
CpDrDtCpD	dwpc	0.0087417	0.50776	0.50533	0.0024336	0.059763	0.086806
CpDrDtCtD	dwpc	0.052185	0.54605	0.53354	0.012512	0.0006822	0.0033411
CpDrDuGaD	dwpc	0.11338	0.53473	0.52917	0.0055558	0.04834	0.072922
CpDrDuGdD	dwpc	0.049007	0.50909	0.51994	-0.010855	0.0033228	0.0090911
CpDrDuGuD	dwpc	0.054305	0.51727	0.52304	-0.0057684	0.015612	0.030032
CpDtCbGaD	dwpc	0.074437	0.52037	0.52134	-0.00097087	0.70827	0.75258
CpDtCbGdD	dwpc	0.028079	0.51165	0.50938	0.0022628	0.24522	0.29871
CpDtCbGuD	dwpc	0.027815	0.50511	0.51	-0.0048901	0.073866	0.10432
CpDtCdGaD	dwpc	0.075762	0.51774	0.51978	-0.0020391	0.51954	0.58191
CpDtCdGdD	dwpc	0.036556	0.51461	0.51391	0.000707	0.77054	0.80407
CpDtCdGuD	dwpc	0.035232	0.50973	0.5158	-0.0060748	0.050727	0.075935
CpDtCpD	dwpc	0.0050331	0.501	0.5015	-0.00050196	0.66557	0.71717
CpDtCpDrD	dwpc	0.02596	0.51094	0.50303	0.0079067	0.0059033	0.013911
CpDtCrCpD	dwpc	0.0095364	0.50561	0.50918	-0.0035684	0.11144	0.14961
CpDtCrCtD	dwpc	0.043179	0.52355	0.51918	0.0043711	0.027613	0.047167
CpDtCtD	dwpc	0.041589	0.52112	0.51848	0.0026486	0.37926	0.44048
CpDtCtDrD	dwpc	0.060662	0.51763	0.51172	0.00591	0.080227	0.11137
CpDtCuGaD	dwpc	0.075232	0.52161	0.51925	0.0023521	0.47264	0.53621
CpDtCuGdD	dwpc	0.034967	0.51145	0.5167	-0.0052477	0.04858	0.073169
CpDtCuGuD	dwpc	0.036821	0.51423	0.51596	-0.0017344	0.32612	0.38647
CpDuG<rGaD	dwpc	0.10013	0.52208	0.52139	0.00069322	0.85669	0.87651
CpDuG<rGdD	dwpc	0.041589	0.51094	0.51877	-0.007829	0.051633	0.076988
CpDuG<rGuD	dwpc	0.044503	0.51158	0.52128	-0.0096991	0.031684	0.052937
CpDuGaD	dwpc	0.069139	0.52143	0.5201	0.0013304	0.71646	0.7593
CpDuGaDrD	dwpc	0.083709	0.52421	0.51641	0.0077997	0.096925	0.13199
CpDuGbCpD	dwpc	0.012715	0.51111	0.51057	0.00054487	0.83341	0.85797
CpDuGbCtD	dwpc	0.051656	0.51896	0.52169	-0.0027297	0.53205	0.59316
CpDuGcGaD	dwpc	0.083974	0.51883	0.51835	0.00048143	0.92339	0.93254
CpDuGcGdD	dwpc	0.038411	0.51274	0.51498	-0.0022404	0.40113	0.46195
CpDuGcGuD	dwpc	0.04	0.5125	0.51708	-0.0045732	0.15915	0.20338
CpDuGdAlD	dwpc	0.083179	0.5114	0.52094	-0.0095367	0.052826	0.078216
CpDuGdCpD	dwpc	0.021987	0.51348	0.51011	0.0033718	0.16339	0.20816
CpDuGdCtD	dwpc	0.076556	0.52122	0.52352	-0.0023013	0.59469	0.65346
CpDuGdD	dwpc	0.032053	0.50752	0.51103	-0.0035066	0.27367	0.33073
CpDuGdDrD	dwpc	0.062517	0.50946	0.50954	-8.0921e-05	0.98314	0.98475
CpDuGeAlD	dwpc	0.10437	0.52001	0.52164	-0.0016278	0.64306	0.6997
CpDuGiGaD	dwpc	0.097748	0.52315	0.52107	0.0020855	0.60078	0.65838
CpDuGiGdD	dwpc	0.043709	0.5162	0.51765	-0.0014506	0.6109	0.66828
CpDuGiGuD	dwpc	0.043974	0.51032	0.51969	-0.0093644	0.018964	0.034669
CpDuGr>GaD	dwpc	0.094305	0.52079	0.52071	8.1046e-05	0.98406	0.98486
CpDuGr>GdD	dwpc	0.040795	0.51223	0.51876	-0.0065242	0.07299	0.10332
CpDuGr>GuD	dwpc	0.043179	0.51165	0.51951	-0.0078636	0.074511	0.10486
CpDuGuAlD	dwpc	0.084503	0.51007	0.52122	-0.011145	0.036484	0.058633
CpDuGuCpD	dwpc	0.020132	0.51541	0.50948	0.0059273	0.025753	0.044994
CpDuGuCtD	dwpc	0.069934	0.5171	0.52299	-0.0058914	0.24295	0.29653
CpDuGuD	dwpc	0.034967	0.51084	0.51566	-0.0048298	0.21676	0.26777
CpDuGuDrD	dwpc	0.065166	0.51334	0.50804	0.005306	0.096764	0.13193
CrCbG<rGaD	dwpc	0.58358	0.58951	0.55591	0.033592	0.00046179	0.0026766
CrCbG<rGdD	dwpc	0.25669	0.5474	0.53565	0.011746	0.063813	0.091923
CrCbG<rGuD	dwpc	0.25563	0.54702	0.54137	0.0056537	0.26491	0.32078
CrCbGaD	dwpc	0.41748	0.64808	0.56589	0.082185	8.0791e-07	5.9643e-05
CrCbGaDrD	dwpc	0.62331	0.57633	0.50452	0.071808	0.0011476	0.004578
CrCbGbCpD	dwpc	0.32503	0.58899	0.57262	0.016371	0.0049801	0.012232
CrCbGbCtD	dwpc	0.69536	0.73604	0.5906	0.14545	1.1671e-06	7.5122e-05
CrCbGcGaD	dwpc	0.37166	0.5625	0.56581	-0.0033118	0.13596	0.17803
CrCbGcGdD	dwpc	0.16901	0.49537	0.52644	-0.031075	0.00021546	0.0017463
CrCbGcGuD	dwpc	0.19179	0.51655	0.53243	-0.015882	0.00074125	0.0035725
CrCbGdAlD	dwpc	0.65801	0.54211	0.52278	0.019329	0.012394	0.024931
CrCbGdCpD	dwpc	0.028079	0.51153	0.51276	-0.0012384	0.57422	0.63497
CrCbGdCtD	dwpc	0.18252	0.60319	0.56718	0.036014	0.0014154	0.0051827
CrCbGdD	dwpc	0.091126	0.50003	0.51734	-0.017312	0.015491	0.029882
CrCbGdDrD	dwpc	0.29272	0.48436	0.48925	-0.0048949	0.53707	0.59767
CrCbGeAlD	dwpc	0.78596	0.57181	0.52885	0.042957	0.0003281	0.0021927
CrCbGiGaD	dwpc	0.66172	0.62747	0.56371	0.063767	2.9919e-05	0.00055441
CrCbGiGdD	dwpc	0.29113	0.54556	0.53929	0.0062731	0.0022075	0.0067988
CrCbGiGuD	dwpc	0.28344	0.54362	0.54661	-0.0029983	0.51958	0.58191
CrCbGr>GaD	dwpc	0.63682	0.60614	0.57147	0.034665	0.00013228	0.0013467
CrCbGr>GdD	dwpc	0.29563	0.55081	0.54037	0.010443	0.0012598	0.0048602
CrCbGr>GuD	dwpc	0.2906	0.54821	0.54651	0.0017031	0.68556	0.73419
CrCbGuAlD	dwpc	0.65192	0.56179	0.52149	0.040301	0.00084637	0.0038447
CrCbGuCpD	dwpc	0.039735	0.52051	0.5129	0.0076026	0.010457	0.021894
CrCbGuCtD	dwpc	0.27258	0.59364	0.57697	0.016674	0.0027178	0.0078935
CrCbGuD	dwpc	0.090331	0.51144	0.51563	-0.0041819	0.40216	0.46269
CrCbGuDrD	dwpc	0.27788	0.50002	0.49673	0.003286	0.68441	0.7336
CrCcSEcCpD	dwpc	0.3857	0.59232	0.56942	0.022897	0.0031905	0.0088479
CrCcSEcCtD	dwpc	0.77642	0.67406	0.5847	0.089361	3.291e-05	0.0005919
CrCdG<rGaD	dwpc	0.70199	0.59112	0.55313	0.037987	0.0011104	0.0045268
CrCdG<rGdD	dwpc	0.31364	0.565	0.5446	0.020394	0.0030268	0.0084708
CrCdG<rGuD	dwpc	0.31974	0.57257	0.55348	0.019095	0.038379	0.060801
CrCdGaD	dwpc	0.32636	0.60765	0.55484	0.052807	9.9661e-05	0.0011391
CrCdGaDrD	dwpc	0.48079	0.56131	0.51263	0.048679	0.0021862	0.006769
CrCdGbCpD	dwpc	0.02543	0.52062	0.51615	0.004468	0.37278	0.43337
CrCdGbCtD	dwpc	0.23762	0.61725	0.54815	0.069094	9.0734e-05	0.001068
CrCdGcGaD	dwpc	0.40583	0.59262	0.54989	0.042729	0.0011424	0.004578
CrCdGcGdD	dwpc	0.20795	0.53912	0.52981	0.0093111	0.013526	0.026854
CrCdGcGuD	dwpc	0.21404	0.54873	0.53106	0.017668	0.0057031	0.01357
CrCdGdAlD	dwpc	0.57642	0.54507	0.51683	0.028239	0.022684	0.040382
CrCdGdCpD	dwpc	0.21854	0.56939	0.54388	0.025514	0.0062819	0.014634
CrCdGdCtD	dwpc	0.61483	0.62789	0.57433	0.05356	0.00065069	0.0032326
CrCdGdD	dwpc	0.14411	0.53536	0.51982	0.015545	0.0016092	0.005549
CrCdGdDrD	dwpc	0.31974	0.52859	0.49709	0.031507	0.0088422	0.019106
CrCdGeAlD	dwpc	0.69748	0.56786	0.52152	0.04634	0.0006507	0.0032326
CrCdGiGaD	dwpc	0.63894	0.59638	0.55018	0.046196	0.00145	0.0052174
CrCdGiGdD	dwpc	0.28556	0.55416	0.53865	0.015513	0.029669	0.050057
CrCdGiGuD	dwpc	0.28212	0.5629	0.5466	0.016305	0.018459	0.034
CrCdGr>GaD	dwpc	0.65272	0.5903	0.55317	0.037136	0.00090996	0.0040322
CrCdGr>GdD	dwpc	0.29298	0.55641	0.54374	0.012674	0.0063554	0.014777
CrCdGr>GuD	dwpc	0.2906	0.56243	0.54724	0.015189	0.026311	0.045708
CrCdGuAlD	dwpc	0.57325	0.55411	0.51576	0.038349	0.0086751	0.018811
CrCdGuCpD	dwpc	0.1102	0.52427	0.52202	0.0022439	0.58594	0.645
CrCdGuCtD	dwpc	0.42623	0.59158	0.57413	0.017455	0.039373	0.062133
CrCdGuD	dwpc	0.15815	0.54741	0.52288	0.02453	0.00092086	0.0040381
CrCdGuDrD	dwpc	0.36821	0.51486	0.49881	0.016052	0.18062	0.22797
CrCiPCiCpD	dwpc	0.023046	0.50389	0.51248	-0.0085879	0.0582	0.085141
CrCiPCiCtD	dwpc	0.14013	0.72383	0.55792	0.16591	9.4722e-08	2.8961e-05
CrCpD	dwpc	0.013245	0.50747	0.50449	0.0029729	0.21155	0.26214
CrCpDaGaD	dwpc	0.31126	0.51236	0.54261	-0.030244	0.0044855	0.011264
CrCpDaGdD	dwpc	0.11762	0.51237	0.53235	-0.019989	0.0078178	0.017384
CrCpDaGuD	dwpc	0.11576	0.5222	0.53817	-0.015965	0.014805	0.028832
CrCpDdGaD	dwpc	0.20026	0.52735	0.54681	-0.019464	0.01906	0.03474
CrCpDdGdD	dwpc	0.091656	0.52393	0.53496	-0.011029	0.008448	0.018417
CrCpDdGuD	dwpc	0.088212	0.51614	0.53304	-0.016904	0.033801	0.055414
CrCpDlAlD	dwpc	0.2951	0.51537	0.52443	-0.009059	0.067112	0.096222
CrCpDpCpD	dwpc	0.054305	0.52371	0.53178	-0.0080638	0.18734	0.23572
CrCpDpCtD	dwpc	0.09245	0.58719	0.55649	0.030702	0.0072567	0.016405
CrCpDpSpD	dwpc	0.30305	0.51	0.52479	-0.014793	0.02742	0.047033
CrCpDrD	dwpc	0.050861	0.51609	0.50844	0.0076517	0.023887	0.042217
CrCpDrDrD	dwpc	0.12874	0.52952	0.51068	0.018839	0.0041506	0.010642
CrCpDtCpD	dwpc	0.024106	0.50211	0.50757	-0.0054661	0.012927	0.025791
CrCpDtCtD	dwpc	0.13139	0.54101	0.55316	-0.01215	0.046232	0.070501
CrCpDuGaD	dwpc	0.19709	0.52867	0.54334	-0.014665	0.010276	0.021668
CrCpDuGdD	dwpc	0.088477	0.51471	0.52871	-0.014002	0.0038621	0.010233
CrCpDuGuD	dwpc	0.095099	0.52806	0.53748	-0.0094196	0.04288	0.066615
CrCrCbGaD	dwpc	0.51709	0.62044	0.58001	0.040433	4.7394e-05	0.00073371
CrCrCbGdD	dwpc	0.14146	0.49239	0.53788	-0.045491	0.0014347	0.0052066
CrCrCbGuD	dwpc	0.14887	0.51328	0.53439	-0.021105	0.0029268	0.0083245
CrCrCdGaD	dwpc	0.44291	0.60006	0.58065	0.019404	0.00078702	0.0036322
CrCrCdGdD	dwpc	0.19656	0.52205	0.54296	-0.020917	0.0028354	0.0081785
CrCrCdGuD	dwpc	0.21298	0.53912	0.5485	-0.0093851	0.03259	0.053861
CrCrCpD	dwpc	0.037881	0.5145	0.53354	-0.019047	0.003337	0.0091098
CrCrCpDrD	dwpc	0.12556	0.50947	0.51405	-0.0045814	0.70506	0.75047
CrCrCrCpD	dwpc	0.07947	0.52223	0.56746	-0.045226	0.00018855	0.0016126
CrCrCrCtD	dwpc	0.18993	0.72857	0.60024	0.12833	1.612e-05	0.00040522
CrCrCtD	dwpc	0.15311	0.75498	0.58462	0.17036	1.0652e-05	0.00034283
CrCrCtDrD	dwpc	0.20477	0.64553	0.50658	0.13895	5.4318e-05	0.00080037
CrCrCuGaD	dwpc	0.48053	0.60315	0.57901	0.024138	9.8747e-05	0.0011391
CrCrCuGdD	dwpc	0.19444	0.52402	0.54431	-0.020291	0.00047095	0.0027041
CrCrCuGuD	dwpc	0.20185	0.53574	0.55475	-0.019016	0.011368	0.023251
CrCtD	dwpc	0.12397	0.7485	0.52061	0.22788	1.2148e-07	2.9713e-05
CrCtDaGaD	dwpc	0.6302	0.6048	0.53742	0.067377	6.3925e-05	0.00090907
CrCtDaGdD	dwpc	0.25033	0.52905	0.5299	-0.0008448	0.75722	0.79424
CrCtDaGuD	dwpc	0.2445	0.52986	0.53448	-0.0046148	0.15651	0.20064
CrCtDdGaD	dwpc	0.32212	0.58817	0.5327	0.055471	4.6249e-05	0.00072515
CrCtDdGdD	dwpc	0.17695	0.57147	0.52653	0.044943	0.0001642	0.0014572
CrCtDdGuD	dwpc	0.15815	0.53932	0.52935	0.0099667	0.0048927	0.0121
CrCtDlAlD	dwpc	0.58225	0.58179	0.5195	0.062291	1.5039e-05	0.00040522
CrCtDpCpD	dwpc	0.082914	0.5619	0.52021	0.041681	0.0003628	0.0023476
CrCtDpCtD	dwpc	0.086093	0.57458	0.52869	0.045892	0.00022813	0.0017659
CrCtDpSpD	dwpc	0.58702	0.58977	0.51388	0.075887	9.0812e-06	0.00030851
CrCtDrD	dwpc	0.14305	0.64235	0.50282	0.13953	2.6615e-07	3.6167e-05
CrCtDrDrD	dwpc	0.28503	0.63067	0.50244	0.12823	1.2785e-06	7.8182e-05
CrCtDtCpD	dwpc	0.059073	0.54115	0.51502	0.026128	0.00078174	0.0036215
CrCtDtCtD	dwpc	0.27391	0.69962	0.55621	0.14341	4.0221e-07	4.0992e-05
CrCtDuGaD	dwpc	0.35629	0.57747	0.53234	0.045123	8.5155e-05	0.001052
CrCtDuGdD	dwpc	0.16318	0.54202	0.52587	0.016147	0.0014109	0.0051819
CrCtDuGuD	dwpc	0.16768	0.54589	0.53207	0.013829	0.0017248	0.0057952
CrCuG<rGaD	dwpc	0.69166	0.59133	0.55244	0.038896	0.0014292	0.005202
CrCuG<rGdD	dwpc	0.30834	0.56345	0.54405	0.0194	0.0077701	0.017309
CrCuG<rGuD	dwpc	0.31364	0.56933	0.55308	0.016253	0.072421	0.10263
CrCuGaD	dwpc	0.34623	0.60582	0.55074	0.055085	0.00014671	0.0013802
CrCuGaDrD	dwpc	0.52265	0.54448	0.50522	0.039266	0.0014239	0.0051981
CrCuGbCpD	dwpc	0.082119	0.52811	0.52475	0.0033622	0.3174	0.37871
CrCuGbCtD	dwpc	0.25748	0.60299	0.55563	0.047359	0.000853	0.0038495
CrCuGcGaD	dwpc	0.39364	0.6024	0.55699	0.045414	0.0007582	0.0035911
CrCuGcGdD	dwpc	0.19444	0.54103	0.52482	0.016217	0.0007941	0.0036511
CrCuGcGuD	dwpc	0.18861	0.53601	0.52876	0.0072474	0.011651	0.023675
CrCuGdAlD	dwpc	0.57086	0.54064	0.51831	0.022331	0.046652	0.070805
CrCuGdCpD	dwpc	0.11656	0.54473	0.529	0.015724	0.0046232	0.011516
CrCuGdCtD	dwpc	0.43417	0.58319	0.57126	0.011938	0.071659	0.10167
CrCuGdD	dwpc	0.13351	0.53192	0.51742	0.014496	0.018581	0.034121
CrCuGdDrD	dwpc	0.32848	0.52688	0.50413	0.02275	0.036536	0.05864
CrCuGeAlD	dwpc	0.68927	0.55632	0.52273	0.033594	0.0017766	0.0058882
CrCuGiGaD	dwpc	0.61457	0.59871	0.55071	0.047996	0.0017143	0.0057865
CrCuGiGdD	dwpc	0.26993	0.54542	0.53926	0.006156	0.20386	0.25389
CrCuGiGuD	dwpc	0.27364	0.55495	0.54269	0.012256	0.041606	0.065153
CrCuGr>GaD	dwpc	0.62967	0.58291	0.55536	0.027554	0.0020703	0.0065258
CrCuGr>GdD	dwpc	0.29245	0.55226	0.541	0.011262	0.042911	0.066615
CrCuGr>GuD	dwpc	0.29563	0.56778	0.55056	0.01722	0.017018	0.032217
CrCuGuAlD	dwpc	0.5653	0.54489	0.51637	0.028525	0.020763	0.0375
CrCuGuCpD	dwpc	0.19762	0.57133	0.53466	0.036675	0.0054381	0.013066
CrCuGuCtD	dwpc	0.57748	0.62231	0.57241	0.049899	0.0020508	0.0064978
CrCuGuD	dwpc	0.14225	0.54104	0.52416	0.016876	0.0044644	0.011234
CrCuGuDrD	dwpc	0.32874	0.5185	0.50108	0.017415	0.056094	0.082258
CtDaG<rGaD	dwpc	0.90517	0.488	0.47638	0.011626	0.015345	0.029694
CtDaG<rGdD	dwpc	0.39603	0.49166	0.48304	0.0086265	0.014027	0.027714
CtDaG<rGuD	dwpc	0.40318	0.48982	0.49047	-0.00064983	0.82906	0.8544
CtDaGaD	dwpc	0.8604	0.60941	0.48243	0.12697	5.6435e-08	2.3007e-05
CtDaGaDrD	dwpc	0.88132	0.50569	0.41325	0.092444	0.0024226	0.0072977
CtDaGbCpD	dwpc	0.34384	0.51986	0.5137	0.0061687	0.092071	0.12666
CtDaGbCtD	dwpc	0.77457	0.5436	0.50195	0.041655	0.00045608	0.0026688
CtDaGcGaD	dwpc	0.78543	0.49255	0.49422	-0.0016757	0.55401	0.61484
CtDaGcGdD	dwpc	0.37245	0.49439	0.49194	0.0024439	0.050478	0.075655
CtDaGcGuD	dwpc	0.38013	0.48966	0.49535	-0.0056858	0.031883	0.052979
CtDaGdAlD	dwpc	0.78596	0.4074	0.43003	-0.022623	0.029217	0.04956
CtDaGdCpD	dwpc	0.22596	0.53327	0.51552	0.017752	0.0025685	0.0076245
CtDaGdCtD	dwpc	0.7155	0.54538	0.50769	0.037687	0.00038004	0.0023836
CtDaGdD	dwpc	0.32159	0.50027	0.4982	0.0020677	0.52053	0.58244
CtDaGdDrD	dwpc	0.63894	0.44057	0.43261	0.0079608	0.58534	0.64493
CtDaGeAlD	dwpc	0.91788	0.46225	0.44282	0.019433	0.025453	0.044662
CtDaGiGaD	dwpc	0.92689	0.53076	0.47622	0.054545	8.197e-05	0.0010335
CtDaGiGdD	dwpc	0.41563	0.48584	0.48426	0.0015781	0.3519	0.41343
CtDaGiGuD	dwpc	0.41298	0.48746	0.49155	-0.0040892	0.10699	0.14426
CtDaGr>GaD	dwpc	0.89987	0.48825	0.47815	0.010096	0.035936	0.058058
CtDaGr>GdD	dwpc	0.4	0.49174	0.48416	0.007576	0.021602	0.03868
CtDaGr>GuD	dwpc	0.41086	0.49355	0.49237	0.0011862	0.48075	0.5434
CtDaGuAlD	dwpc	0.7857	0.44258	0.43084	0.011733	0.15622	0.20048
CtDaGuCpD	dwpc	0.23709	0.5265	0.50855	0.017951	0.011306	0.023201
CtDaGuCtD	dwpc	0.73351	0.52276	0.50565	0.017115	0.0050021	0.012235
CtDaGuD	dwpc	0.32344	0.492	0.49939	-0.0073857	0.040308	0.063364
CtDaGuDrD	dwpc	0.65192	0.46217	0.4294	0.032764	0.099208	0.13466
CtDdG<rGaD	dwpc	0.6	0.53882	0.50781	0.031017	0.00022351	0.0017546
CtDdG<rGdD	dwpc	0.26252	0.51323	0.51283	0.00039643	0.86583	0.88455
CtDdG<rGuD	dwpc	0.26331	0.51892	0.5192	-0.00027586	0.93409	0.94257
CtDdGaD	dwpc	0.35815	0.57089	0.54709	0.023798	0.0016808	0.0057018
CtDdGaDrD	dwpc	0.49642	0.50331	0.48766	0.015648	0.041404	0.06496
CtDdGbCpD	dwpc	0.11179	0.56384	0.53718	0.026664	3.0409e-05	0.00055507
CtDdGbCtD	dwpc	0.28768	0.60148	0.56374	0.03774	1.5418e-05	0.00040522
CtDdGcGaD	dwpc	0.52238	0.54326	0.52705	0.016211	2.6407e-05	0.00051436
CtDdGcGdD	dwpc	0.24954	0.51517	0.51673	-0.0015557	0.64433	0.69984
CtDdGcGuD	dwpc	0.24848	0.53426	0.52025	0.01401	0.0022206	0.0068064
CtDdGdAlD	dwpc	0.58066	0.47789	0.48032	-0.0024345	0.59575	0.65404
CtDdGdCpD	dwpc	0.10305	0.54404	0.52585	0.018187	0.00258	0.0076383
CtDdGdCtD	dwpc	0.39629	0.58333	0.54302	0.04031	0.00075983	0.0035911
CtDdGdD	dwpc	0.20053	0.56156	0.51979	0.041768	0.00013593	0.0013478
CtDdGdDrD	dwpc	0.42358	0.51536	0.47835	0.037008	0.01112	0.022972
CtDdGeAlD	dwpc	0.68397	0.48843	0.48379	0.0046405	0.21915	0.27045
CtDdGiGaD	dwpc	0.62358	0.52452	0.50923	0.01529	0.0088136	0.019078
CtDdGiGdD	dwpc	0.27126	0.514	0.51488	-0.00087899	0.6678	0.7184
CtDdGiGuD	dwpc	0.2755	0.51214	0.51983	-0.0076966	0.011143	0.022981
CtDdGr>GaD	dwpc	0.62013	0.52366	0.51017	0.013497	0.003919	0.010285
CtDdGr>GdD	dwpc	0.27364	0.50707	0.51249	-0.0054141	0.036412	0.058594
CtDdGr>GuD	dwpc	0.27947	0.51416	0.51869	-0.0045319	0.091257	0.12568
CtDdGuAlD	dwpc	0.57669	0.47804	0.4814	-0.0033574	0.54342	0.60418
CtDdGuCpD	dwpc	0.10649	0.53794	0.52508	0.012855	0.016794	0.031991
CtDdGuCtD	dwpc	0.38278	0.58833	0.53998	0.048357	0.00044129	0.0026073
CtDdGuD	dwpc	0.17616	0.52566	0.52062	0.0050341	0.11218	0.15043
CtDdGuDrD	dwpc	0.3947	0.51292	0.48474	0.02818	0.044251	0.068074
CtDlAdGaD	dwpc	0.85775	0.44509	0.48061	-0.035515	0.0032456	0.0089401
CtDlAdGdD	dwpc	0.3947	0.48737	0.48881	-0.0014439	0.63126	0.68869
CtDlAdGuD	dwpc	0.39947	0.48798	0.49802	-0.010041	0.030933	0.051765
CtDlAeGaD	dwpc	0.93086	0.49978	0.48011	0.019662	0.0038358	0.01022
CtDlAeGdD	dwpc	0.43815	0.48073	0.48328	-0.0025429	0.14525	0.18818
CtDlAeGuD	dwpc	0.4355	0.48485	0.49356	-0.0087144	0.0068087	0.015594
CtDlAlD	dwpc	0.76185	0.58945	0.46535	0.12411	1.0392e-06	7.0605e-05
CtDlAlDrD	dwpc	0.86967	0.52076	0.4211	0.099658	0.00013323	0.0013467
CtDlAuGaD	dwpc	0.85828	0.48456	0.48115	0.0034133	0.55548	0.61591
CtDlAuGdD	dwpc	0.39656	0.48908	0.48817	0.00090568	0.75536	0.79297
CtDlAuGuD	dwpc	0.39338	0.48883	0.49815	-0.0093226	0.036656	0.058668
CtDpCbGaD	dwpc	0.43258	0.54635	0.52767	0.018678	0.04407	0.068074
CtDpCbGdD	dwpc	0.11709	0.52358	0.51606	0.0075201	0.059524	0.086665
CtDpCbGuD	dwpc	0.090066	0.50799	0.51378	-0.0057854	0.17439	0.22147
CtDpCdGaD	dwpc	0.32768	0.56489	0.55277	0.012117	0.044679	0.068646
CtDpCdGdD	dwpc	0.12742	0.53456	0.52315	0.01141	0.021213	0.038152
CtDpCdGuD	dwpc	0.14437	0.53588	0.52423	0.011646	0.0027237	0.0078935
CtDpCpD	dwpc	0.071523	0.57471	0.52738	0.047334	7.9449e-05	0.0010121
CtDpCpDrD	dwpc	0.17325	0.58549	0.51439	0.071099	0.0015464	0.0054369
CtDpCrCpD	dwpc	0.073113	0.58264	0.53622	0.046422	0.00013627	0.0013478
CtDpCrCtD	dwpc	0.12874	0.56361	0.57069	-0.0070785	0.19084	0.23963
CtDpCtD	dwpc	0.069934	0.5473	0.54391	0.0033892	0.50792	0.57042
CtDpCtDrD	dwpc	0.12715	0.54739	0.51944	0.027951	0.0011985	0.0046829
CtDpCuGaD	dwpc	0.30305	0.56309	0.54521	0.017879	0.036704	0.058668
CtDpCuGdD	dwpc	0.12715	0.51772	0.52326	-0.0055317	0.008224	0.018155
CtDpCuGuD	dwpc	0.12848	0.51899	0.52624	-0.0072495	0.03174	0.052958
CtDpSpD	dwpc	0.7645	0.59911	0.46052	0.13858	8.2905e-07	5.9643e-05
CtDpSpDrD	dwpc	0.86384	0.52012	0.42123	0.098888	0.00014625	0.0013802
CtDrD	dwpc	0.14649	0.69057	0.51886	0.17171	1.6259e-06	9.0384e-05
CtDrDaGaD	dwpc	0.86596	0.5632	0.48017	0.083027	1.3272e-05	0.00038723
CtDrDaGdD	dwpc	0.33881	0.48936	0.49724	-0.0078811	0.0064049	0.014808
CtDrDaGuD	dwpc	0.33748	0.50359	0.50161	0.001982	0.065429	0.09392
CtDrDdGaD	dwpc	0.4543	0.59155	0.52555	0.065994	5.9263e-05	0.00085269
CtDrDdGdD	dwpc	0.23682	0.54501	0.51365	0.031359	0.00035658	0.0023201
CtDrDdGuD	dwpc	0.21854	0.54061	0.51915	0.021463	0.00022165	0.0017546
CtDrDlAlD	dwpc	0.86252	0.54768	0.45396	0.093723	1.6566e-05	0.00040522
CtDrDpCpD	dwpc	0.091126	0.58447	0.53493	0.049536	0.00016537	0.0014572
CtDrDpCtD	dwpc	0.12636	0.57419	0.56332	0.010869	0.038754	0.061315
CtDrDpSpD	dwpc	0.86861	0.54614	0.45129	0.094857	2.0287e-06	0.00010338
CtDrDrD	dwpc	0.29245	0.68569	0.49932	0.18637	7.9753e-07	5.9643e-05
CtDrDrDrD	dwpc	0.50887	0.61858	0.44238	0.1762	2.9894e-06	0.0001397
CtDrDtCpD	dwpc	0.062517	0.54652	0.51642	0.030101	0.0061633	0.014389
CtDrDtCtD	dwpc	0.35311	0.68499	0.53697	0.14802	2.2788e-07	3.4836e-05
CtDrDuGaD	dwpc	0.5396	0.57754	0.52266	0.054887	0.00024158	0.0018351
CtDrDuGdD	dwpc	0.22543	0.53715	0.51584	0.021309	1.3807e-05	0.00039269
CtDrDuGuD	dwpc	0.25113	0.5319	0.52095	0.010949	0.0026973	0.0078542
CtDtCbGaD	dwpc	0.71841	0.53979	0.48239	0.057402	0.00015765	0.0014496
CtDtCbGdD	dwpc	0.25377	0.5172	0.50224	0.014963	0.017713	0.033174
CtDtCbGuD	dwpc	0.25139	0.51344	0.49628	0.017157	8.4114e-05	0.0010497
CtDtCdGaD	dwpc	0.67205	0.5539	0.48312	0.070784	2.4431e-05	0.00048982
CtDtCdGdD	dwpc	0.29748	0.51949	0.48841	0.031078	0.00016404	0.0014572
CtDtCdGuD	dwpc	0.31762	0.5029	0.49196	0.010939	0.0032159	0.0088897
CtDtCpD	dwpc	0.052715	0.53486	0.51658	0.018275	0.0020295	0.0064569
CtDtCpDrD	dwpc	0.21404	0.54615	0.50156	0.04459	0.0075455	0.016963
CtDtCrCpD	dwpc	0.12371	0.54713	0.52719	0.019937	0.032229	0.053429
CtDtCrCtD	dwpc	0.36106	0.71266	0.5408	0.17186	2.5345e-06	0.00012399
CtDtCtD	dwpc	0.30146	0.74523	0.53607	0.20916	1.949e-06	0.00010338
CtDtCtDrD	dwpc	0.3947	0.65243	0.42515	0.22728	5.0569e-06	0.0001995
CtDtCuGaD	dwpc	0.68132	0.55121	0.48224	0.068963	9.0819e-05	0.001068
CtDtCuGdD	dwpc	0.29987	0.51632	0.48895	0.027372	0.00022008	0.0017546
CtDtCuGuD	dwpc	0.30252	0.5087	0.49431	0.014392	0.0039407	0.010302
CtDuG<rGaD	dwpc	0.66252	0.51391	0.50712	0.0067896	0.016963	0.032165
CtDuG<rGdD	dwpc	0.28159	0.50864	0.51075	-0.0021118	0.47139	0.53529
CtDuG<rGuD	dwpc	0.28477	0.50819	0.51734	-0.0091583	0.071041	0.10103
CtDuGaD	dwpc	0.40371	0.56821	0.54058	0.027629	0.0016174	0.0055563
CtDuGaDrD	dwpc	0.53377	0.50836	0.48537	0.022993	0.027217	0.046817
CtDuGbCpD	dwpc	0.085298	0.52104	0.53754	-0.016506	0.0039732	0.010317
CtDuGbCtD	dwpc	0.32318	0.58434	0.56378	0.020557	2.1835e-05	0.00046036
CtDuGcGaD	dwpc	0.5147	0.53386	0.52509	0.0087689	0.0076173	0.017094
CtDuGcGdD	dwpc	0.25219	0.52732	0.51506	0.012263	0.016934	0.032159
CtDuGcGuD	dwpc	0.25192	0.51353	0.51896	-0.0054245	0.034394	0.056161
CtDuGdAlD	dwpc	0.63868	0.45587	0.47469	-0.018821	0.010465	0.021894
CtDuGdCpD	dwpc	0.12477	0.52576	0.53301	-0.0072527	0.12888	0.16977
CtDuGdCtD	dwpc	0.45642	0.55843	0.53799	0.020447	0.0029885	0.0084265
CtDuGdD	dwpc	0.18146	0.52488	0.51788	0.0070021	0.053308	0.078739
CtDuGdDrD	dwpc	0.43311	0.49525	0.48433	0.010919	0.27921	0.33609
CtDuGeAlD	dwpc	0.75073	0.47143	0.47674	-0.0053101	0.20215	0.25202
CtDuGiGaD	dwpc	0.6657	0.51513	0.50573	0.0094083	0.027172	0.046804
CtDuGiGdD	dwpc	0.29669	0.50956	0.51134	-0.0017799	0.35795	0.41973
CtDuGiGuD	dwpc	0.29007	0.50611	0.52123	-0.015119	0.0072332	0.016382
CtDuGr>GaD	dwpc	0.64689	0.51263	0.50672	0.0059116	0.08525	0.11781
CtDuGr>GdD	dwpc	0.28106	0.50875	0.51204	-0.003294	0.19495	0.24454
CtDuGr>GuD	dwpc	0.28848	0.51119	0.51666	-0.0054651	0.14501	0.18806
CtDuGuAlD	dwpc	0.62199	0.46005	0.47425	-0.014197	0.052373	0.077853
CtDuGuCpD	dwpc	0.10278	0.52698	0.52355	0.0034344	0.39617	0.4575
CtDuGuCtD	dwpc	0.42225	0.5642	0.54222	0.021983	0.0032622	0.0089491
CtDuGuD	dwpc	0.19735	0.53313	0.52256	0.010569	0.041954	0.06553
CtDuGuDrD	dwpc	0.43205	0.50886	0.47882	0.030036	0.03992	0.062916
CuG<rG<rGaD	dwpc	0.66384	0.62385	0.61446	0.0093873	0.0024805	0.0074353
CuG<rG<rGdD	dwpc	0.30384	0.59132	0.572	0.01932	0.0004668	0.0026929
CuG<rG<rGuD	dwpc	0.31311	0.59431	0.58059	0.01372	0.045607	0.069896
CuG<rGaD	dwpc	0.62702	0.62923	0.61291	0.016314	0.00046045	0.0026766
CuG<rGaDrD	dwpc	0.63841	0.58206	0.57487	0.0071853	0.34249	0.40409
CuG<rGbCpD	dwpc	0.25775	0.59664	0.58457	0.012071	0.021024	0.037867
CuG<rGbCtD	dwpc	0.57881	0.61774	0.62483	-0.0070977	0.011946	0.024149
CuG<rGcGaD	dwpc	0.64901	0.62017	0.61477	0.0054079	0.036148	0.058284
CuG<rGcGdD	dwpc	0.30146	0.58684	0.57137	0.015476	0.0037043	0.0099568
CuG<rGcGuD	dwpc	0.31073	0.59117	0.58095	0.01022	0.0033734	0.0091581
CuG<rGdAlD	dwpc	0.56715	0.5796	0.58155	-0.0019437	0.70092	0.74721
CuG<rGdCpD	dwpc	0.25828	0.58319	0.57206	0.011126	0.15551	0.19978
CuG<rGdCtD	dwpc	0.62384	0.62133	0.62544	-0.0041151	0.29497	0.35367
CuG<rGdD	dwpc	0.28715	0.58065	0.56554	0.015115	0.0037264	0.0099943
CuG<rGdDrD	dwpc	0.48609	0.55354	0.54228	0.011256	0.39653	0.4575
CuG<rGeAlD	dwpc	0.65722	0.59797	0.59078	0.0071903	0.03541	0.057484
CuG<rGiGaD	dwpc	0.66517	0.6236	0.61401	0.0095958	0.0015383	0.0054369
CuG<rGiGdD	dwpc	0.32238	0.59046	0.57312	0.017341	0.0010176	0.004282
CuG<rGiGuD	dwpc	0.32742	0.60038	0.58625	0.014124	1.1107e-05	0.00034831
CuG<rGr>GaD	dwpc	0.66411	0.62138	0.61538	0.0059953	0.0029698	0.0084265
CuG<rGr>GdD	dwpc	0.31179	0.58634	0.57303	0.013313	0.00029486	0.0020725
CuG<rGr>GuD	dwpc	0.32159	0.59959	0.58753	0.012058	0.0010612	0.0043844
CuG<rGuAlD	dwpc	0.56715	0.58062	0.58233	-0.0017118	0.76242	0.79764
CuG<rGuCpD	dwpc	0.2445	0.59289	0.56305	0.029834	0.026455	0.045827
CuG<rGuCtD	dwpc	0.61139	0.62037	0.62708	-0.0067079	0.18776	0.236
CuG<rGuD	dwpc	0.2853	0.58399	0.57303	0.010962	0.07035	0.10028
CuG<rGuDrD	dwpc	0.48848	0.55617	0.54296	0.013205	0.34587	0.40751
CuGaD	dwpc	0.20768	0.60034	0.57147	0.028871	0.0017961	0.005921
CuGaDaGaD	dwpc	0.59126	0.61135	0.60389	0.0074593	0.0047412	0.011786
CuGaDaGdD	dwpc	0.26861	0.58361	0.56622	0.017395	0.001538	0.0054369
CuGaDaGuD	dwpc	0.26808	0.58543	0.57127	0.014162	0.0025352	0.0075624
CuGaDdGaD	dwpc	0.52636	0.61216	0.60525	0.0069111	0.025904	0.045194
CuGaDdGdD	dwpc	0.25007	0.57993	0.5668	0.013133	0.011996	0.02421
CuGaDdGuD	dwpc	0.23894	0.57459	0.57117	0.0034202	0.46579	0.52943
CuGaDlAlD	dwpc	0.57219	0.59167	0.58509	0.0065717	0.030631	0.051459
CuGaDpCpD	dwpc	0.16636	0.56795	0.56614	0.0018059	0.61651	0.6732
CuGaDpCtD	dwpc	0.19232	0.56623	0.59885	-0.032616	0.00041105	0.0025136
CuGaDpSpD	dwpc	0.56768	0.59167	0.58479	0.006875	0.018363	0.033909
CuGaDrD	dwpc	0.33987	0.57293	0.55274	0.020185	0.0079698	0.017658
CuGaDrDrD	dwpc	0.4498	0.57851	0.56966	0.008844	0.047972	0.072522
CuGaDtCpD	dwpc	0.11444	0.55181	0.54512	0.0066884	0.22708	0.27912
CuGaDtCtD	dwpc	0.42013	0.61478	0.61309	0.0016942	0.53557	0.59655
CuGaDuGaD	dwpc	0.53801	0.61651	0.60365	0.012863	0.00068144	0.0033411
CuGaDuGdD	dwpc	0.24371	0.57318	0.56324	0.0099374	0.027804	0.047359
CuGaDuGuD	dwpc	0.25007	0.58097	0.57501	0.0059598	0.1092	0.14682
CuGbCbGaD	dwpc	0.35205	0.58709	0.58633	0.00076424	0.82305	0.84945
CuGbCbGdD	dwpc	0.13563	0.55767	0.54185	0.015825	0.031832	0.052969
CuGbCbGuD	dwpc	0.13775	0.55574	0.54181	0.013938	0.0023904	0.0072364
CuGbCdGaD	dwpc	0.28742	0.57665	0.58343	-0.0067733	0.20829	0.25889
CuGbCdGdD	dwpc	0.13166	0.55206	0.54308	0.0089818	0.00027815	0.0020011
CuGbCdGuD	dwpc	0.14172	0.56234	0.54885	0.013493	0.0096684	0.0206
CuGbCpD	dwpc	0.038146	0.5315	0.52592	0.0055847	0.011655	0.023675
CuGbCpDrD	dwpc	0.096954	0.5367	0.53215	0.0045492	0.36264	0.42293
CuGbCrCpD	dwpc	0.063311	0.54818	0.54397	0.0042115	0.46178	0.52584
CuGbCrCtD	dwpc	0.14702	0.58538	0.5804	0.0049856	0.39592	0.4575
CuGbCtD	dwpc	0.13139	0.5837	0.56751	0.01619	0.0013787	0.0050942
CuGbCtDrD	dwpc	0.2053	0.56009	0.54285	0.017234	0.0073864	0.016667
CuGbCuGaD	dwpc	0.30728	0.57558	0.58277	-0.0071872	0.15737	0.20153
CuGbCuGdD	dwpc	0.13722	0.55583	0.54773	0.0080935	0.03361	0.055248
CuGbCuGuD	dwpc	0.13351	0.55149	0.54957	0.0019228	0.42106	0.48307
CuGcG<rGaD	dwpc	0.47894	0.61615	0.60146	0.014692	0.00010106	0.0011411
CuGcG<rGdD	dwpc	0.22013	0.57719	0.5629	0.014296	0.0011529	0.004578
CuGcG<rGuD	dwpc	0.2204	0.57281	0.5649	0.0079113	0.11501	0.15339
CuGcGaD	dwpc	0.23258	0.59565	0.58516	0.010493	0.0041922	0.010682
CuGcGaDrD	dwpc	0.36636	0.58424	0.55334	0.030899	0.0092271	0.019798
CuGcGbCpD	dwpc	0.080265	0.52845	0.53995	-0.011493	0.01594	0.030461
CuGcGbCtD	dwpc	0.20344	0.5818	0.58031	0.0014926	0.56208	0.6221
CuGcGcGaD	dwpc	0.52848	0.61092	0.60893	0.0019873	0.43988	0.50278
CuGcGcGdD	dwpc	0.25192	0.5778	0.56718	0.010621	0.0044553	0.011234
CuGcGcGuD	dwpc	0.25377	0.57707	0.5767	0.00037593	0.88594	0.90067
CuGcGdAlD	dwpc	0.51656	0.57974	0.57945	0.00028829	0.95197	0.95824
CuGcGdCpD	dwpc	0.06596	0.52478	0.5342	-0.0094277	0.042864	0.066615
CuGcGdCtD	dwpc	0.28238	0.6101	0.60194	0.0081562	0.038104	0.060679
CuGcGdD	dwpc	0.12662	0.55883	0.53849	0.02034	0.00013041	0.0013403
CuGcGdDrD	dwpc	0.28318	0.56419	0.54272	0.02147	0.046627	0.070805
CuGcGeAlD	dwpc	0.62808	0.59671	0.58833	0.0083877	0.019274	0.035026
CuGcGiGaD	dwpc	0.53695	0.62136	0.60743	0.013923	0.00012531	0.0013099
CuGcGiGdD	dwpc	0.23894	0.57816	0.56419	0.013974	0.0030389	0.0084854
CuGcGiGuD	dwpc	0.23947	0.57838	0.57039	0.0079966	0.019152	0.034855
CuGcGr>GaD	dwpc	0.49934	0.61633	0.60421	0.012124	0.0098858	0.02099
CuGcGr>GdD	dwpc	0.23152	0.56733	0.56437	0.0029579	0.31562	0.37696
CuGcGr>GuD	dwpc	0.23735	0.57206	0.56588	0.0061786	0.11269	0.15078
CuGcGuAlD	dwpc	0.50781	0.57773	0.58113	-0.0033982	0.49993	0.56347
CuGcGuCpD	dwpc	0.058543	0.52894	0.52749	0.0014559	0.71617	0.7593
CuGcGuCtD	dwpc	0.28477	0.61552	0.60802	0.0074954	0.17948	0.227
CuGcGuD	dwpc	0.12185	0.55417	0.54512	0.0090585	0.037377	0.059599
CuGcGuDrD	dwpc	0.27073	0.55755	0.54059	0.016961	0.052488	0.077903
CuGdAdGaD	dwpc	0.65828	0.61843	0.61369	0.0047487	0.03838	0.060801
CuGdAdGdD	dwpc	0.3245	0.59191	0.57469	0.017222	0.0014549	0.0052174
CuGdAdGuD	dwpc	0.3298	0.60187	0.59061	0.011258	0.0039184	0.010285
CuGdAeGaD	dwpc	0.65828	0.61898	0.61331	0.005668	0.026002	0.0453
CuGdAeGdD	dwpc	0.32609	0.59243	0.57474	0.017689	0.0012247	0.0047548
CuGdAeGuD	dwpc	0.33007	0.60161	0.59081	0.010801	0.0052741	0.012794
CuGdAlD	dwpc	0.49192	0.58046	0.58133	-0.00086992	0.83925	0.86252
CuGdAlDrD	dwpc	0.60238	0.57252	0.57232	0.0002001	0.91738	0.92723
CuGdAuGaD	dwpc	0.65828	0.61865	0.61356	0.0050916	0.032241	0.053429
CuGdAuGdD	dwpc	0.32609	0.59246	0.57467	0.017782	0.0013574	0.0050615
CuGdAuGuD	dwpc	0.32874	0.60203	0.59083	0.011197	0.0045378	0.011372
CuGdCbGaD	dwpc	0.48768	0.59984	0.60787	-0.0080252	0.060104	0.087094
CuGdCbGdD	dwpc	0.19576	0.56244	0.55808	0.0043594	0.36515	0.42491
CuGdCbGuD	dwpc	0.19391	0.56203	0.55867	0.0033659	0.34263	0.40409
CuGdCdGaD	dwpc	0.55391	0.6095	0.61048	-0.00097843	0.66395	0.71659
CuGdCdGdD	dwpc	0.25907	0.57729	0.56898	0.0083099	0.035138	0.057223
CuGdCdGuD	dwpc	0.27417	0.58448	0.57864	0.0058322	0.20081	0.25067
CuGdCpD	dwpc	0.067815	0.54259	0.52718	0.015408	0.011756	0.023803
CuGdCpDrD	dwpc	0.17987	0.55162	0.54111	0.010515	0.22378	0.27534
CuGdCrCpD	dwpc	0.13272	0.5766	0.56471	0.011888	0.064834	0.093175
CuGdCrCtD	dwpc	0.31576	0.61342	0.61838	-0.0049593	0.071592	0.10167
CuGdCtD	dwpc	0.28397	0.59968	0.61558	-0.015902	0.0011514	0.004578
CuGdCtDrD	dwpc	0.41086	0.56845	0.56094	0.0075082	0.10863	0.14631
CuGdCuGaD	dwpc	0.57351	0.61582	0.60964	0.0061868	0.060047	0.087094
CuGdCuGdD	dwpc	0.26755	0.57592	0.56928	0.0066384	0.027581	0.047167
CuGdCuGuD	dwpc	0.26464	0.5782	0.57815	5.8406e-05	0.97912	0.98153
CuGdD	dwpc	0.086623	0.54056	0.52914	0.011426	0.0022756	0.0069403
CuGdDaGaD	dwpc	0.53695	0.61591	0.60073	0.015173	0.0002238	0.0017546
CuGdDaGdD	dwpc	0.22728	0.5737	0.56064	0.013065	0.0039434	0.010302
CuGdDaGuD	dwpc	0.22993	0.57621	0.56383	0.012377	0.0022461	0.0068675
CuGdDdGaD	dwpc	0.51709	0.61532	0.60502	0.010298	0.0024682	0.0074167
CuGdDdGdD	dwpc	0.2445	0.5775	0.56695	0.010548	0.0049908	0.012232
CuGdDdGuD	dwpc	0.23815	0.5734	0.56917	0.0042298	0.2049	0.25492
CuGdDlAlD	dwpc	0.51868	0.59923	0.58496	0.014273	9.4669e-05	0.0011027
CuGdDpCpD	dwpc	0.12106	0.5609	0.54774	0.013153	0.0095061	0.020349
CuGdDpCtD	dwpc	0.14358	0.55494	0.58505	-0.030106	0.0038576	0.010233
CuGdDpSpD	dwpc	0.51179	0.59582	0.58313	0.012685	0.0017945	0.005921
CuGdDrD	dwpc	0.21775	0.56539	0.53978	0.025612	0.024434	0.043121
CuGdDrDrD	dwpc	0.37934	0.58585	0.56401	0.021838	0.0024086	0.0072734
CuGdDtCpD	dwpc	0.058808	0.53742	0.53446	0.0029606	0.50091	0.56347
CuGdDtCtD	dwpc	0.31523	0.61321	0.60876	0.0044492	0.088609	0.12217
CuGdDuGaD	dwpc	0.52238	0.61695	0.60439	0.012555	0.0010686	0.0044002
CuGdDuGdD	dwpc	0.24026	0.58199	0.56371	0.018272	0.0010224	0.004282
CuGdDuGuD	dwpc	0.2453	0.58424	0.57666	0.0075741	0.050831	0.075998
CuGeAdGaD	dwpc	0.66517	0.6206	0.61479	0.0058036	0.0084403	0.018417
CuGeAdGdD	dwpc	0.32901	0.59316	0.57508	0.018075	0.00060646	0.0030649
CuGeAdGuD	dwpc	0.33298	0.60369	0.59125	0.012439	0.0015109	0.0053717
CuGeAeGaD	dwpc	0.66517	0.62039	0.61442	0.0059712	0.011512	0.023465
CuGeAeGdD	dwpc	0.32901	0.59326	0.57504	0.018228	0.00058091	0.0029977
CuGeAeGuD	dwpc	0.33298	0.60315	0.59143	0.011721	0.0017464	0.0058196
CuGeAlD	dwpc	0.64477	0.59545	0.58997	0.005472	0.080076	0.11129
CuGeAlDrD	dwpc	0.64053	0.58259	0.57484	0.0077503	0.012743	0.025466
CuGeAuGaD	dwpc	0.66517	0.61969	0.61473	0.0049626	0.013213	0.026319
CuGeAuGdD	dwpc	0.32901	0.59357	0.57487	0.018695	0.00059001	0.0030066
CuGeAuGuD	dwpc	0.33298	0.60333	0.59139	0.011933	0.001683	0.0057018
CuGiG<rGaD	dwpc	0.61801	0.61662	0.61102	0.0056044	0.052581	0.077947
CuGiG<rGdD	dwpc	0.27709	0.57909	0.57121	0.0078848	0.010518	0.021913
CuGiG<rGuD	dwpc	0.28424	0.58259	0.57789	0.0047024	0.35933	0.42046
CuGiGaD	dwpc	0.48397	0.61765	0.60823	0.0094162	0.01126	0.023145
CuGiGaDrD	dwpc	0.55974	0.58542	0.5724	0.013021	0.068083	0.0975
CuGiGbCpD	dwpc	0.15285	0.56838	0.56359	0.0047903	0.3497	0.41123
CuGiGbCtD	dwpc	0.35311	0.6034	0.61345	-0.010048	0.056046	0.082258
CuGiGcGaD	dwpc	0.49166	0.61609	0.61368	0.0024107	0.23767	0.29125
CuGiGcGdD	dwpc	0.24238	0.57499	0.5676	0.0073872	0.077224	0.10806
CuGiGcGuD	dwpc	0.24954	0.57813	0.57035	0.0077807	0.062287	0.089938
CuGiGdAlD	dwpc	0.55338	0.57625	0.58129	-0.0050332	0.44798	0.51108
CuGiGdCpD	dwpc	0.14967	0.5525	0.55646	-0.0039646	0.45238	0.51562
CuGiGdCtD	dwpc	0.46967	0.61063	0.62374	-0.013114	0.028046	0.047705
CuGiGdD	dwpc	0.20265	0.56853	0.5583	0.010229	0.048356	0.072922
CuGiGdDrD	dwpc	0.38993	0.56062	0.54069	0.01993	0.14877	0.19212
CuGiGeAlD	dwpc	0.65007	0.59358	0.58962	0.0039564	0.17859	0.22619
CuGiGiGaD	dwpc	0.65483	0.61575	0.61172	0.0040311	0.21106	0.26179
CuGiGiGdD	dwpc	0.32079	0.58828	0.5735	0.014774	0.0021172	0.0066371
CuGiGiGuD	dwpc	0.31974	0.59789	0.58753	0.010359	1.6762e-05	0.00040522
CuGiGr>GaD	dwpc	0.62225	0.61325	0.61103	0.0022292	0.35913	0.42046
CuGiGr>GdD	dwpc	0.28742	0.57964	0.5708	0.0088364	0.015697	0.030136
CuGiGr>GuD	dwpc	0.29748	0.58424	0.58064	0.003599	0.32085	0.38172
CuGiGuAlD	dwpc	0.55338	0.57499	0.58115	-0.0061557	0.36336	0.42322
CuGiGuCpD	dwpc	0.14649	0.56111	0.54431	0.016805	0.0057997	0.013746
CuGiGuCtD	dwpc	0.46623	0.60779	0.62444	-0.016651	0.0042034	0.010688
CuGiGuD	dwpc	0.21245	0.56698	0.55958	0.0074061	0.093248	0.12799
CuGiGuDrD	dwpc	0.40662	0.55775	0.54377	0.01398	0.31263	0.37411
CuGpBPpGaD	dwpc	0.65987	0.61541	0.61137	0.0040401	0.069804	0.099732
CuGpBPpGdD	dwpc	0.31603	0.59099	0.57456	0.016428	0.0008488	0.0038447
CuGpBPpGuD	dwpc	0.31523	0.59449	0.58721	0.0072815	0.02569	0.044994
CuGpCCpGaD	dwpc	0.62649	0.61359	0.6098	0.0037912	0.10925	0.14682
CuGpCCpGdD	dwpc	0.29695	0.58843	0.57196	0.016472	0.0003176	0.0021494
CuGpCCpGuD	dwpc	0.28583	0.58294	0.58081	0.0021318	0.22117	0.27268
CuGpMFpGaD	dwpc	0.64159	0.61658	0.61051	0.0060718	0.027109	0.046762
CuGpMFpGdD	dwpc	0.30596	0.58586	0.57274	0.013113	0.0013645	0.0050692
CuGpMFpGuD	dwpc	0.30384	0.59085	0.58343	0.007419	0.017255	0.032566
CuGpPWpGaD	dwpc	0.61589	0.61739	0.61022	0.0071674	0.046163	0.070483
CuGpPWpGdD	dwpc	0.28848	0.58896	0.57179	0.01717	0.00093922	0.004082
CuGpPWpGuD	dwpc	0.28583	0.58863	0.58357	0.0050656	0.017091	0.032306
CuGr>G<rGaD	dwpc	0.65483	0.61952	0.61175	0.007766	0.011494	0.023465
CuGr>G<rGdD	dwpc	0.2996	0.59152	0.57134	0.020181	0.00057672	0.0029887
CuGr>G<rGuD	dwpc	0.30887	0.59449	0.58071	0.013774	0.047827	0.072391
CuGr>GaD	dwpc	0.52927	0.61595	0.61398	0.0019685	0.39072	0.45251
CuGr>GaDrD	dwpc	0.60053	0.58256	0.57441	0.0081527	0.24516	0.29871
CuGr>GbCpD	dwpc	0.16132	0.57039	0.5715	-0.0011079	0.80783	0.83727
CuGr>GbCtD	dwpc	0.45298	0.63386	0.62406	0.0097992	0.0021568	0.0067119
CuGr>GcGaD	dwpc	0.5902	0.61193	0.6127	-0.00077649	0.65763	0.71238
CuGr>GcGdD	dwpc	0.28026	0.58167	0.56987	0.011805	0.0029013	0.0083234
CuGr>GcGuD	dwpc	0.28371	0.57967	0.57898	0.00069184	0.8149	0.84388
CuGr>GdAlD	dwpc	0.55974	0.57672	0.58129	-0.0045632	0.3975	0.45819
CuGr>GdCpD	dwpc	0.26093	0.58218	0.57079	0.011389	0.16594	0.21097
CuGr>GdCtD	dwpc	0.62199	0.61701	0.62173	-0.0047225	0.14039	0.18304
CuGr>GdD	dwpc	0.24318	0.56653	0.56192	0.0046138	0.04012	0.063149
CuGr>GdDrD	dwpc	0.45589	0.55118	0.54249	0.0086899	0.47449	0.53781
CuGr>GeAlD	dwpc	0.64874	0.59573	0.58953	0.0061994	0.044115	0.068074
CuGr>GiGaD	dwpc	0.65033	0.61733	0.60941	0.0079174	0.014608	0.02863
CuGr>GiGdD	dwpc	0.30914	0.58866	0.57207	0.016587	0.0010196	0.004282
CuGr>GiGuD	dwpc	0.30887	0.59358	0.58265	0.010935	0.0012728	0.0048798
CuGr>Gr>GaD	dwpc	0.6445	0.61711	0.61215	0.0049679	0.062213	0.089937
CuGr>Gr>GdD	dwpc	0.30119	0.58643	0.57166	0.014777	0.0011492	0.004578
CuGr>Gr>GuD	dwpc	0.30967	0.59254	0.58399	0.0085461	0.01826	0.033854
CuGr>GuAlD	dwpc	0.55947	0.57892	0.58119	-0.0022682	0.69701	0.74449
CuGr>GuCpD	dwpc	0.24477	0.58528	0.56407	0.021215	0.074153	0.10458
CuGr>GuCtD	dwpc	0.59497	0.62374	0.62319	0.00055138	0.86851	0.8859
CuGr>GuD	dwpc	0.25536	0.57674	0.56808	0.0086597	0.026287	0.045708
CuGr>GuDrD	dwpc	0.45483	0.55762	0.54398	0.013645	0.27163	0.32859
CuGuAdGaD	dwpc	0.6604	0.61945	0.61394	0.0055078	0.025352	0.044549
CuGuAdGdD	dwpc	0.32636	0.59293	0.57492	0.018014	0.00086595	0.0038793
CuGuAdGuD	dwpc	0.3306	0.6029	0.59076	0.012138	0.0025919	0.0076383
CuGuAeGaD	dwpc	0.6604	0.61918	0.61382	0.0053593	0.033101	0.054633
CuGuAeGdD	dwpc	0.32689	0.5933	0.57472	0.018582	0.00074186	0.0035725
CuGuAeGuD	dwpc	0.33086	0.60252	0.59095	0.011565	0.0026372	0.007753
CuGuAlD	dwpc	0.48583	0.58178	0.5815	0.00027796	0.96538	0.96854
CuGuAlDrD	dwpc	0.5955	0.57262	0.57353	-0.00091433	0.58161	0.64198
CuGuAuGaD	dwpc	0.6604	0.61983	0.61394	0.0058936	0.018252	0.033854
CuGuAuGdD	dwpc	0.32609	0.59363	0.57494	0.018685	0.00087401	0.003887
CuGuAuGuD	dwpc	0.3298	0.6031	0.59091	0.012194	0.0023072	0.0070193
CuGuCbGaD	dwpc	0.6355	0.62655	0.61256	0.013988	0.002985	0.0084265
CuGuCbGdD	dwpc	0.26305	0.55954	0.56666	-0.0071177	0.1179	0.15707
CuGuCbGuD	dwpc	0.26464	0.57303	0.56419	0.0088402	0.053171	0.078631
CuGuCdGaD	dwpc	0.6355	0.62413	0.6162	0.0079311	0.015225	0.029544
CuGuCdGdD	dwpc	0.28954	0.58084	0.57071	0.010124	0.011673	0.023675
CuGuCdGuD	dwpc	0.3102	0.59699	0.58111	0.015874	0.0096572	0.0206
CuGuCpD	dwpc	0.13854	0.56392	0.54332	0.020593	0.0058784	0.013879
CuGuCpDrD	dwpc	0.3404	0.55768	0.54618	0.011493	0.36009	0.42062
CuGuCrCpD	dwpc	0.23338	0.58787	0.57816	0.0097099	0.092737	0.12743
CuGuCrCtD	dwpc	0.48954	0.67839	0.62778	0.050606	0.0001612	0.0014572
CuGuCtD	dwpc	0.44609	0.67182	0.62768	0.044138	0.00030686	0.0021203
CuGuCtDrD	dwpc	0.56424	0.60817	0.56213	0.046049	0.00039157	0.0024309
CuGuCuGaD	dwpc	0.65033	0.63046	0.61564	0.014818	0.00029036	0.0020527
CuGuCuGdD	dwpc	0.30728	0.58753	0.57088	0.016653	0.00020108	0.0016844
CuGuCuGuD	dwpc	0.29695	0.58883	0.58271	0.0061278	0.014317	0.028224
CuGuD	dwpc	0.083709	0.54931	0.52862	0.020695	0.0007658	0.0035911
CuGuDaGaD	dwpc	0.56821	0.60579	0.60155	0.0042455	0.13165	0.17295
CuGuDaGdD	dwpc	0.2302	0.56631	0.55978	0.0065268	0.10671	0.14404
CuGuDaGuD	dwpc	0.24159	0.57342	0.56525	0.0081637	0.059118	0.08629
CuGuDdGaD	dwpc	0.54331	0.61143	0.60505	0.0063764	0.010473	0.021894
CuGuDdGdD	dwpc	0.26013	0.57531	0.56618	0.0091299	0.014777	0.028823
CuGuDdGuD	dwpc	0.25033	0.57109	0.56898	0.0021094	0.63927	0.69681
CuGuDlAlD	dwpc	0.54225	0.59115	0.58492	0.0062213	0.054343	0.080171
CuGuDpCpD	dwpc	0.11205	0.54845	0.55166	-0.0032168	0.35961	0.42046
CuGuDpCtD	dwpc	0.1396	0.5541	0.58585	-0.031753	0.00024753	0.0018459
CuGuDpSpD	dwpc	0.54649	0.58569	0.58234	0.0033578	0.21407	0.26499
CuGuDrD	dwpc	0.21563	0.54405	0.53613	0.0079209	0.34113	0.4031
CuGuDrDrD	dwpc	0.38119	0.56651	0.56465	0.0018634	0.72755	0.76972
CuGuDtCpD	dwpc	0.061987	0.53459	0.53325	0.0013362	0.73663	0.77798
CuGuDtCtD	dwpc	0.31364	0.60294	0.60852	-0.0055813	0.15246	0.19628
CuGuDuGaD	dwpc	0.56079	0.61489	0.60571	0.0091826	0.0179	0.033423
CuGuDuGdD	dwpc	0.25298	0.57582	0.56333	0.012495	0.010924	0.022605
CuGuDuGuD	dwpc	0.25748	0.57805	0.57503	0.0030167	0.19559	0.24484
